Gender,Age,Heigh (M)t,Weight (KG),BMI,Family History,High Calorie Food,Vegetable Consumption,Number of Main Meals,Food Between Meals,SMOKE,Water Intake,Calorie Monitoring,Physical Activity,Technology Use,Alcohol Consumption,Transportation,Obesity Level,Normalized_Weight
Female,0.14893617021276595,0.3207547169811322,0.18656716417910446,0.3015873015873015,yes,no,2.0,3.0,Sometimes,no,2.0,no,0.0,1.0,no,Public_Transportation,Normal_Weight,0.1865671641791045
Female,0.14893617021276595,0.1320754716981134,0.12686567164179102,0.2962962962962963,yes,no,3.0,3.0,Sometimes,yes,3.0,yes,3.0,0.0,Sometimes,Public_Transportation,Normal_Weight,0.12686567164179105
Male,0.19148936170212766,0.6603773584905661,0.2835820895522388,0.2857142857142857,yes,no,2.0,3.0,Sometimes,no,2.0,no,2.0,1.0,Frequently,Public_Transportation,Normal_Weight,0.2835820895522388
Male,0.276595744680851,0.6603773584905661,0.3582089552238806,0.3677248677248677,no,no,3.0,3.0,Sometimes,no,2.0,no,2.0,0.0,Frequently,Walking,Overweight_Level_I,0.3582089552238806
Male,0.17021276595744683,0.6226415094339623,0.37910447761194027,0.40476190476190477,no,no,2.0,1.0,Sometimes,no,2.0,no,0.0,0.0,Sometimes,Public_Transportation,Overweight_Level_II,0.37910447761194027
Male,0.3191489361702128,0.3207547169811322,0.10447761194029848,0.19047619047619047,no,yes,2.0,3.0,Sometimes,no,2.0,no,0.0,0.0,Sometimes,Automobile,Normal_Weight,0.1044776119402985
Female,0.19148936170212766,0.09433962264150964,0.11940298507462688,0.3015873015873015,yes,yes,3.0,3.0,Sometimes,no,2.0,no,1.0,0.0,Sometimes,Motorbike,Normal_Weight,0.11940298507462686
Male,0.17021276595744683,0.35849056603773555,0.10447761194029848,0.1772486772486772,no,no,2.0,3.0,Sometimes,no,2.0,no,3.0,0.0,Sometimes,Public_Transportation,Normal_Weight,0.1044776119402985
Male,0.21276595744680848,0.6226415094339623,0.18656716417910446,0.19047619047619047,yes,yes,3.0,3.0,Sometimes,no,2.0,no,1.0,1.0,Frequently,Public_Transportation,Normal_Weight,0.1865671641791045
Male,0.17021276595744683,0.509433962264151,0.2164179104477612,0.26455026455026454,yes,yes,2.0,3.0,Sometimes,no,2.0,no,1.0,1.0,no,Public_Transportation,Normal_Weight,0.21641791044776118
Male,0.25531914893617025,0.7547169811320757,0.49253731343283574,0.46825396825396826,yes,yes,3.0,3.0,Frequently,no,3.0,no,2.0,2.0,Sometimes,Public_Transportation,Obesity_Type_I,0.4925373134328358
Female,0.14893617021276595,0.509433962264151,0.3059701492537313,0.37037037037037035,yes,yes,2.0,3.0,Frequently,no,2.0,yes,2.0,1.0,Sometimes,Public_Transportation,Overweight_Level_II,0.30597014925373134
Male,0.17021276595744683,0.37735849056603765,0.12686567164179102,0.20105820105820105,no,no,3.0,3.0,Sometimes,no,3.0,no,2.0,0.0,Sometimes,Public_Transportation,Normal_Weight,0.12686567164179105
Male,0.5744680851063829,0.6603773584905661,0.44776119402985076,0.4656084656084657,no,yes,2.0,3.0,Sometimes,no,2.0,no,2.0,1.0,Frequently,Automobile,Obesity_Type_I,0.44776119402985076
Male,0.19148936170212766,0.6037735849056602,0.15671641791044777,0.16402116402116396,yes,yes,3.0,1.0,Sometimes,no,1.0,no,1.0,1.0,Sometimes,Public_Transportation,Normal_Weight,0.15671641791044777
Female,0.17021276595744683,0.4716981132075473,0.2014925373134328,0.2592592592592593,yes,no,3.0,3.0,Always,no,2.0,yes,2.0,1.0,Sometimes,Public_Transportation,Normal_Weight,0.20149253731343283
Male,0.276595744680851,0.9056603773584904,0.47014925373134325,0.38095238095238093,yes,yes,2.0,1.0,Sometimes,no,1.0,no,1.0,0.0,Sometimes,Public_Transportation,Overweight_Level_II,0.4701492537313433
Female,0.3191489361702128,0.15094339622641506,0.291044776119403,0.537037037037037,no,yes,2.0,1.0,Sometimes,no,2.0,no,0.0,0.0,no,Automobile,Obesity_Type_I,0.291044776119403
Female,0.34042553191489366,0.49056603773584895,0.3208955223880597,0.39682539682539686,yes,yes,3.0,4.0,Frequently,yes,1.0,no,0.0,0.0,no,Automobile,Overweight_Level_II,0.3208955223880597
Female,0.19148936170212766,0.37735849056603765,0.2313432835820895,0.33597883597883593,yes,no,2.0,1.0,Sometimes,no,2.0,no,0.0,0.0,Sometimes,Public_Transportation,Overweight_Level_I,0.23134328358208955
Male,0.17021276595744683,0.37735849056603765,0.3059701492537313,0.43386243386243384,yes,no,2.0,3.0,Sometimes,no,2.0,no,3.0,2.0,no,Walking,Overweight_Level_II,0.30597014925373134
Female,0.8085106382978724,0.4528301886792452,0.3582089552238806,0.462962962962963,yes,yes,3.0,1.0,Sometimes,yes,2.0,no,0.0,0.0,no,Automobile,Obesity_Type_I,0.3582089552238806
Female,0.17021276595744683,0.37735849056603765,0.15671641791044777,0.23809523809523814,yes,yes,3.0,3.0,Sometimes,no,2.0,no,1.0,0.0,Sometimes,Automobile,Normal_Weight,0.15671641791044777
Female,0.17021276595744683,0.28301886792452846,0.3208955223880597,0.5026455026455027,yes,yes,1.0,1.0,Sometimes,no,2.0,no,0.0,2.0,Sometimes,Public_Transportation,Obesity_Type_I,0.3208955223880597
Male,0.14893617021276595,0.7547169811320757,0.2164179104477612,0.18253968253968256,yes,yes,2.0,3.0,Sometimes,no,2.0,no,0.0,1.0,Sometimes,Public_Transportation,Normal_Weight,0.21641791044776118
Male,0.12765957446808512,0.28301886792452846,0.08208955223880593,0.17195767195767198,yes,no,2.0,4.0,Frequently,yes,2.0,no,3.0,2.0,no,Public_Transportation,Normal_Weight,0.08208955223880597
Male,0.14893617021276595,0.4716981132075473,0.19402985074626866,0.2513227513227513,yes,yes,2.0,1.0,Frequently,no,2.0,no,1.0,2.0,Always,Walking,Normal_Weight,0.19402985074626866
Female,0.19148936170212766,0.28301886792452846,0.09701492537313433,0.19312169312169314,no,yes,2.0,4.0,Frequently,no,2.0,no,2.0,1.0,Sometimes,Automobile,Normal_Weight,0.09701492537313433
Male,0.10638297872340424,0.5660377358490565,0.2761194029850746,0.3121693121693122,yes,yes,3.0,3.0,Sometimes,no,2.0,yes,3.0,1.0,Sometimes,Public_Transportation,Normal_Weight,0.27611940298507465
Male,0.19148936170212766,0.4339622641509435,0.2313432835820895,0.3121693121693122,no,yes,2.0,3.0,Sometimes,no,2.0,no,2.0,2.0,Frequently,Walking,Normal_Weight,0.23134328358208955
Male,0.3191489361702128,0.6037735849056602,0.3283582089552239,0.3571428571428572,no,yes,1.0,4.0,Frequently,no,3.0,no,0.0,1.0,no,Motorbike,Overweight_Level_I,0.3283582089552239
Female,0.36170212765957444,0.2452830188679247,0.2164179104477612,0.3756613756613757,yes,no,2.0,1.0,Sometimes,no,1.0,no,1.0,0.0,Sometimes,Public_Transportation,Overweight_Level_II,0.21641791044776118
Female,0.21276595744680848,0.6037735849056602,0.2761194029850746,0.29894179894179895,no,no,2.0,3.0,Sometimes,no,3.0,no,1.0,1.0,Sometimes,Walking,Normal_Weight,0.27611940298507465
Male,0.5319148936170213,0.6415094339622645,0.38059701492537307,0.39947089947089953,no,no,2.0,1.0,Sometimes,no,2.0,no,0.0,0.0,Sometimes,Public_Transportation,Overweight_Level_II,0.3805970149253731
Male,0.17021276595744683,0.37735849056603765,0.17164179104477612,0.2592592592592593,no,yes,2.0,4.0,Frequently,no,2.0,no,2.0,0.0,Sometimes,Public_Transportation,Normal_Weight,0.17164179104477612
Female,0.14893617021276595,0.09433962264150964,0.19402985074626866,0.4206349206349206,yes,no,2.0,3.0,Sometimes,no,2.0,no,2.0,2.0,Sometimes,Public_Transportation,Overweight_Level_II,0.19402985074626866
Female,0.17021276595744683,0.20754716981132093,0.07462686567164178,0.1878306878306879,no,yes,2.0,3.0,Sometimes,no,1.0,yes,2.0,0.0,no,Walking,Normal_Weight,0.07462686567164178
Female,0.14893617021276595,0.28301886792452846,0.06716417910447758,0.1534391534391535,no,yes,2.0,3.0,Sometimes,no,1.0,no,1.0,0.0,Sometimes,Public_Transportation,Normal_Weight,0.06716417910447761
Male,0.19148936170212766,0.37735849056603765,0.208955223880597,0.306878306878307,yes,yes,2.0,3.0,Sometimes,no,2.0,no,1.0,1.0,Sometimes,Public_Transportation,Normal_Weight,0.208955223880597
Female,0.14893617021276595,0.5660377358490565,0.3656716417910448,0.41534391534391535,yes,yes,2.0,3.0,Sometimes,no,3.0,no,3.0,0.0,Sometimes,Public_Transportation,Overweight_Level_II,0.3656716417910448
Female,0.14893617021276595,0.4150943396226414,0.2686567164179104,0.3677248677248677,yes,yes,2.0,3.0,Sometimes,no,2.0,no,1.0,0.0,Sometimes,Public_Transportation,Overweight_Level_I,0.26865671641791045
Male,0.19148936170212766,0.4339622641509435,0.15671641791044777,0.21957671957671965,no,no,2.0,4.0,Frequently,no,2.0,no,0.0,0.0,no,Walking,Normal_Weight,0.15671641791044777
Female,0.14893617021276595,0.3962264150943393,0.18656716417910446,0.2698412698412699,yes,yes,1.0,3.0,Sometimes,no,1.0,no,0.0,0.0,no,Public_Transportation,Normal_Weight,0.1865671641791045
Male,0.14893617021276595,0.3962264150943393,0.17164179104477612,0.2513227513227513,yes,yes,2.0,3.0,Sometimes,yes,2.0,no,1.0,1.0,Frequently,Public_Transportation,Normal_Weight,0.17164179104477612
Male,0.14893617021276595,0.6792452830188682,0.3059701492537313,0.3015873015873015,no,no,1.0,3.0,no,no,2.0,no,2.0,0.0,no,Public_Transportation,Normal_Weight,0.30597014925373134
Female,0.14893617021276595,0.15094339622641506,0.19402985074626866,0.3915343915343916,yes,no,2.0,3.0,Sometimes,no,1.0,no,0.0,1.0,no,Public_Transportation,Overweight_Level_II,0.19402985074626866
Male,0.14893617021276595,0.6981132075471699,0.2462686567164179,0.23015873015873012,yes,yes,1.0,3.0,Frequently,no,3.0,no,2.0,0.0,Sometimes,Public_Transportation,Normal_Weight,0.2462686567164179
Male,0.14893617021276595,0.5660377358490565,0.2462686567164179,0.2777777777777778,yes,yes,1.0,3.0,Frequently,no,3.0,no,2.0,0.0,Sometimes,Public_Transportation,Normal_Weight,0.2462686567164179
Female,0.12765957446808512,0.3962264150943393,0.15671641791044777,0.2328042328042328,yes,no,3.0,3.0,Sometimes,no,2.0,no,1.0,0.0,Sometimes,Walking,Normal_Weight,0.15671641791044777
Female,0.14893617021276595,0.18867924528301883,0.08208955223880593,0.2063492063492064,no,yes,2.0,3.0,Sometimes,no,2.0,no,0.0,0.0,Sometimes,Public_Transportation,Normal_Weight,0.08208955223880597
Female,0.14893617021276595,0.30188679245283057,0.11567164179104478,0.21164021164021163,yes,yes,3.0,3.0,Sometimes,no,3.0,no,0.0,1.0,Sometimes,Walking,Normal_Weight,0.11567164179104478
Female,0.12765957446808512,0.09433962264150964,0.03731343283582089,0.17460317460317465,no,yes,2.0,3.0,Sometimes,no,1.0,no,0.0,0.0,Sometimes,Automobile,Normal_Weight,0.03731343283582089
Female,0.19148936170212766,0.35849056603773555,0.09701492537313433,0.16666666666666674,no,yes,3.0,1.0,Sometimes,no,2.0,no,2.0,2.0,no,Public_Transportation,Normal_Weight,0.09701492537313433
Female,0.19148936170212766,0.3396226415094339,0.11940298507462688,0.20370370370370372,yes,no,3.0,3.0,no,no,2.0,yes,2.0,1.0,no,Public_Transportation,Normal_Weight,0.11940298507462686
Female,0.17021276595744683,0.28301886792452846,0.11940298507462688,0.22486772486772488,no,no,3.0,4.0,Always,no,3.0,no,2.0,0.0,no,Public_Transportation,Normal_Weight,0.11940298507462686
Male,0.19148936170212766,0.4339622641509435,0.17164179104477612,0.23809523809523814,no,no,2.0,4.0,Frequently,no,2.0,no,0.0,0.0,Sometimes,Automobile,Normal_Weight,0.17164179104477612
Male,0.17021276595744683,0.4716981132075473,0.2313432835820895,0.2962962962962963,yes,yes,2.0,3.0,Sometimes,no,1.0,no,0.0,1.0,Sometimes,Automobile,Normal_Weight,0.23134328358208955
Male,0.14893617021276595,0.35849056603773555,0.19402985074626866,0.2962962962962963,yes,no,2.0,3.0,Sometimes,no,1.0,no,0.0,1.0,no,Public_Transportation,Normal_Weight,0.19402985074626866
Female,0.06382978723404253,0.37735849056603765,0.208955223880597,0.306878306878307,yes,yes,3.0,1.0,Sometimes,no,2.0,no,1.0,1.0,no,Walking,Normal_Weight,0.208955223880597
Male,0.12765957446808512,0.5849056603773586,0.11940298507462688,0.12698412698412698,yes,yes,2.0,4.0,Sometimes,no,3.0,no,2.0,2.0,no,Public_Transportation,Insufficient_Weight,0.11940298507462686
Female,0.14893617021276595,0.18867924528301883,0.07462686567164178,0.1957671957671957,yes,yes,2.0,3.0,Sometimes,no,3.0,no,3.0,1.0,Sometimes,Public_Transportation,Normal_Weight,0.07462686567164178
Male,0.12765957446808512,0.37735849056603765,0.14179104477611937,0.21957671957671965,no,yes,2.0,3.0,Sometimes,no,2.0,no,3.0,1.0,Sometimes,Public_Transportation,Normal_Weight,0.1417910447761194
Male,0.17021276595744683,0.4150943396226414,0.17164179104477612,0.24338624338624337,no,yes,2.0,1.0,no,no,2.0,no,0.0,0.0,Sometimes,Public_Transportation,Normal_Weight,0.17164179104477612
Male,0.17021276595744683,0.4339622641509435,0.11940298507462688,0.17195767195767198,yes,yes,2.0,3.0,Sometimes,no,2.0,no,0.0,2.0,Sometimes,Automobile,Normal_Weight,0.11940298507462686
Female,0.14893617021276595,0.3962264150943393,0.13432835820895522,0.20370370370370372,yes,yes,2.0,3.0,Frequently,no,1.0,no,1.0,1.0,no,Public_Transportation,Normal_Weight,0.13432835820895522
Female,0.14893617021276595,0.3207547169811322,0.2238805970149254,0.35185185185185186,yes,yes,1.0,3.0,Frequently,no,2.0,no,0.0,1.0,no,Public_Transportation,Overweight_Level_I,0.22388059701492538
Male,0.19148936170212766,0.6603773584905661,0.38059701492537307,0.3915343915343916,yes,yes,1.0,3.0,Always,no,2.0,no,0.0,2.0,Frequently,Public_Transportation,Overweight_Level_II,0.3805970149253731
Male,0.19148936170212766,0.37735849056603765,0.41791044776119396,0.5793650793650794,yes,yes,2.0,3.0,Always,no,2.0,no,0.0,1.0,Frequently,Automobile,Obesity_Type_I,0.417910447761194
Male,0.34042553191489366,0.5849056603773586,0.544776119402985,0.6137566137566138,yes,yes,1.0,3.0,no,yes,2.0,yes,0.0,0.0,Frequently,Automobile,Obesity_Type_II,0.5447761194029851
Male,0.19148936170212766,0.6603773584905661,0.15671641791044777,0.14550264550264552,yes,no,2.0,3.0,no,no,3.0,no,0.0,1.0,Sometimes,Public_Transportation,Normal_Weight,0.15671641791044777
Female,0.19148936170212766,0.37735849056603765,0.3059701492537313,0.43386243386243384,yes,yes,2.0,3.0,Always,no,2.0,no,0.0,2.0,no,Public_Transportation,Overweight_Level_II,0.30597014925373134
Female,0.17021276595744683,0.4150943396226414,0.08208955223880593,0.1296296296296296,yes,no,3.0,3.0,no,no,3.0,yes,2.0,1.0,Sometimes,Public_Transportation,Insufficient_Weight,0.08208955223880597
Female,0.21276595744680848,0.37735849056603765,0.15671641791044777,0.23809523809523814,yes,no,2.0,3.0,Sometimes,no,3.0,yes,1.0,0.0,no,Public_Transportation,Normal_Weight,0.15671641791044777
Male,0.10638297872340424,0.7547169811320757,0.19402985074626866,0.15873015873015872,yes,no,2.0,3.0,Sometimes,no,3.0,no,2.0,1.0,Sometimes,Bike,Normal_Weight,0.19402985074626866
Male,0.21276595744680848,0.4716981132075473,0.3432835820895522,0.43386243386243384,yes,yes,2.0,3.0,Frequently,no,3.0,no,0.0,1.0,Frequently,Public_Transportation,Overweight_Level_II,0.34328358208955223
Female,0.19148936170212766,0.3396226415094339,0.04477611940298504,0.10317460317460314,yes,no,3.0,3.0,Sometimes,no,3.0,yes,2.0,0.0,no,Public_Transportation,Insufficient_Weight,0.04477611940298507
Female,0.21276595744680848,0.28301886792452846,0.04477611940298504,0.12169312169312174,yes,no,2.0,3.0,no,no,2.0,no,1.0,0.0,no,Public_Transportation,Insufficient_Weight,0.04477611940298507
Female,0.21276595744680848,0.4716981132075473,0.3059701492537313,0.38888888888888884,yes,yes,2.0,3.0,Sometimes,no,3.0,no,0.0,0.0,no,Public_Transportation,Overweight_Level_II,0.30597014925373134
Female,0.19148936170212766,0.37735849056603765,0.38059701492537307,0.5317460317460319,yes,yes,2.0,3.0,Sometimes,no,3.0,no,0.0,1.0,no,Public_Transportation,Obesity_Type_I,0.3805970149253731
Male,0.19148936170212766,0.37735849056603765,0.15671641791044777,0.23809523809523814,yes,no,2.0,3.0,Sometimes,no,2.0,no,0.0,0.0,Sometimes,Public_Transportation,Normal_Weight,0.15671641791044777
Female,0.10638297872340424,0.3396226415094339,0.14179104477611937,0.2328042328042328,no,no,3.0,3.0,Sometimes,no,2.0,yes,0.0,0.0,no,Public_Transportation,Normal_Weight,0.1417910447761194
Male,0.34042553191489366,0.6603773584905661,0.38805970149253727,0.39947089947089953,yes,yes,2.0,3.0,Frequently,no,2.0,no,0.0,0.0,Sometimes,Public_Transportation,Overweight_Level_II,0.3880597014925373
Male,0.19148936170212766,0.4150943396226414,0.34701492537313433,0.46825396825396826,yes,yes,2.0,3.0,Always,no,2.0,no,0.0,1.0,no,Public_Transportation,Obesity_Type_I,0.34701492537313433
Female,0.10638297872340424,0.28301886792452846,0.04477611940298504,0.12169312169312174,no,no,3.0,3.0,no,no,3.0,yes,2.0,0.0,no,Walking,Insufficient_Weight,0.04477611940298507
Male,0.23404255319148937,0.4716981132075473,0.3283582089552239,0.41534391534391535,yes,yes,2.0,3.0,Frequently,no,2.0,no,0.0,1.0,Sometimes,Public_Transportation,Overweight_Level_II,0.3283582089552239
Male,0.19148936170212766,0.37735849056603765,0.14552238805970147,0.22486772486772488,yes,no,2.0,3.0,Sometimes,no,2.0,no,0.0,0.0,no,Public_Transportation,Normal_Weight,0.1455223880597015
Male,0.14893617021276595,0.7547169811320757,0.3283582089552239,0.29894179894179895,yes,yes,2.0,1.0,Frequently,no,3.0,no,1.0,0.0,no,Public_Transportation,Normal_Weight,0.3283582089552239
Male,0.10638297872340424,0.6981132075471699,0.3582089552238806,0.35185185185185186,yes,yes,2.0,3.0,Sometimes,no,2.0,no,0.0,0.0,no,Public_Transportation,Overweight_Level_I,0.3582089552238806
Female,0.17021276595744683,0.37735849056603765,0.19402985074626866,0.28835978835978837,yes,yes,2.0,3.0,Frequently,no,2.0,yes,1.0,0.0,no,Automobile,Normal_Weight,0.19402985074626866
Female,0.3191489361702128,0.4716981132075473,0.291044776119403,0.37037037037037035,yes,yes,3.0,3.0,Sometimes,no,1.0,no,2.0,1.0,Frequently,Automobile,Overweight_Level_II,0.291044776119403
Female,0.23404255319148937,0.3396226415094339,0.40298507462686567,0.5820105820105821,no,no,3.0,4.0,Always,no,1.0,no,2.0,0.0,no,Public_Transportation,Obesity_Type_II,0.40298507462686567
Female,0.12765957446808512,0.30188679245283057,0.18656716417910446,0.30952380952380953,yes,no,3.0,3.0,Always,no,2.0,yes,0.0,1.0,Frequently,Public_Transportation,Normal_Weight,0.1865671641791045
Male,0.8723404255319149,0.6226415094339623,0.3358208955223881,0.3571428571428572,yes,no,3.0,4.0,Frequently,no,3.0,yes,3.0,0.0,Frequently,Walking,Overweight_Level_I,0.3358208955223881
Female,0.12765957446808512,0.28301886792452846,0.13432835820895522,0.24603174603174605,no,no,3.0,3.0,Always,no,2.0,no,1.0,0.0,no,Walking,Normal_Weight,0.13432835820895522
Female,0.21276595744680848,0.28301886792452846,0.06716417910447758,0.1534391534391535,no,yes,3.0,3.0,Sometimes,no,2.0,no,2.0,0.0,no,Public_Transportation,Normal_Weight,0.06716417910447761
Male,0.25531914893617025,0.4716981132075473,0.2313432835820895,0.2962962962962963,yes,no,3.0,1.0,Frequently,no,2.0,no,2.0,0.0,Frequently,Public_Transportation,Normal_Weight,0.23134328358208955
Female,0.19148936170212766,0.3962264150943393,0.15671641791044777,0.2328042328042328,yes,no,2.0,3.0,Sometimes,no,2.0,no,3.0,0.0,Sometimes,Public_Transportation,Normal_Weight,0.15671641791044777
Female,0.14893617021276595,0.1320754716981134,0.022388059701492546,0.13756613756613756,no,no,3.0,1.0,Frequently,no,1.0,no,0.0,0.0,Sometimes,Public_Transportation,Insufficient_Weight,0.022388059701492536
Male,0.19148936170212766,0.509433962264151,0.2313432835820895,0.283068783068783,no,no,2.0,3.0,Sometimes,no,2.0,no,3.0,1.0,Frequently,Public_Transportation,Normal_Weight,0.23134328358208955
Female,0.14893617021276595,0.4528301886792452,0.17910447761194026,0.2407407407407408,no,yes,3.0,1.0,Sometimes,no,1.0,no,0.0,0.0,Sometimes,Public_Transportation,Normal_Weight,0.1791044776119403
Male,0.17021276595744683,0.4716981132075473,0.2044776119402985,0.26455026455026454,yes,no,2.0,3.0,Frequently,no,2.0,no,0.0,0.0,no,Public_Transportation,Normal_Weight,0.20447761194029854
Female,0.14893617021276595,0.18867924528301883,0.13432835820895522,0.283068783068783,no,yes,2.0,4.0,Frequently,no,2.0,yes,2.0,0.0,Sometimes,Automobile,Normal_Weight,0.13432835820895522
Female,0.17021276595744683,0.37735849056603765,0.14179104477611937,0.21957671957671965,yes,yes,3.0,4.0,Frequently,no,2.0,no,1.0,0.0,Sometimes,Public_Transportation,Normal_Weight,0.1417910447761194
Female,0.5106382978723404,0.20754716981132093,0.3059701492537313,0.5264550264550264,yes,yes,2.0,3.0,Sometimes,no,2.0,no,0.0,0.0,Sometimes,Automobile,Obesity_Type_I,0.30597014925373134
Female,0.23404255319148937,0.22641509433962304,0.11940298507462688,0.24603174603174605,no,yes,2.0,1.0,Sometimes,no,2.0,no,2.0,0.0,Sometimes,Public_Transportation,Normal_Weight,0.11940298507462686
Male,0.17021276595744683,0.8113207547169807,0.38059701492537307,0.3306878306878307,yes,yes,2.0,3.0,Always,no,1.0,no,0.0,1.0,Sometimes,Automobile,Overweight_Level_I,0.3805970149253731
Male,0.17021276595744683,0.5660377358490565,0.41791044776119396,0.47619047619047616,yes,no,2.0,3.0,Sometimes,no,3.0,no,3.0,2.0,no,Walking,Obesity_Type_I,0.417910447761194
Female,0.14893617021276595,0.37735849056603765,0.3656716417910448,0.5105820105820106,yes,yes,3.0,1.0,Sometimes,no,3.0,no,2.0,1.0,no,Public_Transportation,Obesity_Type_I,0.3656716417910448
Male,0.14893617021276595,0.5660377358490565,0.2686567164179104,0.3042328042328043,yes,yes,3.0,3.0,Sometimes,no,2.0,no,0.0,1.0,Sometimes,Public_Transportation,Normal_Weight,0.26865671641791045
Female,0.17021276595744683,0.2452830188679247,0.14179104477611937,0.2698412698412699,yes,yes,2.0,1.0,Sometimes,no,1.0,no,0.0,0.0,no,Public_Transportation,Normal_Weight,0.1417910447761194
Female,0.08510638297872342,0.20754716981132093,0.08955223880597013,0.21164021164021163,yes,yes,2.0,4.0,Frequently,no,2.0,no,1.0,0.0,Sometimes,Public_Transportation,Normal_Weight,0.08955223880597014
Female,0.17021276595744683,0.09433962264150964,0.07462686567164178,0.2328042328042328,yes,no,2.0,1.0,Sometimes,no,2.0,no,3.0,0.0,no,Walking,Normal_Weight,0.07462686567164178
Female,0.10638297872340424,0.30188679245283057,0.17164179104477612,0.28835978835978837,yes,yes,3.0,1.0,Frequently,no,2.0,no,1.0,0.0,Frequently,Public_Transportation,Normal_Weight,0.17164179104477612
Female,0.06382978723404253,0.5660377358490565,0.13432835820895522,0.1481481481481482,yes,yes,3.0,3.0,Frequently,no,2.0,no,0.0,1.0,no,Public_Transportation,Normal_Weight,0.13432835820895522
Female,0.021276595744680882,0.37735849056603765,0.3507462686567164,0.4920634920634921,yes,yes,3.0,3.0,Sometimes,no,1.0,no,3.0,2.0,no,Walking,Obesity_Type_I,0.35074626865671643
Female,0.06382978723404253,0.4716981132075473,0.3432835820895522,0.43386243386243384,yes,no,2.0,3.0,Frequently,no,2.0,no,1.0,1.0,no,Public_Transportation,Overweight_Level_II,0.34328358208955223
Male,0.19148936170212766,0.3207547169811322,0.10447761194029848,0.19047619047619047,yes,yes,2.0,3.0,Sometimes,no,2.0,no,1.0,1.0,Sometimes,Public_Transportation,Normal_Weight,0.1044776119402985
Female,0.10638297872340424,0.3396226415094339,0.2761194029850746,0.4126984126984128,yes,no,3.0,3.0,Frequently,yes,3.0,no,2.0,1.0,Sometimes,Automobile,Overweight_Level_II,0.27611940298507465
Female,0.19148936170212766,0.4150943396226414,0.2686567164179104,0.3677248677248677,yes,yes,2.0,3.0,Frequently,yes,2.0,no,0.0,2.0,no,Walking,Overweight_Level_I,0.26865671641791045
Male,0.19148936170212766,0.7924528301886795,0.41791044776119396,0.3756613756613757,yes,yes,1.0,3.0,Frequently,no,2.0,no,0.0,2.0,Frequently,Public_Transportation,Overweight_Level_II,0.417910447761194
Male,0.14893617021276595,0.5660377358490565,0.08208955223880593,0.08730158730158732,yes,no,3.0,4.0,Frequently,no,1.0,no,1.0,0.0,no,Walking,Insufficient_Weight,0.08208955223880597
Male,0.21276595744680848,0.3962264150943393,0.208955223880597,0.29894179894179895,yes,yes,3.0,1.0,Sometimes,no,2.0,no,1.0,0.0,no,Public_Transportation,Normal_Weight,0.208955223880597
Male,0.19148936170212766,0.5849056603773586,0.38059701492537307,0.42592592592592593,no,yes,3.0,3.0,Sometimes,no,1.0,no,0.0,0.0,no,Public_Transportation,Overweight_Level_II,0.3805970149253731
Male,0.08510638297872342,0.5660377358490565,0.3059701492537313,0.3465608465608466,yes,yes,2.0,3.0,Always,no,2.0,no,0.0,0.0,Frequently,Public_Transportation,Overweight_Level_I,0.30597014925373134
Male,0.10638297872340424,0.4150943396226414,0.2164179104477612,0.3015873015873015,no,yes,2.0,3.0,Sometimes,no,2.0,no,1.0,0.0,Sometimes,Public_Transportation,Normal_Weight,0.21641791044776118
Female,0.10638297872340424,0.37735849056603765,0.16417910447761191,0.2486772486772486,no,yes,3.0,1.0,Sometimes,no,3.0,yes,1.0,0.0,Sometimes,Public_Transportation,Normal_Weight,0.16417910447761194
Male,0.12765957446808512,0.509433962264151,0.2313432835820895,0.283068783068783,yes,yes,3.0,3.0,Frequently,no,1.0,no,0.0,0.0,Sometimes,Public_Transportation,Normal_Weight,0.23134328358208955
Male,0.276595744680851,0.4716981132075473,0.291044776119403,0.37037037037037035,no,yes,3.0,3.0,Sometimes,no,3.0,no,1.0,1.0,Frequently,Public_Transportation,Overweight_Level_II,0.291044776119403
Female,0.12765957446808512,0.2452830188679247,0.10447761194029848,0.21693121693121686,yes,yes,2.0,4.0,Frequently,no,2.0,no,1.0,1.0,no,Public_Transportation,Normal_Weight,0.1044776119402985
Male,0.19148936170212766,0.3207547169811322,0.14179104477611937,0.2407407407407408,no,no,2.0,3.0,Sometimes,no,1.0,no,1.0,0.0,no,Public_Transportation,Normal_Weight,0.1417910447761194
Female,0.10638297872340424,0.37735849056603765,0.12686567164179102,0.20105820105820105,yes,yes,3.0,3.0,Frequently,yes,3.0,yes,1.0,2.0,Frequently,Public_Transportation,Normal_Weight,0.12686567164179105
Female,1.0,0.37735849056603765,0.2014925373134328,0.2962962962962963,no,yes,3.0,3.0,Always,no,2.0,no,1.0,1.0,Frequently,Public_Transportation,Normal_Weight,0.20149253731343283
Male,0.34042553191489366,0.6037735849056602,0.5223880597014925,0.5767195767195766,yes,yes,3.0,3.0,Sometimes,no,1.0,no,2.0,0.0,Sometimes,Automobile,Obesity_Type_I,0.5223880597014925
Male,0.21276595744680848,0.4716981132075473,0.2686567164179104,0.34391534391534395,yes,yes,2.0,3.0,Sometimes,no,2.0,no,1.0,0.0,Sometimes,Automobile,Overweight_Level_I,0.26865671641791045
Male,0.23404255319148937,0.6415094339622645,0.2462686567164179,0.2513227513227513,yes,yes,2.0,3.0,Sometimes,no,2.0,no,1.0,1.0,Sometimes,Public_Transportation,Normal_Weight,0.2462686567164179
Male,0.6382978723404256,0.28301886792452846,0.3059701492537313,0.4841269841269842,yes,no,2.0,3.0,Sometimes,yes,3.0,no,0.0,0.0,no,Motorbike,Obesity_Type_I,0.30597014925373134
Male,0.36170212765957444,0.5849056603773586,0.2686567164179104,0.2962962962962963,yes,no,3.0,3.0,Always,no,3.0,yes,3.0,0.0,no,Bike,Normal_Weight,0.26865671641791045
Male,0.23404255319148937,0.4716981132075473,0.2164179104477612,0.2777777777777778,no,yes,2.0,3.0,Frequently,no,2.0,no,0.0,1.0,no,Public_Transportation,Normal_Weight,0.21641791044776118
Male,0.19148936170212766,0.8301886792452828,0.19402985074626866,0.13756613756613756,yes,yes,3.0,3.0,Frequently,no,3.0,no,1.0,1.0,Sometimes,Public_Transportation,Insufficient_Weight,0.19402985074626866
Male,0.23404255319148937,0.7924528301886795,0.2014925373134328,0.15608465608465605,no,yes,3.0,3.0,Always,no,2.0,no,2.0,0.0,Frequently,Public_Transportation,Normal_Weight,0.20149253731343283
Male,0.19148936170212766,0.5471698113207548,0.4067164179104477,0.4735449735449735,no,yes,2.0,3.0,Frequently,yes,1.0,no,1.0,1.0,Frequently,Automobile,Obesity_Type_I,0.40671641791044777
Female,0.42553191489361697,0.4339622641509435,0.2686567164179104,0.3597883597883599,no,yes,3.0,1.0,Sometimes,no,1.0,no,0.0,0.0,Sometimes,Automobile,Overweight_Level_I,0.26865671641791045
Male,0.17021276595744683,0.30188679245283057,0.208955223880597,0.3386243386243386,yes,no,2.0,4.0,Sometimes,no,3.0,yes,2.0,2.0,Sometimes,Public_Transportation,Overweight_Level_I,0.208955223880597
Male,0.14893617021276595,0.3207547169811322,0.2313432835820895,0.36243386243386244,no,yes,2.0,1.0,no,no,3.0,no,1.0,0.0,Sometimes,Public_Transportation,Overweight_Level_I,0.23134328358208955
Female,0.21276595744680848,0.20754716981132093,0.08955223880597013,0.21164021164021163,no,no,3.0,3.0,Frequently,no,2.0,no,2.0,2.0,Frequently,Public_Transportation,Normal_Weight,0.08955223880597014
Female,0.46808510638297873,0.3396226415094339,0.3059701492537313,0.45238095238095244,yes,no,3.0,3.0,Sometimes,no,1.0,no,0.0,0.0,Sometimes,Automobile,Obesity_Type_I,0.30597014925373134
Female,0.276595744680851,0.28301886792452846,0.16417910447761191,0.2857142857142857,no,yes,3.0,3.0,Always,no,2.0,no,0.0,0.0,Sometimes,Automobile,Normal_Weight,0.16417910447761194
Female,0.3829787234042553,0.4150943396226414,0.38059701492537307,0.5105820105820106,yes,yes,3.0,1.0,Sometimes,no,2.0,no,2.0,0.0,Sometimes,Automobile,Obesity_Type_I,0.3805970149253731
Male,0.23404255319148937,0.6226415094339623,0.291044776119403,0.306878306878307,yes,yes,2.0,1.0,Sometimes,no,2.0,no,2.0,1.0,Sometimes,Public_Transportation,Normal_Weight,0.291044776119403
Female,0.34042553191489366,0.3207547169811322,0.14925373134328357,0.2513227513227513,yes,yes,3.0,3.0,Sometimes,no,2.0,no,2.0,0.0,Sometimes,Automobile,Normal_Weight,0.14925373134328357
Female,0.5106382978723404,0.09433962264150964,0.15671641791044777,0.36243386243386244,yes,yes,2.0,1.0,Always,yes,2.0,no,0.0,0.0,Sometimes,Automobile,Overweight_Level_I,0.15671641791044777
Male,0.42553191489361697,0.4528301886792452,0.3358208955223881,0.43386243386243384,yes,no,2.0,3.0,Sometimes,no,3.0,no,2.0,0.0,no,Automobile,Overweight_Level_II,0.3358208955223881
Male,0.17021276595744683,0.5471698113207548,0.41044776119402987,0.47619047619047616,yes,yes,2.0,3.0,Sometimes,no,2.0,no,0.0,0.0,Sometimes,Public_Transportation,Obesity_Type_I,0.41044776119402987
Female,0.36170212765957444,0.4339622641509435,0.17910447761194026,0.24603174603174605,yes,yes,3.0,1.0,Frequently,no,2.0,no,1.0,1.0,Sometimes,Automobile,Normal_Weight,0.1791044776119403
Female,0.44680851063829785,0.15094339622641506,0.04477611940298504,0.16402116402116396,yes,no,3.0,3.0,Frequently,no,1.0,no,0.0,1.0,no,Automobile,Normal_Weight,0.04477611940298507
Male,0.14893617021276595,0.4150943396226414,0.15671641791044777,0.22486772486772488,yes,yes,2.0,3.0,Frequently,no,2.0,no,2.0,1.0,Sometimes,Public_Transportation,Normal_Weight,0.15671641791044777
Female,0.5531914893617021,0.18867924528301883,0.17164179104477612,0.3386243386243386,yes,no,3.0,3.0,Sometimes,no,3.0,no,0.0,0.0,Sometimes,Automobile,Overweight_Level_I,0.17164179104477612
Male,0.276595744680851,0.35849056603773555,0.291044776119403,0.42328042328042326,yes,yes,2.0,1.0,Sometimes,no,2.0,no,0.0,0.0,Frequently,Automobile,Overweight_Level_II,0.291044776119403
Male,0.12765957446808512,0.716981132075472,0.2462686567164179,0.22486772486772488,yes,no,3.0,3.0,Sometimes,yes,1.0,no,2.0,1.0,Sometimes,Public_Transportation,Normal_Weight,0.2462686567164179
Male,0.8723404255319149,0.37735849056603765,0.3059701492537313,0.43386243386243384,no,yes,2.0,3.0,Sometimes,no,2.0,no,1.0,0.0,no,Automobile,Overweight_Level_II,0.30597014925373134
Female,0.14893617021276595,0.3396226415094339,0.15671641791044777,0.25396825396825407,yes,yes,3.0,3.0,Always,yes,2.0,no,2.0,0.0,Sometimes,Public_Transportation,Normal_Weight,0.15671641791044777
Male,0.23404255319148937,0.8301886792452828,0.2686567164179104,0.21164021164021163,no,no,3.0,3.0,Frequently,no,2.0,yes,3.0,0.0,no,Public_Transportation,Normal_Weight,0.26865671641791045
Male,0.44680851063829785,0.6037735849056602,0.3432835820895522,0.373015873015873,yes,no,3.0,3.0,Frequently,no,3.0,no,2.0,1.0,Sometimes,Automobile,Overweight_Level_II,0.34328358208955223
Male,0.34042553191489366,0.8867924528301887,0.6791044776119404,0.5899470899470899,yes,no,2.0,3.0,Sometimes,yes,1.0,no,1.0,0.0,Sometimes,Public_Transportation,Obesity_Type_II,0.6791044776119403
Female,0.3191489361702128,0.5471698113207548,0.2462686567164179,0.2857142857142857,yes,no,3.0,3.0,Always,no,2.0,no,0.0,0.0,Sometimes,Automobile,Normal_Weight,0.2462686567164179
Male,0.12765957446808512,0.37735849056603765,0.3059701492537313,0.43386243386243384,yes,no,2.0,3.0,Sometimes,no,2.0,no,1.0,2.0,no,Walking,Overweight_Level_II,0.30597014925373134
Female,0.17021276595744683,0.5283018867924527,0.2985074626865672,0.3544973544973544,yes,yes,2.0,1.0,Sometimes,no,2.0,no,1.0,0.0,Sometimes,Public_Transportation,Overweight_Level_I,0.29850746268656714
Female,0.6595744680851063,0.3396226415094339,0.2835820895522388,0.42328042328042326,yes,yes,2.0,3.0,Frequently,no,1.0,no,0.0,0.0,no,Automobile,Overweight_Level_II,0.2835820895522388
Male,0.17021276595744683,0.509433962264151,0.3208955223880597,0.38888888888888884,no,yes,2.0,1.0,Sometimes,no,2.0,no,2.0,1.0,Sometimes,Public_Transportation,Overweight_Level_II,0.3208955223880597
Male,0.08510638297872342,0.28301886792452846,0.14179104477611937,0.2566137566137566,yes,yes,2.0,3.0,Frequently,no,2.0,no,1.0,0.0,Sometimes,Public_Transportation,Normal_Weight,0.1417910447761194
Female,0.19148936170212766,0.37735849056603765,0.14925373134328357,0.23015873015873012,no,no,3.0,1.0,Sometimes,no,2.0,no,1.0,2.0,Sometimes,Public_Transportation,Normal_Weight,0.14925373134328357
Male,0.08510638297872342,0.5471698113207548,0.18656716417910446,0.2142857142857143,no,no,3.0,3.0,Sometimes,no,2.0,yes,0.0,1.0,no,Public_Transportation,Normal_Weight,0.1865671641791045
Female,0.5106382978723404,0.35849056603773555,0.15522388059701486,0.24338624338624337,yes,yes,2.0,3.0,Sometimes,no,2.0,no,2.0,0.0,no,Public_Transportation,Normal_Weight,0.1552238805970149
Female,0.08510638297872342,0.22641509433962304,0.06716417910447758,0.17195767195767198,yes,yes,3.0,1.0,Always,no,1.0,no,1.0,0.0,no,Public_Transportation,Normal_Weight,0.06716417910447761
Male,0.17021276595744683,0.7358490566037736,0.3358208955223881,0.3121693121693122,yes,yes,3.0,3.0,Frequently,no,2.0,yes,3.0,0.0,Sometimes,Public_Transportation,Normal_Weight,0.3358208955223881
Male,0.25531914893617025,0.8679245283018866,0.3358208955223881,0.26455026455026454,yes,yes,3.0,3.0,Frequently,yes,2.0,no,2.0,2.0,Frequently,Public_Transportation,Normal_Weight,0.3358208955223881
Female,0.08510638297872342,0.2452830188679247,0.06716417910447758,0.16402116402116396,no,yes,2.0,3.0,Sometimes,no,2.0,no,1.0,0.0,no,Public_Transportation,Normal_Weight,0.06716417910447761
Female,0.19148936170212766,0.4339622641509435,0.208955223880597,0.283068783068783,yes,yes,2.0,3.0,Frequently,no,1.0,no,0.0,0.0,Sometimes,Public_Transportation,Normal_Weight,0.208955223880597
Female,0.17021276595744683,0.4339622641509435,0.09701492537313433,0.1428571428571428,no,yes,3.0,3.0,Frequently,no,2.0,no,0.0,1.0,no,Public_Transportation,Insufficient_Weight,0.09701492537313433
Female,0.19148936170212766,0.05660377358490587,0.15671641791044777,0.38095238095238093,yes,yes,2.0,1.0,Sometimes,yes,1.0,no,0.0,0.0,Sometimes,Public_Transportation,Overweight_Level_II,0.15671641791044777
Female,0.36170212765957444,0.3207547169811322,0.2164179104477612,0.3412698412698413,no,no,3.0,3.0,Sometimes,no,2.0,no,1.0,0.0,Sometimes,Automobile,Overweight_Level_I,0.21641791044776118
Male,0.5319148936170213,0.6226415094339623,0.42537313432835816,0.4576719576719577,yes,no,2.0,3.0,Sometimes,no,3.0,no,1.0,0.0,Frequently,Automobile,Obesity_Type_I,0.4253731343283582
Male,0.23404255319148937,0.6226415094339623,0.44029850746268656,0.4735449735449735,yes,no,2.0,3.0,Sometimes,no,3.0,no,3.0,2.0,no,Public_Transportation,Obesity_Type_I,0.44029850746268656
Male,0.44680851063829785,0.6226415094339623,0.49253731343283574,0.5317460317460319,yes,yes,3.0,1.0,no,no,3.0,no,3.0,1.0,Frequently,Automobile,Obesity_Type_I,0.4925373134328358
Female,0.4042553191489362,0.3396226415094339,0.17164179104477612,0.27248677248677255,yes,yes,2.0,3.0,Sometimes,no,2.0,no,1.0,1.0,no,Public_Transportation,Normal_Weight,0.17164179104477612
Male,0.12765957446808512,0.28301886792452846,0.12686567164179102,0.23544973544973546,no,yes,2.0,3.0,Sometimes,no,2.0,no,1.0,0.0,Sometimes,Public_Transportation,Normal_Weight,0.12686567164179105
Male,0.25531914893617025,0.5660377358490565,0.3059701492537313,0.3465608465608466,yes,yes,3.0,1.0,Frequently,yes,2.0,yes,2.0,0.0,Sometimes,Public_Transportation,Overweight_Level_I,0.30597014925373134
Male,0.12765957446808512,0.716981132075472,0.3432835820895522,0.328042328042328,yes,no,3.0,3.0,Sometimes,no,3.0,yes,3.0,0.0,Sometimes,Automobile,Overweight_Level_I,0.34328358208955223
Male,0.12765957446808512,0.6226415094339623,0.2164179104477612,0.22486772486772488,no,no,2.0,1.0,Frequently,no,3.0,yes,2.0,1.0,no,Public_Transportation,Normal_Weight,0.21641791044776118
Female,0.19148936170212766,0.28301886792452846,0.3283582089552239,0.5132275132275133,yes,yes,3.0,3.0,Frequently,no,3.0,no,3.0,0.0,no,Public_Transportation,Obesity_Type_I,0.3283582089552239
Male,0.10638297872340424,0.6603773584905661,0.3432835820895522,0.3492063492063492,yes,yes,3.0,3.0,Sometimes,no,2.0,no,1.0,1.0,Sometimes,Walking,Overweight_Level_I,0.34328358208955223
Male,0.17021276595744683,0.5660377358490565,0.2611940298507463,0.2962962962962963,yes,no,2.0,3.0,Sometimes,no,2.0,no,1.0,2.0,Sometimes,Bike,Normal_Weight,0.26119402985074625
Male,0.5744680851063829,0.5660377358490565,0.5895522388059702,0.6746031746031746,yes,yes,2.0,3.0,Sometimes,no,2.0,no,0.0,0.0,Sometimes,Bike,Obesity_Type_II,0.5895522388059702
Female,0.08510638297872342,0.2641509433962268,0.007462686567164145,0.07407407407407407,yes,yes,2.0,1.0,Frequently,no,1.0,no,0.0,2.0,no,Public_Transportation,Insufficient_Weight,0.007462686567164179
Female,0.19148936170212766,0.3962264150943393,0.15671641791044777,0.2328042328042328,yes,yes,2.0,1.0,Sometimes,no,1.0,no,1.0,1.0,Sometimes,Public_Transportation,Normal_Weight,0.15671641791044777
Female,0.19148936170212766,0.3396226415094339,0.3283582089552239,0.4814814814814815,yes,no,3.0,1.0,Sometimes,yes,3.0,no,1.0,2.0,Sometimes,Public_Transportation,Obesity_Type_I,0.3283582089552239
Female,0.5744680851063829,0.16981132075471717,0.3059701492537313,0.5476190476190477,yes,yes,2.0,3.0,Always,no,1.0,no,0.0,0.0,Sometimes,Automobile,Obesity_Type_I,0.30597014925373134
Female,0.25531914893617025,0.20754716981132093,0.47014925373134325,0.7645502645502646,yes,yes,3.0,3.0,Sometimes,yes,1.0,no,0.0,1.0,Sometimes,Public_Transportation,Obesity_Type_III,0.4701492537313433
Male,0.3191489361702128,0.4528301886792452,0.38059701492537307,0.4894179894179894,yes,no,2.0,3.0,Sometimes,no,3.0,no,1.0,0.0,Sometimes,Automobile,Obesity_Type_I,0.3805970149253731
Male,0.276595744680851,0.716981132075472,0.2388059701492537,0.21693121693121686,yes,yes,2.0,3.0,Sometimes,no,2.0,no,3.0,2.0,no,Automobile,Normal_Weight,0.23880597014925373
Female,0.19148936170212766,0.28301886792452846,0.291044776119403,0.462962962962963,yes,yes,2.0,1.0,Sometimes,yes,2.0,no,1.0,0.0,Frequently,Public_Transportation,Obesity_Type_I,0.291044776119403
Male,0.10638297872340424,0.5660377358490565,0.45522388059701485,0.5211640211640213,yes,yes,2.0,3.0,Frequently,no,2.0,no,2.0,0.0,no,Public_Transportation,Obesity_Type_I,0.4552238805970149
Male,0.34042553191489366,0.5660377358490565,0.2537313432835821,0.2857142857142857,yes,no,2.0,3.0,no,no,2.0,yes,1.0,0.0,Sometimes,Walking,Normal_Weight,0.2537313432835821
Female,0.17021276595744683,0.4528301886792452,0.19402985074626866,0.2592592592592593,yes,yes,2.0,3.0,Sometimes,no,2.0,no,1.0,1.0,Sometimes,Public_Transportation,Normal_Weight,0.19402985074626866
Male,0.12765957446808512,0.6603773584905661,0.5597014925373134,0.5873015873015874,yes,yes,2.0,3.0,Frequently,no,2.0,no,0.0,1.0,no,Public_Transportation,Obesity_Type_II,0.5597014925373134
Female,0.14893617021276595,0.3396226415094339,0.08955223880597013,0.16402116402116396,no,yes,2.0,1.0,Sometimes,no,1.0,no,1.0,1.0,no,Public_Transportation,Normal_Weight,0.08955223880597014
Female,0.21276595744680848,0.09433962264150964,0.17910447761194026,0.39682539682539686,yes,no,2.0,1.0,Sometimes,no,2.0,no,0.0,0.0,no,Public_Transportation,Overweight_Level_II,0.1791044776119403
Male,0.14893617021276595,0.6603773584905661,0.17164179104477612,0.1613756613756614,yes,yes,3.0,3.0,Sometimes,no,2.0,no,1.0,0.0,no,Public_Transportation,Normal_Weight,0.17164179104477612
Male,0.14893617021276595,0.37735849056603765,0.10447761194029848,0.17195767195767198,yes,yes,2.0,3.0,Sometimes,no,2.0,no,1.0,0.0,Sometimes,Public_Transportation,Normal_Weight,0.1044776119402985
Male,0.14893617021276595,0.4339622641509435,0.2313432835820895,0.3121693121693122,yes,yes,3.0,3.0,Sometimes,no,3.0,no,0.0,2.0,Sometimes,Public_Transportation,Normal_Weight,0.23134328358208955
Female,0.19148936170212766,0.28301886792452846,0.17910447761194026,0.306878306878307,yes,no,3.0,3.0,Frequently,no,2.0,no,3.0,0.0,Sometimes,Walking,Normal_Weight,0.1791044776119403
Male,0.14893617021276595,0.49056603773584895,0.2686567164179104,0.33333333333333337,no,no,2.0,3.0,Frequently,no,3.0,yes,3.0,1.0,Frequently,Automobile,Overweight_Level_I,0.26865671641791045
Female,0.14893617021276595,0.09433962264150964,0.02462686567164174,0.1534391534391535,yes,no,1.0,1.0,Sometimes,no,2.0,no,3.0,0.0,no,Public_Transportation,Normal_Weight,0.02462686567164177
Female,0.14893617021276595,0.28301886792452846,0.2164179104477612,0.3597883597883599,yes,yes,2.0,3.0,Sometimes,no,3.0,no,1.0,0.0,Sometimes,Public_Transportation,Overweight_Level_I,0.21641791044776118
Female,0.14893617021276595,0.5660377358490565,0.291044776119403,0.3306878306878307,yes,no,2.0,3.0,Frequently,no,2.0,yes,0.0,2.0,Frequently,Public_Transportation,Overweight_Level_I,0.291044776119403
Male,0.19148936170212766,0.509433962264151,0.3208955223880597,0.38888888888888884,yes,yes,2.0,1.0,Sometimes,no,1.0,no,1.0,1.0,Sometimes,Public_Transportation,Overweight_Level_II,0.3208955223880597
Female,0.14893617021276595,0.509433962264151,0.2052238805970149,0.2513227513227513,yes,yes,3.0,4.0,Always,no,3.0,no,0.0,2.0,no,Public_Transportation,Normal_Weight,0.20522388059701493
Female,0.17021276595744683,0.30188679245283057,0.17910447761194026,0.29894179894179895,yes,yes,3.0,3.0,Frequently,no,3.0,no,1.0,0.0,no,Public_Transportation,Normal_Weight,0.1791044776119403
Female,0.19148936170212766,0.3396226415094339,0.3208955223880597,0.4735449735449735,yes,yes,2.0,1.0,Sometimes,no,2.0,no,0.0,0.0,no,Public_Transportation,Obesity_Type_I,0.3208955223880597
Male,0.23404255319148937,0.716981132075472,0.6119402985074627,0.6111111111111112,yes,no,3.0,3.0,Sometimes,no,3.0,no,2.0,0.0,Sometimes,Walking,Obesity_Type_II,0.6119402985074627
Female,0.12765957446808512,0.28301886792452846,0.08208955223880593,0.17195767195767198,no,yes,2.0,3.0,Sometimes,no,1.0,no,0.0,1.0,no,Automobile,Normal_Weight,0.08208955223880597
Female,0.21276595744680848,0.3207547169811322,0.14179104477611937,0.2407407407407408,no,yes,3.0,3.0,Sometimes,no,2.0,no,1.0,1.0,Sometimes,Public_Transportation,Normal_Weight,0.1417910447761194
Female,0.5531914893617021,0.4339622641509435,0.3059701492537313,0.40476190476190477,no,no,3.0,3.0,Sometimes,no,3.0,no,0.0,0.0,no,Automobile,Overweight_Level_II,0.30597014925373134
Male,0.3829787234042553,0.5660377358490565,0.6044776119402986,0.6931216931216932,yes,no,3.0,3.0,Sometimes,no,3.0,no,0.0,2.0,no,Automobile,Obesity_Type_II,0.6044776119402985
Male,0.12765957446808512,0.8490566037735849,0.38805970149253727,0.3227513227513228,yes,yes,3.0,4.0,Sometimes,no,3.0,no,2.0,0.0,Sometimes,Walking,Overweight_Level_I,0.3880597014925373
Female,0.14893617021276595,0.3396226415094339,0.2014925373134328,0.3121693121693122,yes,yes,3.0,1.0,Sometimes,yes,3.0,no,0.0,0.0,Sometimes,Public_Transportation,Normal_Weight,0.20149253731343283
Female,0.7872340425531914,0.2641509433962268,0.08208955223880593,0.17989417989417988,yes,no,3.0,3.0,Sometimes,yes,3.0,yes,2.0,0.0,no,Public_Transportation,Normal_Weight,0.08208955223880597
Female,0.42553191489361697,0.4339622641509435,0.2835820895522388,0.37830687830687837,yes,no,3.0,1.0,Sometimes,no,2.0,no,1.0,0.0,Sometimes,Automobile,Overweight_Level_II,0.2835820895522388
Female,0.10638297872340424,0.2641509433962268,0.07462686567164178,0.1693121693121693,yes,yes,2.0,1.0,no,no,2.0,no,2.0,0.0,no,Public_Transportation,Normal_Weight,0.07462686567164178
Female,0.10638297872340424,0.4528301886792452,0.2313432835820895,0.3042328042328043,yes,no,2.0,1.0,no,no,2.0,no,2.0,0.0,no,Public_Transportation,Normal_Weight,0.23134328358208955
Female,0.14893617021276595,0.3962264150943393,0.14925373134328357,0.2222222222222222,no,yes,1.0,3.0,Always,no,2.0,yes,3.0,0.0,no,Automobile,Normal_Weight,0.14925373134328357
Female,0.10638297872340424,0.35849056603773555,0.10447761194029848,0.1772486772486772,yes,yes,3.0,3.0,Sometimes,no,1.0,no,1.0,1.0,no,Public_Transportation,Normal_Weight,0.1044776119402985
Female,0.12765957446808512,0.3207547169811322,0.10447761194029848,0.19047619047619047,no,yes,3.0,1.0,Sometimes,no,3.0,no,1.0,1.0,no,Public_Transportation,Normal_Weight,0.1044776119402985
Female,0.10638297872340424,0.4716981132075473,0.18656716417910446,0.2407407407407408,yes,yes,3.0,3.0,no,no,3.0,yes,3.0,1.0,no,Public_Transportation,Normal_Weight,0.1865671641791045
Female,0.06382978723404253,0.3396226415094339,0.19402985074626866,0.3042328042328043,no,yes,2.0,1.0,Sometimes,no,3.0,no,1.0,1.0,no,Public_Transportation,Normal_Weight,0.19402985074626866
Male,0.17021276595744683,0.28301886792452846,0.2014925373134328,0.3386243386243386,no,yes,3.0,3.0,Sometimes,no,2.0,no,3.0,0.0,no,Bike,Overweight_Level_I,0.20149253731343283
Female,0.12765957446808512,0.3396226415094339,0.18656716417910446,0.2936507936507937,yes,yes,1.0,3.0,Always,no,2.0,no,0.0,2.0,no,Automobile,Normal_Weight,0.1865671641791045
Male,0.4042553191489362,0.7547169811320757,0.44776119402985076,0.4206349206349206,yes,yes,2.0,3.0,Sometimes,yes,3.0,no,1.0,0.0,Sometimes,Automobile,Overweight_Level_II,0.44776119402985076
Female,0.14893617021276595,0.16981132075471717,0.07462686567164178,0.20370370370370372,yes,no,2.0,1.0,Sometimes,no,2.0,yes,2.0,0.0,Sometimes,Public_Transportation,Normal_Weight,0.07462686567164178
Female,0.12765957446808512,0.35849056603773555,0.07462686567164178,0.13756613756613756,no,no,3.0,3.0,Sometimes,yes,2.0,no,2.0,1.0,Sometimes,Automobile,Insufficient_Weight,0.07462686567164178
Female,0.12765957446808512,0.22641509433962304,0.15671641791044777,0.29894179894179895,no,yes,3.0,3.0,Sometimes,no,3.0,no,0.0,1.0,Sometimes,Public_Transportation,Normal_Weight,0.15671641791044777
Female,0.12765957446808512,0.3207547169811322,0.09701492537313433,0.17989417989417988,no,yes,3.0,3.0,Frequently,no,1.0,no,3.0,1.0,no,Automobile,Normal_Weight,0.09701492537313433
Male,0.14893617021276595,0.509433962264151,0.2462686567164179,0.29894179894179895,yes,yes,3.0,3.0,Always,no,3.0,yes,3.0,0.0,Sometimes,Automobile,Normal_Weight,0.2462686567164179
Male,0.14893617021276595,0.5849056603773586,0.291044776119403,0.3227513227513228,yes,yes,3.0,1.0,Sometimes,no,2.0,no,3.0,0.0,Sometimes,Walking,Overweight_Level_I,0.291044776119403
Female,0.12765957446808512,0.37735849056603765,0.2686567164179104,0.3835978835978836,yes,yes,3.0,1.0,Sometimes,no,2.0,no,1.0,1.0,no,Public_Transportation,Overweight_Level_II,0.26865671641791045
Male,0.12765957446808512,0.4150943396226414,0.291044776119403,0.39682539682539686,yes,no,2.0,1.0,Sometimes,no,3.0,no,0.0,0.0,Frequently,Automobile,Overweight_Level_II,0.291044776119403
Male,0.8936170212765957,0.6415094339622645,0.38059701492537307,0.39947089947089953,yes,no,2.0,3.0,Sometimes,yes,2.0,no,1.0,0.0,Frequently,Automobile,Overweight_Level_II,0.3805970149253731
Female,0.25531914893617025,0.2641509433962268,0.05970149253731344,0.1481481481481482,yes,yes,2.0,1.0,Sometimes,no,2.0,no,0.0,2.0,Sometimes,Public_Transportation,Normal_Weight,0.05970149253731343
Female,0.17021276595744683,0.35849056603773555,0.12686567164179102,0.2063492063492064,yes,no,3.0,3.0,Sometimes,no,2.0,no,0.0,0.0,no,Public_Transportation,Normal_Weight,0.12686567164179105
Male,0.10638297872340424,0.6226415094339623,0.3134328358208955,0.33333333333333337,yes,no,1.0,3.0,Sometimes,no,2.0,no,3.0,0.0,no,Bike,Overweight_Level_I,0.31343283582089554
Male,0.08510638297872342,0.5660377358490565,0.3432835820895522,0.3915343915343916,yes,no,2.0,3.0,Sometimes,no,3.0,no,1.0,0.0,Sometimes,Public_Transportation,Overweight_Level_II,0.34328358208955223
Male,0.10638297872340424,0.7547169811320757,0.5671641791044777,0.544973544973545,no,no,2.0,3.0,Sometimes,no,3.0,yes,1.0,2.0,no,Public_Transportation,Obesity_Type_I,0.5671641791044776
Male,0.08510638297872342,0.4716981132075473,0.3059701492537313,0.38888888888888884,no,no,3.0,1.0,Sometimes,no,1.0,no,1.0,0.0,no,Public_Transportation,Overweight_Level_II,0.30597014925373134
Female,0.08510638297872342,0.4150943396226414,0.38805970149253727,0.5185185185185186,yes,yes,1.0,3.0,Frequently,no,1.0,no,0.0,1.0,Sometimes,Public_Transportation,Obesity_Type_I,0.3880597014925373
Male,0.14893617021276595,0.509433962264151,0.2686567164179104,0.328042328042328,no,yes,2.0,3.0,Sometimes,no,1.0,no,1.0,0.0,no,Public_Transportation,Overweight_Level_I,0.26865671641791045
Female,0.2978723404255319,0.4716981132075473,0.2537313432835821,0.32539682539682546,yes,no,2.0,3.0,Frequently,no,2.0,yes,2.0,0.0,Sometimes,Walking,Overweight_Level_I,0.2537313432835821
Male,0.08510638297872342,0.5471698113207548,0.2313432835820895,0.2671957671957672,no,yes,2.0,3.0,Sometimes,no,2.0,no,1.0,1.0,Sometimes,Public_Transportation,Normal_Weight,0.23134328358208955
Male,0.19148936170212766,0.5471698113207548,0.10447761194029848,0.11904761904761907,no,yes,2.0,3.0,Frequently,no,1.0,no,3.0,2.0,no,Public_Transportation,Insufficient_Weight,0.1044776119402985
Male,0.08510638297872342,0.7924528301886795,0.208955223880597,0.16402116402116396,yes,yes,3.0,3.0,Frequently,no,3.0,yes,1.0,1.0,Sometimes,Automobile,Normal_Weight,0.208955223880597
Male,0.08510638297872342,0.4716981132075473,0.08208955223880593,0.11375661375661378,no,yes,1.0,3.0,Frequently,no,1.0,no,2.0,1.0,Sometimes,Public_Transportation,Insufficient_Weight,0.08208955223880597
Female,0.5319148936170213,0.37735849056603765,0.08208955223880593,0.1428571428571428,no,yes,3.0,4.0,Frequently,no,2.0,no,0.0,0.0,Sometimes,Public_Transportation,Insufficient_Weight,0.08208955223880597
Male,0.5106382978723404,0.4716981132075473,0.291044776119403,0.37037037037037035,no,yes,3.0,3.0,Frequently,no,2.0,no,0.0,0.0,Frequently,Automobile,Overweight_Level_II,0.291044776119403
Male,0.06382978723404253,0.4150943396226414,0.15671641791044777,0.22486772486772488,no,no,2.0,4.0,Always,no,2.0,no,0.0,2.0,no,Public_Transportation,Normal_Weight,0.15671641791044777
Male,0.19148936170212766,0.509433962264151,0.2014925373134328,0.24603174603174605,yes,yes,2.0,3.0,Sometimes,no,2.0,no,0.0,1.0,Sometimes,Walking,Normal_Weight,0.20149253731343283
Male,0.19148936170212766,0.6981132075471699,0.5074626865671641,0.5105820105820106,no,yes,2.0,3.0,Sometimes,no,3.0,no,0.0,1.0,Sometimes,Public_Transportation,Obesity_Type_I,0.5074626865671642
Female,0.10638297872340424,0.09433962264150964,0.08208955223880593,0.24338624338624337,no,yes,2.0,3.0,Frequently,no,1.0,no,0.0,2.0,Sometimes,Public_Transportation,Normal_Weight,0.08208955223880597
Male,0.08510638297872342,0.4716981132075473,0.15671641791044777,0.2063492063492064,no,yes,2.0,3.0,Sometimes,no,2.0,no,2.0,1.0,no,Public_Transportation,Normal_Weight,0.15671641791044777
Male,0.23404255319148937,0.49056603773584895,0.2388059701492537,0.29894179894179895,yes,yes,2.0,3.0,Frequently,no,2.0,no,0.0,0.0,Sometimes,Motorbike,Normal_Weight,0.23880597014925373
Female,0.23404255319148937,0.30188679245283057,0.16417910447761191,0.2777777777777778,no,no,2.0,3.0,Sometimes,no,1.0,no,2.0,1.0,Sometimes,Public_Transportation,Normal_Weight,0.16417910447761194
Female,0.08510638297872342,0.09433962264150964,0.08208955223880593,0.24338624338624337,yes,yes,3.0,3.0,Frequently,no,2.0,no,0.0,1.0,Sometimes,Public_Transportation,Normal_Weight,0.08208955223880597
Male,0.04255319148936171,0.4150943396226414,0.08208955223880593,0.1296296296296296,yes,yes,2.0,1.0,Frequently,no,3.0,no,1.0,0.0,no,Public_Transportation,Insufficient_Weight,0.08208955223880597
Male,0.14893617021276595,0.6981132075471699,0.208955223880597,0.19047619047619047,no,yes,2.0,4.0,Always,yes,3.0,no,3.0,2.0,Sometimes,Walking,Normal_Weight,0.208955223880597
Female,0.3829787234042553,0.22641509433962304,0.13432835820895522,0.2671957671957672,yes,yes,3.0,3.0,Sometimes,no,2.0,no,0.0,0.0,Sometimes,Automobile,Normal_Weight,0.13432835820895522
Male,0.08510638297872342,0.6415094339622645,0.09701492537313433,0.08465608465608465,no,no,3.0,3.0,Sometimes,no,2.0,no,1.0,1.0,Sometimes,Public_Transportation,Insufficient_Weight,0.09701492537313433
Male,0.14893617021276595,0.5660377358490565,0.17164179104477612,0.19047619047619047,no,yes,3.0,4.0,Frequently,yes,2.0,no,0.0,0.0,Sometimes,Public_Transportation,Normal_Weight,0.17164179104477612
Male,0.08510638297872342,0.4716981132075473,0.11940298507462688,0.15873015873015872,yes,yes,2.0,3.0,Frequently,no,2.0,no,0.0,0.0,Sometimes,Public_Transportation,Normal_Weight,0.11940298507462686
Female,0.08510638297872342,0.3207547169811322,0.11940298507462688,0.21164021164021163,yes,yes,2.0,3.0,Frequently,no,1.0,no,1.0,1.0,no,Public_Transportation,Normal_Weight,0.11940298507462686
Male,0.06382978723404253,0.4528301886792452,0.15671641791044777,0.21164021164021163,no,no,2.0,3.0,Sometimes,no,3.0,no,2.0,1.0,Sometimes,Walking,Normal_Weight,0.15671641791044777
Male,0.12765957446808512,0.6037735849056602,0.2313432835820895,0.24603174603174605,yes,yes,1.0,1.0,Sometimes,no,2.0,no,1.0,1.0,Sometimes,Public_Transportation,Normal_Weight,0.23134328358208955
Male,0.14893617021276595,0.6415094339622645,0.49253731343283574,0.5238095238095237,yes,yes,2.0,3.0,Always,no,1.0,no,0.0,0.0,Sometimes,Public_Transportation,Obesity_Type_I,0.4925373134328358
Female,0.14893617021276595,0.28301886792452846,0.16417910447761191,0.2857142857142857,no,yes,2.0,3.0,Sometimes,no,1.0,no,1.0,1.0,Sometimes,Public_Transportation,Normal_Weight,0.16417910447761194
Female,0.08510638297872342,0.28301886792452846,0.14179104477611937,0.2566137566137566,yes,yes,2.0,3.0,Sometimes,no,3.0,no,3.0,0.0,no,Public_Transportation,Normal_Weight,0.1417910447761194
Female,0.06382978723404253,0.20754716981132093,0.08955223880597013,0.21164021164021163,no,yes,3.0,3.0,Sometimes,no,1.0,no,0.0,2.0,no,Public_Transportation,Normal_Weight,0.08955223880597014
Male,0.10638297872340424,0.8113207547169807,0.2985074626865672,0.2486772486772486,no,no,2.0,3.0,Sometimes,no,3.0,no,3.0,0.0,Sometimes,Automobile,Normal_Weight,0.29850746268656714
Male,0.04255319148936171,0.6981132075471699,0.2388059701492537,0.2222222222222222,yes,yes,2.0,3.0,Frequently,no,2.0,no,2.0,1.0,Sometimes,Public_Transportation,Normal_Weight,0.23880597014925373
Male,0.06382978723404253,0.6603773584905661,0.14179104477611937,0.1296296296296296,no,yes,2.0,3.0,Frequently,no,2.0,no,2.0,1.0,no,Walking,Insufficient_Weight,0.1417910447761194
Male,0.14893617021276595,0.4716981132075473,0.19402985074626866,0.2513227513227513,yes,yes,2.0,3.0,Frequently,no,1.0,no,1.0,1.0,no,Public_Transportation,Normal_Weight,0.19402985074626866
Male,0.10638297872340424,0.6981132075471699,0.2686567164179104,0.25396825396825407,yes,no,2.0,3.0,Frequently,no,2.0,no,1.0,0.0,no,Public_Transportation,Normal_Weight,0.26865671641791045
Male,0.08510638297872342,0.7735849056603774,0.5298507462686568,0.49735449735449744,yes,yes,2.0,1.0,Sometimes,yes,2.0,no,1.0,2.0,Sometimes,Public_Transportation,Obesity_Type_I,0.5298507462686567
Female,0.04255319148936171,0.3962264150943393,0.14179104477611937,0.21164021164021163,no,no,2.0,1.0,Sometimes,no,1.0,no,0.0,1.0,no,Walking,Normal_Weight,0.1417910447761194
Female,0.14893617021276595,0.15094339622641506,0.10447761194029848,0.25396825396825407,no,yes,3.0,3.0,Sometimes,no,2.0,no,2.0,1.0,Sometimes,Public_Transportation,Normal_Weight,0.1044776119402985
Male,0.25531914893617025,0.5471698113207548,0.3059701492537313,0.3544973544973544,no,no,2.0,3.0,Sometimes,no,2.0,no,2.0,0.0,no,Automobile,Overweight_Level_I,0.30597014925373134
Male,0.08510638297872342,0.6603773584905661,0.3059701492537313,0.30952380952380953,yes,yes,2.0,3.0,Frequently,no,1.0,no,0.0,1.0,Frequently,Public_Transportation,Normal_Weight,0.30597014925373134
Male,0.19148936170212766,0.4716981132075473,0.2686567164179104,0.34391534391534395,no,yes,3.0,3.0,Sometimes,no,3.0,no,1.0,2.0,Sometimes,Public_Transportation,Overweight_Level_I,0.26865671641791045
Male,0.25531914893617025,0.4716981132075473,0.2313432835820895,0.2962962962962963,no,yes,2.0,3.0,Sometimes,yes,1.0,no,0.0,0.0,Sometimes,Public_Transportation,Normal_Weight,0.23134328358208955
Male,0.08510638297872342,0.509433962264151,0.11940298507462688,0.1481481481481482,no,yes,2.0,4.0,Sometimes,no,2.0,no,2.0,1.0,Sometimes,Public_Transportation,Normal_Weight,0.11940298507462686
Male,0.04255319148936171,0.7358490566037736,0.04477611940298504,0.007936507936507964,yes,yes,3.0,3.0,Always,no,3.0,no,3.0,2.0,Sometimes,Walking,Insufficient_Weight,0.04477611940298507
Female,0.04255319148936171,0.22641509433962304,0.07462686567164178,0.18253968253968256,no,yes,2.0,4.0,Always,no,2.0,no,0.0,1.0,Sometimes,Public_Transportation,Normal_Weight,0.07462686567164178
Male,0.12765957446808512,0.6603773584905661,0.3432835820895522,0.3492063492063492,yes,no,2.0,3.0,Sometimes,no,3.0,no,2.0,1.0,Sometimes,Public_Transportation,Overweight_Level_I,0.34328358208955223
Male,0.19148936170212766,0.5660377358490565,0.6044776119402986,0.6931216931216932,yes,yes,2.0,3.0,Sometimes,yes,2.0,no,2.0,1.0,Sometimes,Public_Transportation,Obesity_Type_II,0.6044776119402985
Female,0.21276595744680848,0.20754716981132093,0.15671641791044777,0.30952380952380953,yes,yes,1.0,3.0,Always,no,2.0,no,0.0,2.0,Sometimes,Public_Transportation,Normal_Weight,0.15671641791044777
Female,0.19148936170212766,0.2641509433962268,0.06716417910447758,0.15873015873015872,yes,yes,2.0,1.0,Frequently,no,1.0,no,0.0,2.0,Sometimes,Public_Transportation,Normal_Weight,0.06716417910447761
Male,0.12765957446808512,0.6603773584905661,0.2686567164179104,0.2671957671957672,no,yes,3.0,4.0,Always,no,3.0,no,2.0,0.0,Sometimes,Public_Transportation,Normal_Weight,0.26865671641791045
Male,0.06382978723404253,0.6415094339622645,0.13432835820895522,0.12698412698412698,yes,yes,2.0,4.0,Frequently,no,2.0,no,2.0,1.0,no,Public_Transportation,Insufficient_Weight,0.13432835820895522
Male,0.06382978723404253,0.509433962264151,0.17164179104477612,0.21164021164021163,no,yes,2.0,3.0,Always,no,2.0,no,3.0,1.0,no,Public_Transportation,Normal_Weight,0.17164179104477612
Female,0.04255319148936171,0.28301886792452846,0.13432835820895522,0.24603174603174605,no,yes,3.0,3.0,Sometimes,no,1.0,no,3.0,0.0,no,Public_Transportation,Normal_Weight,0.13432835820895522
Male,0.06382978723404253,0.3962264150943393,0.12686567164179102,0.19312169312169314,yes,yes,1.0,3.0,Always,no,2.0,no,1.0,1.0,Sometimes,Public_Transportation,Normal_Weight,0.12686567164179105
Female,0.25531914893617025,0.37735849056603765,0.17910447761194026,0.2671957671957672,no,yes,3.0,3.0,Sometimes,no,1.0,no,1.0,0.0,no,Walking,Normal_Weight,0.1791044776119403
Male,0.25531914893617025,0.4716981132075473,0.2462686567164179,0.31481481481481477,no,yes,2.0,3.0,Always,no,2.0,no,0.0,0.0,Sometimes,Public_Transportation,Normal_Weight,0.2462686567164179
Male,0.5106382978723404,0.5660377358490565,0.2686567164179104,0.3042328042328043,yes,no,3.0,3.0,Frequently,no,1.0,no,2.0,1.0,no,Automobile,Normal_Weight,0.26865671641791045
Male,0.08510638297872342,0.5660377358490565,0.2313432835820895,0.26190476190476186,no,yes,3.0,4.0,Sometimes,no,2.0,no,1.0,1.0,no,Public_Transportation,Normal_Weight,0.23134328358208955
Female,0.23404255319148937,0.20754716981132093,0.04477611940298504,0.14550264550264552,no,yes,2.0,3.0,Sometimes,no,1.0,no,0.0,0.0,Sometimes,Public_Transportation,Normal_Weight,0.04477611940298507
Female,0.276595744680851,0.18867924528301883,0.17910447761194026,0.3492063492063492,no,yes,2.0,3.0,Sometimes,no,1.0,no,0.0,1.0,Sometimes,Automobile,Overweight_Level_I,0.1791044776119403
Male,0.14893617021276595,0.4150943396226414,0.208955223880597,0.29100529100529104,yes,yes,3.0,1.0,Always,no,2.0,no,1.0,1.0,no,Public_Transportation,Normal_Weight,0.208955223880597
Male,0.5106382978723404,0.5660377358490565,0.2686567164179104,0.3042328042328043,yes,no,3.0,3.0,Frequently,no,1.0,no,3.0,1.0,no,Automobile,Normal_Weight,0.26865671641791045
Female,0.19148936170212766,0.5660377358490565,0.12686567164179102,0.14021164021164023,no,no,3.0,3.0,Frequently,no,2.0,no,2.0,0.0,Sometimes,Public_Transportation,Insufficient_Weight,0.12686567164179105
Male,0.08510638297872342,0.6603773584905661,0.2462686567164179,0.24338624338624337,yes,yes,2.0,3.0,Sometimes,no,2.0,no,3.0,0.0,Sometimes,Automobile,Normal_Weight,0.2462686567164179
Female,0.34042553191489366,0.37735849056603765,0.2388059701492537,0.3465608465608466,yes,yes,2.0,3.0,Sometimes,no,1.0,no,0.0,0.0,Sometimes,Public_Transportation,Overweight_Level_I,0.23880597014925373
Female,0.14893617021276595,0.18867924528301883,0.14179104477611937,0.2936507936507937,no,yes,2.0,1.0,Sometimes,no,1.0,no,1.0,0.0,Sometimes,Public_Transportation,Normal_Weight,0.1417910447761194
Male,0.08510638297872342,0.4716981132075473,0.12164179104477607,0.1613756613756614,yes,yes,3.0,3.0,Sometimes,no,2.0,no,3.0,0.0,Sometimes,Public_Transportation,Normal_Weight,0.1216417910447761
Male,0.19148936170212766,0.509433962264151,0.2761194029850746,0.33597883597883593,yes,no,3.0,4.0,Frequently,no,1.0,no,0.0,0.0,Sometimes,Public_Transportation,Overweight_Level_I,0.27611940298507465
Male,0.10638297872340424,0.5471698113207548,0.2611940298507463,0.3015873015873015,yes,no,3.0,1.0,Sometimes,no,3.0,no,3.0,1.0,Sometimes,Walking,Normal_Weight,0.26119402985074625
Female,0.10638297872340424,0.37735849056603765,0.3208955223880597,0.45238095238095244,yes,yes,3.0,3.0,Sometimes,no,1.0,no,0.0,1.0,Sometimes,Public_Transportation,Obesity_Type_I,0.3208955223880597
Female,0.06382978723404253,0.6603773584905661,0.08208955223880593,0.06349206349206349,no,yes,3.0,4.0,Frequently,no,1.0,no,2.0,1.0,Sometimes,Public_Transportation,Insufficient_Weight,0.08208955223880597
Male,0.06382978723404253,0.5471698113207548,0.12686567164179102,0.14550264550264552,yes,yes,2.0,3.0,Sometimes,no,2.0,no,2.0,1.0,no,Public_Transportation,Normal_Weight,0.12686567164179105
Male,0.276595744680851,0.7547169811320757,0.2686567164179104,0.23544973544973546,yes,yes,2.0,1.0,Sometimes,no,2.0,no,1.0,0.0,no,Walking,Normal_Weight,0.26865671641791045
Female,0.19148936170212766,0.4716981132075473,0.12686567164179102,0.1693121693121693,no,no,3.0,4.0,Always,no,3.0,yes,3.0,0.0,no,Automobile,Normal_Weight,0.12686567164179105
Female,0.08510638297872342,0.0,0.10447761194029848,0.3227513227513228,no,yes,2.0,3.0,Frequently,no,2.0,yes,1.0,2.0,Frequently,Public_Transportation,Overweight_Level_I,0.1044776119402985
Male,0.10638297872340424,0.4716981132075473,0.08208955223880593,0.11375661375661378,no,yes,1.0,4.0,Frequently,no,1.0,no,2.0,1.0,Sometimes,Public_Transportation,Insufficient_Weight,0.08208955223880597
Male,0.12765957446808512,0.4716981132075473,0.19402985074626866,0.2513227513227513,no,yes,2.0,3.0,Sometimes,no,2.0,no,0.0,1.0,no,Public_Transportation,Normal_Weight,0.19402985074626866
Male,0.08510638297872342,0.6226415094339623,0.18955223880597016,0.19312169312169314,yes,yes,3.0,3.0,Frequently,no,2.0,no,3.0,2.0,no,Walking,Normal_Weight,0.1895522388059702
Female,0.06382978723404253,0.28301886792452846,0.19402985074626866,0.328042328042328,no,yes,3.0,1.0,Sometimes,no,2.0,yes,1.0,2.0,Sometimes,Public_Transportation,Overweight_Level_I,0.19402985074626866
Female,0.10638297872340424,0.15094339622641506,0.022388059701492546,0.1296296296296296,no,no,2.0,3.0,Sometimes,no,1.0,yes,2.0,0.0,Frequently,Public_Transportation,Insufficient_Weight,0.022388059701492536
Male,0.14893617021276595,0.6603773584905661,0.2462686567164179,0.24338624338624337,no,yes,3.0,3.0,Sometimes,no,2.0,no,1.0,1.0,no,Public_Transportation,Normal_Weight,0.2462686567164179
Male,0.12765957446808512,0.28301886792452846,0.08208955223880593,0.17195767195767198,no,no,2.0,3.0,Sometimes,no,1.0,no,0.0,0.0,Sometimes,Public_Transportation,Normal_Weight,0.08208955223880597
Male,0.19148936170212766,0.5471698113207548,0.49253731343283574,0.5740740740740742,yes,yes,3.0,3.0,Sometimes,no,2.0,no,1.0,0.0,Sometimes,Public_Transportation,Obesity_Type_I,0.4925373134328358
Male,0.19148936170212766,0.37735849056603765,0.2014925373134328,0.2962962962962963,no,no,3.0,3.0,Sometimes,no,2.0,no,3.0,0.0,no,Public_Transportation,Normal_Weight,0.20149253731343283
Male,0.08510638297872342,0.7924528301886795,1.0,0.9656084656084656,yes,yes,3.0,3.0,Frequently,no,2.0,no,2.0,1.0,Sometimes,Public_Transportation,Obesity_Type_III,1.0
Male,0.06382978723404253,0.4716981132075473,0.11940298507462688,0.15873015873015872,no,yes,3.0,3.0,Always,no,2.0,no,3.0,1.0,Sometimes,Public_Transportation,Normal_Weight,0.11940298507462686
Female,0.14893617021276595,0.16981132075471717,0.05970149253731344,0.17989417989417988,yes,no,3.0,3.0,Always,no,1.0,no,2.0,0.0,no,Public_Transportation,Normal_Weight,0.05970149253731343
Male,0.06382978723404253,0.6603773584905661,0.43283582089552236,0.4470899470899471,yes,yes,2.0,3.0,Sometimes,no,3.0,no,1.0,1.0,Sometimes,Walking,Overweight_Level_II,0.43283582089552236
Male,0.08510638297872342,0.6981132075471699,0.3059701492537313,0.2962962962962963,yes,yes,2.0,3.0,Sometimes,no,2.0,no,3.0,2.0,no,Walking,Normal_Weight,0.30597014925373134
Male,0.12765957446808512,1.0,0.6417910447761195,0.5,yes,yes,2.0,3.0,Always,no,3.0,no,1.0,1.0,Sometimes,Public_Transportation,Obesity_Type_I,0.6417910447761194
Male,0.06382978723404253,0.5660377358490565,0.2313432835820895,0.26190476190476186,yes,no,2.0,3.0,Sometimes,no,1.0,no,3.0,2.0,Sometimes,Walking,Normal_Weight,0.23134328358208955
Female,0.25531914893617025,0.37735849056603765,0.15671641791044777,0.23809523809523814,no,no,3.0,4.0,Always,no,2.0,no,2.0,0.0,no,Walking,Normal_Weight,0.15671641791044777
Female,0.06382978723404253,0.28301886792452846,0.10447761194029848,0.20370370370370372,no,yes,1.0,3.0,Sometimes,no,1.0,no,2.0,2.0,Sometimes,Walking,Normal_Weight,0.1044776119402985
Female,0.21276595744680848,0.28301886792452846,0.08955223880597013,0.18253968253968256,yes,yes,1.0,3.0,Sometimes,no,2.0,no,0.0,1.0,Sometimes,Automobile,Normal_Weight,0.08955223880597014
Female,0.06382978723404253,0.28301886792452846,0.14925373134328357,0.26455026455026454,no,yes,2.0,3.0,Sometimes,no,2.0,no,1.0,2.0,no,Public_Transportation,Normal_Weight,0.14925373134328357
Female,0.276595744680851,0.18867924528301883,0.17164179104477612,0.3386243386243386,no,yes,3.0,1.0,Sometimes,no,1.0,no,1.0,0.0,Sometimes,Public_Transportation,Overweight_Level_I,0.17164179104477612
Male,0.06382978723404253,0.8490566037735849,0.15671641791044777,0.09523809523809529,no,no,3.0,3.0,Sometimes,no,2.0,no,3.0,1.0,no,Walking,Insufficient_Weight,0.15671641791044777
Female,0.06382978723404253,0.4716981132075473,0.12686567164179102,0.1693121693121693,yes,yes,1.0,3.0,Sometimes,no,1.0,no,1.0,1.0,no,Automobile,Normal_Weight,0.12686567164179105
Male,0.5744680851063829,0.5660377358490565,0.5298507462686568,0.6058201058201058,yes,no,2.0,1.0,Sometimes,no,1.0,no,1.0,0.0,Frequently,Automobile,Obesity_Type_II,0.5298507462686567
Female,0.4042553191489362,0.20754716981132093,0.06716417910447758,0.1772486772486772,yes,no,2.0,3.0,Sometimes,no,2.0,no,1.0,0.0,Sometimes,Public_Transportation,Normal_Weight,0.06716417910447761
Male,0.12765957446808512,0.7924528301886795,0.2686567164179104,0.2222222222222222,no,yes,2.0,3.0,Frequently,no,1.0,no,1.0,1.0,Sometimes,Public_Transportation,Normal_Weight,0.26865671641791045
Female,0.5531914893617021,0.20754716981132093,0.3059701492537313,0.5264550264550264,yes,yes,2.0,1.0,Sometimes,no,2.0,no,2.0,0.0,no,Public_Transportation,Obesity_Type_I,0.30597014925373134
Female,0.4893617021276596,0.37735849056603765,0.2537313432835821,0.3650793650793651,yes,no,3.0,3.0,Sometimes,no,2.0,no,1.0,0.0,Sometimes,Automobile,Overweight_Level_I,0.2537313432835821
Male,0.10638297872340424,0.6603773584905661,0.3059701492537313,0.30952380952380953,no,yes,2.0,1.0,Sometimes,no,2.0,no,2.0,1.0,Sometimes,Public_Transportation,Normal_Weight,0.30597014925373134
Male,0.21276595744680848,0.7358490566037736,0.3507462686567164,0.328042328042328,yes,yes,2.0,1.0,Always,no,2.0,no,2.0,1.0,Sometimes,Public_Transportation,Overweight_Level_I,0.35074626865671643
Male,0.21276595744680848,0.4716981132075473,0.2164179104477612,0.2777777777777778,no,yes,3.0,3.0,Sometimes,no,2.0,no,0.0,0.0,Sometimes,Motorbike,Normal_Weight,0.21641791044776118
Male,0.4042553191489362,0.509433962264151,0.3283582089552239,0.39947089947089953,yes,yes,2.0,1.0,Sometimes,no,2.0,no,3.0,0.0,Sometimes,Automobile,Overweight_Level_II,0.3283582089552239
Female,0.5531914893617021,0.2452830188679247,0.17910447761194026,0.3227513227513228,no,yes,2.0,3.0,Frequently,no,2.0,no,3.0,1.0,Sometimes,Public_Transportation,Overweight_Level_I,0.1791044776119403
Female,0.4893617021276596,0.4339622641509435,0.3283582089552239,0.43386243386243384,yes,yes,2.0,1.0,Sometimes,no,2.0,no,0.0,0.0,no,Automobile,Overweight_Level_II,0.3283582089552239
Male,0.12765957446808512,0.2452830188679247,0.2611940298507463,0.4391534391534392,no,no,3.0,3.0,Frequently,no,2.0,no,3.0,1.0,Sometimes,Public_Transportation,Overweight_Level_II,0.26119402985074625
Male,0.10638297872340424,0.6603773584905661,0.15671641791044777,0.14550264550264552,no,yes,2.0,3.0,Sometimes,no,1.0,no,1.0,1.0,no,Public_Transportation,Normal_Weight,0.15671641791044777
Male,0.06382978723404253,0.3207547169811322,0.2238805970149254,0.35185185185185186,yes,yes,3.0,1.0,Always,no,2.0,yes,1.0,2.0,Sometimes,Public_Transportation,Overweight_Level_I,0.22388059701492538
Female,0.08510638297872342,0.3207547169811322,0.14179104477611937,0.2407407407407408,no,yes,3.0,3.0,Sometimes,no,1.0,no,0.0,2.0,no,Automobile,Normal_Weight,0.1417910447761194
Female,0.14893617021276595,0.16981132075471717,0.12686567164179102,0.28042328042328046,no,yes,2.0,1.0,Sometimes,no,2.0,no,0.0,2.0,Sometimes,Public_Transportation,Normal_Weight,0.12686567164179105
Male,0.08510638297872342,0.5849056603773586,0.2313432835820895,0.25396825396825407,yes,yes,2.0,4.0,Frequently,no,2.0,no,2.0,1.0,Sometimes,Automobile,Normal_Weight,0.23134328358208955
Male,0.5744680851063829,0.6603773584905661,0.39552238805970147,0.40740740740740744,yes,yes,2.0,1.0,Frequently,no,3.0,no,1.0,0.0,Sometimes,Automobile,Overweight_Level_II,0.39552238805970147
Female,0.46808510638297873,0.2452830188679247,0.15671641791044777,0.29100529100529104,yes,no,3.0,3.0,Sometimes,no,1.0,no,2.0,0.0,Sometimes,Automobile,Normal_Weight,0.15671641791044777
Male,0.08510638297872342,0.5849056603773586,0.2164179104477612,0.23809523809523814,no,no,2.0,4.0,Frequently,no,2.0,no,1.0,1.0,Sometimes,Public_Transportation,Normal_Weight,0.21641791044776118
Male,0.08510638297872342,0.5283018867924527,0.2313432835820895,0.2751322751322751,no,yes,3.0,3.0,Frequently,no,1.0,no,2.0,1.0,Sometimes,Public_Transportation,Normal_Weight,0.23134328358208955
Male,0.06382978723404253,0.4716981132075473,0.2313432835820895,0.2962962962962963,yes,yes,3.0,3.0,Sometimes,no,2.0,no,0.0,2.0,Sometimes,Walking,Normal_Weight,0.23134328358208955
Male,0.23404255319148937,0.4716981132075473,0.3283582089552239,0.41534391534391535,no,yes,3.0,3.0,Sometimes,no,3.0,yes,3.0,0.0,no,Motorbike,Overweight_Level_II,0.3283582089552239
Male,0.14893617021276595,0.6603773584905661,0.2686567164179104,0.2671957671957672,yes,yes,3.0,3.0,Frequently,no,1.0,no,2.0,0.0,Sometimes,Public_Transportation,Normal_Weight,0.26865671641791045
Female,0.3191489361702128,0.28301886792452846,0.12686567164179102,0.23544973544973546,yes,no,2.0,3.0,Frequently,no,1.0,no,0.0,1.0,Sometimes,Public_Transportation,Normal_Weight,0.12686567164179105
Male,0.06382978723404253,0.4716981132075473,0.44029850746268656,0.5529100529100529,yes,no,2.0,3.0,Sometimes,no,2.0,no,0.0,1.0,Sometimes,Automobile,Obesity_Type_I,0.44029850746268656
Female,0.08510638297872342,0.28301886792452846,0.15671641791044777,0.2751322751322751,yes,yes,3.0,1.0,Sometimes,no,1.0,yes,0.0,2.0,no,Walking,Normal_Weight,0.15671641791044777
Female,0.04255319148936171,0.18867924528301883,0.04477611940298504,0.15079365079365076,no,yes,2.0,3.0,Frequently,no,2.0,no,1.0,1.0,no,Public_Transportation,Normal_Weight,0.04477611940298507
Female,0.08510638297872342,0.2641509433962268,0.10447761194029848,0.21164021164021163,no,no,1.0,3.0,Sometimes,no,1.0,no,1.0,2.0,no,Public_Transportation,Normal_Weight,0.1044776119402985
Female,0.4893617021276596,0.09433962264150964,0.2686567164179104,0.537037037037037,yes,yes,2.0,3.0,Frequently,no,1.0,no,0.0,0.0,Sometimes,Motorbike,Obesity_Type_I,0.26865671641791045
Male,0.08510638297872342,0.6226415094339623,0.5149253731343284,0.5582010582010583,yes,no,2.0,3.0,Sometimes,no,3.0,no,1.0,0.0,no,Public_Transportation,Obesity_Type_I,0.5149253731343284
Female,0.04255319148936171,0.30188679245283057,0.19402985074626866,0.3201058201058201,yes,yes,1.0,1.0,Sometimes,no,2.0,no,0.0,0.0,no,Public_Transportation,Overweight_Level_I,0.19402985074626866
Male,0.19148936170212766,0.49056603773584895,0.08208955223880593,0.10846560846560849,yes,yes,2.0,3.0,Always,no,3.0,no,0.0,2.0,no,Public_Transportation,Insufficient_Weight,0.08208955223880597
Female,0.08510638297872342,0.4716981132075473,0.08208955223880593,0.11375661375661378,no,no,2.0,3.0,Sometimes,no,2.0,no,0.0,1.0,Sometimes,Walking,Insufficient_Weight,0.08208955223880597
Male,0.08510638297872342,0.5849056603773586,0.22761194029850745,0.2486772486772486,no,no,3.0,3.0,Frequently,no,3.0,no,2.0,2.0,no,Public_Transportation,Normal_Weight,0.22761194029850745
Male,0.08510638297872342,0.4716981132075473,0.291044776119403,0.37037037037037035,no,yes,1.0,3.0,Sometimes,no,2.0,no,0.0,1.0,Sometimes,Public_Transportation,Overweight_Level_II,0.291044776119403
Female,0.06382978723404253,0.15094339622641506,0.11940298507462688,0.2777777777777778,yes,yes,2.0,3.0,Sometimes,no,1.0,no,0.0,1.0,no,Public_Transportation,Normal_Weight,0.11940298507462686
Female,0.12765957446808512,0.16981132075471717,0.0,0.08994708994708989,yes,yes,1.0,3.0,Sometimes,no,2.0,no,3.0,2.0,Sometimes,Public_Transportation,Insufficient_Weight,0.0
Female,0.5106382978723404,0.18867924528301883,0.14925373134328357,0.306878306878307,yes,no,3.0,3.0,Sometimes,no,1.0,no,2.0,1.0,Frequently,Automobile,Normal_Weight,0.14925373134328357
Male,0.12765957446808512,0.3962264150943393,0.15671641791044777,0.2328042328042328,no,yes,2.0,4.0,Frequently,no,3.0,no,0.0,0.0,no,Public_Transportation,Normal_Weight,0.15671641791044777
Male,0.14893617021276595,0.7547169811320757,0.6417910447761195,0.6216931216931217,yes,yes,3.0,1.0,Always,no,1.0,no,0.0,0.0,Sometimes,Public_Transportation,Obesity_Type_II,0.6417910447761194
Male,0.14893617021276595,0.37735849056603765,0.15671641791044777,0.23809523809523814,no,no,3.0,1.0,Frequently,no,1.0,no,0.0,0.0,Sometimes,Motorbike,Normal_Weight,0.15671641791044777
Male,0.08510638297872342,0.37735849056603765,0.2313432835820895,0.33597883597883593,yes,no,2.0,3.0,Sometimes,no,2.0,no,0.0,0.0,no,Public_Transportation,Overweight_Level_I,0.23134328358208955
Male,0.25531914893617025,0.716981132075472,0.3208955223880597,0.3042328042328043,no,yes,2.0,3.0,Always,no,2.0,no,1.0,1.0,Sometimes,Public_Transportation,Normal_Weight,0.3208955223880597
Male,0.276595744680851,0.716981132075472,0.44776119402985076,0.4391534391534392,yes,yes,3.0,1.0,Frequently,no,2.0,no,2.0,1.0,Sometimes,Walking,Overweight_Level_II,0.44776119402985076
Female,0.25531914893617025,0.3962264150943393,0.544776119402985,0.7301587301587302,yes,no,3.0,3.0,Sometimes,no,3.0,no,0.0,0.0,no,Automobile,Obesity_Type_III,0.5447761194029851
Male,0.42553191489361697,0.6226415094339623,0.2537313432835821,0.26455026455026454,no,yes,2.0,3.0,Sometimes,no,2.0,no,3.0,1.0,Sometimes,Automobile,Normal_Weight,0.2537313432835821
Male,0.08510638297872342,0.5471698113207548,0.3507462686567164,0.40740740740740744,no,no,3.0,3.0,Sometimes,no,2.0,no,3.0,0.0,no,Public_Transportation,Overweight_Level_II,0.35074626865671643
Male,0.4042553191489362,0.5849056603773586,0.2052238805970149,0.22486772486772488,no,no,2.0,3.0,Sometimes,no,2.0,no,3.0,1.0,Sometimes,Automobile,Normal_Weight,0.20522388059701493
Female,0.10638297872340424,0.1132075471698113,0.14925373134328357,0.3412698412698413,yes,yes,3.0,3.0,Frequently,no,1.0,no,1.0,2.0,Sometimes,Walking,Overweight_Level_I,0.14925373134328357
Male,0.12765957446808512,0.6792452830188682,0.2985074626865672,0.2936507936507937,yes,no,3.0,1.0,Sometimes,no,2.0,no,0.0,0.0,Sometimes,Public_Transportation,Normal_Weight,0.29850746268656714
Female,0.4042553191489362,0.18867924528301883,0.11940298507462688,0.26190476190476186,yes,yes,3.0,1.0,Sometimes,no,3.0,no,2.0,1.0,Sometimes,Public_Transportation,Normal_Weight,0.11940298507462686
Male,0.12765957446808512,0.716981132075472,0.2014925373134328,0.1772486772486772,no,no,2.0,3.0,Sometimes,no,2.0,no,1.0,1.0,no,Public_Transportation,Normal_Weight,0.20149253731343283
Female,0.12765957446808512,0.28301886792452846,0.19402985074626866,0.328042328042328,no,no,3.0,3.0,Sometimes,no,2.0,yes,0.0,0.0,Sometimes,Public_Transportation,Overweight_Level_I,0.19402985074626866
Male,0.4042553191489362,0.7547169811320757,0.3432835820895522,0.3121693121693122,no,yes,2.0,3.0,Frequently,no,2.0,no,1.0,0.0,Sometimes,Automobile,Normal_Weight,0.34328358208955223
Male,0.4042553191489362,0.5660377358490565,0.3432835820895522,0.3915343915343916,no,no,2.0,3.0,Sometimes,no,2.0,yes,1.0,0.0,Sometimes,Public_Transportation,Overweight_Level_II,0.34328358208955223
Male,0.4042553191489362,0.716981132075472,0.5522388059701493,0.5476190476190477,yes,yes,2.0,1.0,Always,no,2.0,no,1.0,2.0,Frequently,Automobile,Obesity_Type_I,0.5522388059701493
Male,0.0,0.49056603773584895,0.2462686567164179,0.306878306878307,yes,yes,3.0,3.0,Sometimes,no,3.0,no,2.0,1.0,no,Walking,Normal_Weight,0.2462686567164179
Male,0.42553191489361697,0.7358490566037736,0.3656716417910448,0.34391534391534395,no,yes,3.0,3.0,Sometimes,no,1.0,yes,2.0,0.0,no,Automobile,Overweight_Level_I,0.3656716417910448
Male,0.08510638297872342,0.6037735849056602,0.3582089552238806,0.3915343915343916,yes,yes,3.0,3.0,Sometimes,no,2.0,no,1.0,1.0,Frequently,Public_Transportation,Overweight_Level_II,0.3582089552238806
Male,0.08510638297872342,0.4716981132075473,0.38059701492537307,0.47883597883597895,no,yes,3.0,3.0,Sometimes,no,2.0,no,2.0,0.0,Sometimes,Public_Transportation,Obesity_Type_I,0.3805970149253731
Male,0.3191489361702128,0.3207547169811322,0.373134328358209,0.5529100529100529,yes,yes,1.0,3.0,Sometimes,no,1.0,no,0.0,0.0,Sometimes,Public_Transportation,Obesity_Type_I,0.373134328358209
Male,0.08510638297872342,0.7547169811320757,0.15671641791044777,0.11904761904761907,yes,yes,3.0,4.0,Sometimes,no,2.0,yes,2.0,0.0,Sometimes,Automobile,Insufficient_Weight,0.15671641791044777
Male,0.08510638297872342,0.7358490566037736,0.15671641791044777,0.1243386243386243,yes,yes,3.0,4.0,Sometimes,no,2.0,yes,2.0,0.0,Sometimes,Automobile,Insufficient_Weight,0.15671641791044777
Male,0.10638297872340424,0.5660377358490565,0.14179104477611937,0.15608465608465605,no,yes,2.0,3.0,Sometimes,no,2.0,no,2.0,0.0,Sometimes,Bike,Normal_Weight,0.1417910447761194
Male,0.4042553191489362,0.7547169811320757,0.40298507462686567,0.3756613756613757,yes,yes,2.0,3.0,Sometimes,no,1.0,no,1.0,1.0,Sometimes,Walking,Overweight_Level_II,0.40298507462686567
Male,0.4042553191489362,0.5471698113207548,0.2761194029850746,0.3201058201058201,no,no,2.0,3.0,Sometimes,no,1.0,no,0.0,2.0,Sometimes,Walking,Overweight_Level_I,0.27611940298507465
Female,0.10638297872340424,0.30188679245283057,0.11044776119402983,0.2063492063492064,yes,yes,2.0,3.0,Always,no,2.0,no,2.0,1.0,Sometimes,Public_Transportation,Normal_Weight,0.11044776119402983
Male,0.17021276595744683,0.5660377358490565,0.2313432835820895,0.26190476190476186,no,no,2.0,3.0,Sometimes,no,3.0,no,1.0,1.0,no,Public_Transportation,Normal_Weight,0.23134328358208955
Female,0.12765957446808512,0.4150943396226414,0.15671641791044777,0.22486772486772488,no,yes,3.0,3.0,no,no,2.0,no,3.0,0.0,Sometimes,Public_Transportation,Normal_Weight,0.15671641791044777
Male,0.19148936170212766,0.4716981132075473,0.2238805970149254,0.28835978835978837,no,yes,3.0,1.0,Frequently,no,1.0,no,2.0,1.0,Sometimes,Public_Transportation,Normal_Weight,0.22388059701492538
Male,0.25531914893617025,0.8490566037735849,0.3059701492537313,0.24338624338624337,yes,yes,2.0,3.0,Frequently,no,1.0,yes,1.0,0.0,Sometimes,Automobile,Normal_Weight,0.30597014925373134
Male,0.08510638297872342,0.37735849056603765,0.3432835820895522,0.4814814814814815,no,yes,2.0,3.0,Sometimes,no,1.0,no,1.0,0.0,Sometimes,Public_Transportation,Obesity_Type_I,0.34328358208955223
Female,0.08510638297872342,0.28301886792452846,0.11940298507462688,0.22486772486772488,no,yes,2.0,4.0,Frequently,no,2.0,no,2.0,1.0,Sometimes,Public_Transportation,Normal_Weight,0.11940298507462686
Male,0.10638297872340424,0.6603773584905661,0.2313432835820895,0.22751322751322756,no,yes,3.0,3.0,Frequently,no,1.0,no,2.0,0.0,no,Public_Transportation,Normal_Weight,0.23134328358208955
Female,0.08510638297872342,0.35849056603773555,0.14925373134328357,0.23544973544973546,yes,yes,2.0,3.0,Sometimes,no,1.0,no,1.0,1.0,Sometimes,Public_Transportation,Normal_Weight,0.14925373134328357
Male,0.10638297872340424,0.8301886792452828,0.3582089552238806,0.3015873015873015,no,yes,2.0,4.0,Frequently,no,2.0,no,3.0,1.0,Frequently,Automobile,Normal_Weight,0.3582089552238806
Female,0.10638297872340424,0.5849056603773586,0.3059701492537313,0.3386243386243386,yes,yes,2.0,1.0,Sometimes,no,3.0,no,3.0,1.0,no,Public_Transportation,Overweight_Level_I,0.30597014925373134
Female,0.08510638297872342,0.20754716981132093,0.11940298507462688,0.25396825396825407,no,yes,2.0,3.0,Sometimes,no,1.0,no,0.0,0.0,Frequently,Automobile,Normal_Weight,0.11940298507462686
Female,0.08510638297872342,0.28301886792452846,0.12686567164179102,0.23544973544973546,yes,yes,2.0,1.0,Always,no,2.0,no,1.0,0.0,Sometimes,Walking,Normal_Weight,0.12686567164179105
Female,0.10638297872340424,0.4150943396226414,0.18656716417910446,0.26190476190476186,no,yes,3.0,3.0,Sometimes,no,2.0,no,2.0,1.0,Sometimes,Automobile,Normal_Weight,0.1865671641791045
Female,0.10638297872340424,0.28301886792452846,0.15671641791044777,0.2751322751322751,no,yes,2.0,3.0,Frequently,no,2.0,no,0.0,1.0,Sometimes,Public_Transportation,Normal_Weight,0.15671641791044777
Female,0.08510638297872342,0.18867924528301883,0.12686567164179102,0.27248677248677255,no,yes,2.0,3.0,Sometimes,no,1.0,no,0.0,0.0,no,Automobile,Normal_Weight,0.12686567164179105
Female,0.08510638297872342,0.18867924528301883,0.08208955223880593,0.2063492063492064,yes,yes,3.0,3.0,Frequently,no,1.0,no,1.0,2.0,no,Public_Transportation,Normal_Weight,0.08208955223880597
Male,0.25531914893617025,0.509433962264151,0.19402985074626866,0.23809523809523814,yes,yes,2.0,3.0,Sometimes,no,2.0,no,0.0,1.0,Sometimes,Walking,Normal_Weight,0.19402985074626866
Male,0.08510638297872342,0.509433962264151,0.10447761194029848,0.1296296296296296,yes,yes,2.0,3.0,Sometimes,no,2.0,no,0.0,2.0,Sometimes,Public_Transportation,Insufficient_Weight,0.1044776119402985
Male,0.10638297872340424,0.4716981132075473,0.15671641791044777,0.2063492063492064,yes,yes,2.0,1.0,Sometimes,no,2.0,no,2.0,0.0,Sometimes,Public_Transportation,Normal_Weight,0.15671641791044777
Female,0.10638297872340424,0.1132075471698113,0.04477611940298504,0.1772486772486772,no,yes,2.0,4.0,Sometimes,no,1.0,no,3.0,0.0,Sometimes,Public_Transportation,Normal_Weight,0.04477611940298507
Male,0.10638297872340424,0.716981132075472,0.3208955223880597,0.3042328042328043,yes,yes,3.0,3.0,Frequently,no,2.0,no,2.0,0.0,Sometimes,Public_Transportation,Normal_Weight,0.3208955223880597
Male,0.10638297872340424,0.6603773584905661,0.3582089552238806,0.3677248677248677,yes,yes,2.0,4.0,Sometimes,no,2.0,no,2.0,1.0,Sometimes,Public_Transportation,Overweight_Level_I,0.3582089552238806
Female,0.21276595744680848,0.28301886792452846,0.458955223880597,0.6957671957671958,yes,yes,3.0,1.0,Sometimes,no,1.0,no,0.0,2.0,Sometimes,Public_Transportation,Obesity_Type_II,0.458955223880597
Female,0.08510638297872342,0.3396226415094339,0.17910447761194026,0.283068783068783,yes,yes,1.0,3.0,Sometimes,no,2.0,no,2.0,2.0,Sometimes,Public_Transportation,Normal_Weight,0.1791044776119403
Male,0.10638297872340424,0.49056603773584895,0.2388059701492537,0.29894179894179895,no,yes,3.0,3.0,Sometimes,no,2.0,no,1.0,1.0,Sometimes,Public_Transportation,Normal_Weight,0.23880597014925373
Male,0.10638297872340424,0.4716981132075473,0.19402985074626866,0.2513227513227513,yes,no,2.0,3.0,Frequently,no,2.0,no,1.0,0.0,no,Public_Transportation,Normal_Weight,0.19402985074626866
Male,0.19148936170212766,0.5660377358490565,0.2238805970149254,0.2513227513227513,no,no,3.0,3.0,no,no,2.0,no,2.0,1.0,Sometimes,Automobile,Normal_Weight,0.22388059701492538
Female,0.08510638297872342,0.3207547169811322,0.08208955223880593,0.1613756613756614,no,yes,3.0,3.0,Sometimes,no,1.0,no,0.0,0.0,Sometimes,Automobile,Normal_Weight,0.08208955223880597
Female,0.12765957446808512,0.4339622641509435,0.2164179104477612,0.2936507936507937,no,yes,3.0,1.0,Sometimes,no,1.0,no,1.0,0.0,no,Public_Transportation,Normal_Weight,0.21641791044776118
Male,0.08510638297872342,0.7547169811320757,0.2014925373134328,0.16666666666666674,no,yes,2.0,3.0,Frequently,no,1.0,no,1.0,1.0,Sometimes,Public_Transportation,Normal_Weight,0.20149253731343283
Female,0.4042553191489362,0.2641509433962268,0.15671641791044777,0.283068783068783,no,yes,3.0,1.0,Frequently,no,2.0,no,0.0,0.0,no,Public_Transportation,Normal_Weight,0.15671641791044777
Female,0.10638297872340424,0.09433962264150964,0.04477611940298504,0.18518518518518523,no,yes,2.0,3.0,Sometimes,no,1.0,no,0.0,0.0,Sometimes,Public_Transportation,Normal_Weight,0.04477611940298507
Male,0.10638297872340424,0.4528301886792452,0.15671641791044777,0.21164021164021163,no,yes,2.0,3.0,Always,no,1.0,no,1.0,1.0,Sometimes,Public_Transportation,Normal_Weight,0.15671641791044777
Male,0.10638297872340424,0.5849056603773586,0.2985074626865672,0.3306878306878307,yes,yes,2.0,3.0,Frequently,no,3.0,no,1.0,2.0,Frequently,Public_Transportation,Overweight_Level_I,0.29850746268656714
Male,0.14893617021276595,0.49056603773584895,0.45522388059701485,0.5608465608465609,yes,yes,2.0,1.0,Sometimes,no,2.0,no,0.0,2.0,no,Public_Transportation,Obesity_Type_I,0.4552238805970149
Male,0.276595744680851,0.509433962264151,0.3656716417910448,0.44179894179894186,yes,yes,2.0,1.0,Always,no,2.0,no,0.0,0.0,Sometimes,Automobile,Overweight_Level_II,0.3656716417910448
Male,0.06382978723404253,0.6603773584905661,0.2164179104477612,0.21164021164021163,yes,no,2.0,3.0,Sometimes,no,1.0,no,2.0,1.0,Sometimes,Public_Transportation,Normal_Weight,0.21641791044776118
Male,0.08510638297872342,0.9056603773584904,0.3507462686567164,0.2671957671957672,no,no,3.0,4.0,Always,no,2.0,no,2.0,0.0,Sometimes,Walking,Normal_Weight,0.35074626865671643
Female,0.08510638297872342,0.28301886792452846,0.08955223880597013,0.18253968253968256,yes,yes,2.0,3.0,Frequently,no,1.0,no,1.0,1.0,Sometimes,Public_Transportation,Normal_Weight,0.08955223880597014
Male,0.17021276595744683,0.5471698113207548,0.2686567164179104,0.3121693121693122,yes,yes,3.0,3.0,Frequently,no,1.0,no,1.0,0.0,no,Automobile,Normal_Weight,0.26865671641791045
Female,0.12765957446808512,0.3207547169811322,0.04477611940298504,0.10846560846560849,no,yes,3.0,3.0,Frequently,no,1.0,no,1.0,0.0,Sometimes,Public_Transportation,Insufficient_Weight,0.04477611940298507
Female,0.10638297872340424,0.16981132075471717,0.022388059701492546,0.1243386243386243,no,yes,3.0,1.0,Sometimes,no,2.0,no,0.0,1.0,no,Public_Transportation,Insufficient_Weight,0.022388059701492536
Female,0.12765957446808512,0.20754716981132093,0.09328358208955223,0.21693121693121686,no,yes,2.0,3.0,Frequently,no,2.0,no,3.0,0.0,Sometimes,Public_Transportation,Normal_Weight,0.09328358208955224
Female,0.08510638297872342,0.28301886792452846,0.3283582089552239,0.5132275132275133,yes,yes,2.0,3.0,Sometimes,no,2.0,yes,1.0,0.0,no,Public_Transportation,Obesity_Type_I,0.3283582089552239
Female,0.08510638297872342,0.16981132075471717,0.2388059701492537,0.4470899470899471,no,no,3.0,4.0,Frequently,no,2.0,no,1.0,1.0,no,Public_Transportation,Overweight_Level_II,0.23880597014925373
Female,0.08510638297872342,0.3396226415094339,0.08955223880597013,0.16402116402116396,yes,yes,1.0,3.0,Frequently,no,1.0,no,1.0,0.0,Sometimes,Public_Transportation,Normal_Weight,0.08955223880597014
Male,0.10638297872340424,0.6226415094339623,0.18656716417910446,0.19047619047619047,no,yes,2.0,3.0,Sometimes,no,1.0,no,1.0,0.0,no,Public_Transportation,Normal_Weight,0.1865671641791045
Female,0.08510638297872342,0.3207547169811322,0.2164179104477612,0.3412698412698413,no,no,2.0,1.0,Sometimes,no,1.0,no,0.0,2.0,no,Public_Transportation,Overweight_Level_I,0.21641791044776118
Female,0.08510638297872342,0.49056603773584895,0.2686567164179104,0.33333333333333337,yes,yes,3.0,3.0,Sometimes,no,2.0,no,1.0,0.0,no,Public_Transportation,Overweight_Level_I,0.26865671641791045
Female,0.08510638297872342,0.35849056603773555,0.12686567164179102,0.2063492063492064,yes,yes,3.0,3.0,Frequently,no,1.0,yes,1.0,1.0,no,Public_Transportation,Normal_Weight,0.12686567164179105
Male,0.10638297872340424,0.4528301886792452,0.19402985074626866,0.2592592592592593,no,yes,2.0,3.0,Frequently,no,1.0,no,1.0,1.0,Sometimes,Public_Transportation,Normal_Weight,0.19402985074626866
Female,0.06382978723404253,0.2452830188679247,0.08208955223880593,0.18518518518518523,no,yes,1.0,4.0,Frequently,no,2.0,no,1.0,2.0,Sometimes,Public_Transportation,Normal_Weight,0.08208955223880597
Female,0.08510638297872342,0.22641509433962304,0.08208955223880593,0.19312169312169314,no,yes,2.0,3.0,Sometimes,no,1.0,no,0.0,1.0,Sometimes,Public_Transportation,Normal_Weight,0.08208955223880597
Male,0.08510638297872342,0.5471698113207548,0.18656716417910446,0.2142857142857143,yes,yes,3.0,4.0,Sometimes,no,1.0,yes,2.0,0.0,Sometimes,Public_Transportation,Normal_Weight,0.1865671641791045
Female,0.12765957446808512,0.2452830188679247,0.10820895522388058,0.2222222222222222,yes,yes,2.0,1.0,Frequently,no,2.0,no,1.0,1.0,Sometimes,Public_Transportation,Normal_Weight,0.10820895522388059
Female,0.08510638297872342,0.09433962264150964,0.14179104477611937,0.3386243386243386,no,yes,2.0,3.0,Sometimes,no,1.0,no,0.0,0.0,no,Public_Transportation,Overweight_Level_I,0.1417910447761194
Female,0.46808510638297873,0.37735849056603765,0.3059701492537313,0.43386243386243384,yes,yes,2.0,3.0,Sometimes,no,1.0,no,0.0,2.0,no,Automobile,Overweight_Level_II,0.30597014925373134
Male,0.14893617021276595,0.6603773584905661,0.2537313432835821,0.2513227513227513,yes,yes,1.0,3.0,Always,no,2.0,no,3.0,1.0,Sometimes,Public_Transportation,Normal_Weight,0.2537313432835821
Male,0.19148936170212766,0.5660377358490565,0.2686567164179104,0.3042328042328043,no,yes,2.0,3.0,Sometimes,no,2.0,no,1.0,0.0,Frequently,Public_Transportation,Normal_Weight,0.26865671641791045
Male,0.12765957446808512,0.7358490566037736,0.48507462686567165,0.46825396825396826,yes,no,2.0,3.0,Sometimes,no,3.0,no,3.0,0.0,no,Motorbike,Obesity_Type_I,0.48507462686567165
Male,0.14893617021276595,0.8113207547169807,0.3358208955223881,0.2857142857142857,yes,yes,3.0,3.0,Sometimes,no,3.0,no,2.0,1.0,Sometimes,Walking,Normal_Weight,0.3358208955223881
Female,0.10638297872340424,0.20754716981132093,0.08208955223880593,0.19841269841269837,no,yes,2.0,1.0,Sometimes,no,1.0,no,0.0,2.0,no,Public_Transportation,Normal_Weight,0.08208955223880597
Male,0.21276595744680848,0.5660377358490565,0.3358208955223881,0.38095238095238093,no,yes,3.0,3.0,no,no,2.0,yes,1.0,0.0,Sometimes,Public_Transportation,Overweight_Level_II,0.3358208955223881
Male,0.23404255319148937,0.3962264150943393,0.2164179104477612,0.30952380952380953,no,yes,2.0,3.0,Sometimes,yes,1.0,no,1.0,1.0,Sometimes,Public_Transportation,Normal_Weight,0.21641791044776118
Male,0.6595744680851063,0.4716981132075473,0.3507462686567164,0.44444444444444453,no,yes,3.0,3.0,Frequently,no,1.0,no,0.0,0.0,no,Automobile,Overweight_Level_II,0.35074626865671643
Male,0.12765957446808512,0.6603773584905661,0.19402985074626866,0.1878306878306879,no,yes,2.0,3.0,Frequently,no,1.0,no,2.0,0.0,Sometimes,Motorbike,Normal_Weight,0.19402985074626866
Female,0.08510638297872342,0.4150943396226414,0.2014925373134328,0.283068783068783,no,yes,3.0,3.0,Sometimes,no,2.0,no,0.0,0.0,Sometimes,Public_Transportation,Normal_Weight,0.20149253731343283
Male,0.10638297872340424,0.6603773584905661,0.15671641791044777,0.14550264550264552,yes,yes,3.0,1.0,Always,no,1.0,yes,0.0,0.0,no,Motorbike,Normal_Weight,0.15671641791044777
Male,0.12765957446808512,0.20754716981132093,0.04477611940298504,0.14550264550264552,no,no,2.0,3.0,Sometimes,no,2.0,no,1.0,1.0,Sometimes,Public_Transportation,Normal_Weight,0.04477611940298507
Female,0.23404255319148937,0.4528301886792452,0.48955223880597004,0.6296296296296295,yes,yes,3.0,3.0,Sometimes,no,1.152736,no,0.319156,1.0,Sometimes,Public_Transportation,Obesity_Type_III,0.4895522388059701
Female,0.10638297872340424,0.4339622641509435,0.6544776119402984,0.8386243386243388,yes,yes,3.0,3.0,Sometimes,no,1.115967,no,1.541072,1.0,Sometimes,Public_Transportation,Obesity_Type_III,0.6544776119402985
Female,0.25531914893617025,0.3207547169811322,0.535820895522388,0.76984126984127,yes,yes,3.0,3.0,Sometimes,no,2.704507,no,0.0,0.29499,Sometimes,Public_Transportation,Obesity_Type_III,0.535820895522388
Female,0.17021276595744683,0.5849056603773586,0.7373134328358208,0.8386243386243388,yes,yes,3.0,3.0,Sometimes,no,2.184707,no,1.978631,0.838957,Sometimes,Public_Transportation,Obesity_Type_III,0.737313432835821
Female,0.17021276595744683,0.7358490566037736,0.941044776119403,0.9417989417989419,yes,yes,3.0,3.0,Sometimes,no,2.406541,no,0.10032,0.479221,Sometimes,Public_Transportation,Obesity_Type_III,0.941044776119403
Female,0.08510638297872342,0.5660377358490565,0.7014925373134329,0.8121693121693123,yes,yes,3.0,3.0,Sometimes,no,2.984323,no,1.586525,0.62535,Sometimes,Public_Transportation,Obesity_Type_III,0.7014925373134329
Female,0.25531914893617025,0.3396226415094339,0.541044776119403,0.7645502645502646,yes,yes,3.0,3.0,Sometimes,no,2.444125,no,0.0,0.26579,Sometimes,Public_Transportation,Obesity_Type_III,0.5410447761194029
Female,0.25531914893617025,0.3396226415094339,0.49104477611940295,0.7010582010582012,yes,yes,3.0,3.0,Sometimes,no,2.654702,no,0.0,0.555468,Sometimes,Public_Transportation,Obesity_Type_III,0.49104477611940295
Female,0.17021276595744683,0.6037735849056602,0.708955223880597,0.7857142857142858,yes,yes,3.0,3.0,Sometimes,no,2.825629,no,1.399183,0.928972,Sometimes,Public_Transportation,Obesity_Type_III,0.7089552238805971
Male,0.12765957446808512,0.5471698113207548,0.11865671641791042,0.13492063492063494,yes,yes,2.0,3.28926,Sometimes,no,2.847264,no,1.680844,2.0,Sometimes,Public_Transportation,Insufficient_Weight,0.11865671641791044
Male,0.06382978723404253,0.6037735849056602,0.12462686567164177,0.1243386243386243,yes,yes,2.0,4.0,Sometimes,no,2.884033,no,2.0,1.340107,Sometimes,Public_Transportation,Insufficient_Weight,0.12462686567164181
Male,0.17021276595744683,0.5660377358490565,0.12611940298507462,0.13756613756613756,yes,yes,2.450218,3.995147,Sometimes,no,2.147746,no,2.0,0.58998,Sometimes,Public_Transportation,Insufficient_Weight,0.12611940298507462
Female,0.17021276595744683,0.4339622641509435,0.09104477611940298,0.13756613756613756,yes,yes,3.0,3.0,Frequently,no,2.815293,no,1.978631,1.0,no,Public_Transportation,Insufficient_Weight,0.09104477611940301
Female,0.14893617021276595,0.4150943396226414,0.08134328358208953,0.13227513227513227,yes,yes,3.0,3.0,Frequently,no,2.593459,no,2.0,1.0,no,Public_Transportation,Insufficient_Weight,0.08134328358208955
Female,0.17021276595744683,0.49056603773584895,0.09701492537313433,0.1243386243386243,yes,yes,2.880161,3.0,Frequently,no,1.031354,no,2.206738,1.37465,no,Public_Transportation,Insufficient_Weight,0.09701492537313433
Female,0.14893617021276595,0.28301886792452846,0.043283582089552186,0.12169312169312174,no,no,3.0,1.72626,Frequently,no,2.444125,no,1.31817,0.0,no,Public_Transportation,Insufficient_Weight,0.04328358208955222
Female,0.17021276595744683,0.28301886792452846,0.02835820895522384,0.10052910052910052,no,no,3.0,2.581015,Frequently,no,2.654702,no,0.902095,0.0,no,Public_Transportation,Insufficient_Weight,0.028358208955223858
Female,0.17021276595744683,0.22641509433962304,0.03656716417910444,0.12698412698412698,no,no,3.0,1.600812,Frequently,no,2.651258,no,0.600817,0.0,no,Public_Transportation,Insufficient_Weight,0.03656716417910447
Female,0.14893617021276595,0.2641509433962268,0.030597014925373145,0.10846560846560849,no,no,2.00876,1.73762,Frequently,no,1.792022,no,0.119643,0.0,no,Public_Transportation,Insufficient_Weight,0.030597014925373145
Female,0.19148936170212766,0.28301886792452846,0.04179104477611939,0.11904761904761907,no,no,2.596579,1.10548,Frequently,no,1.490613,no,0.345684,0.0,no,Public_Transportation,Insufficient_Weight,0.04179104477611941
Female,0.21276595744680848,0.28301886792452846,0.04477611940298504,0.12169312169312174,no,no,2.591439,3.0,Frequently,no,2.074048,no,1.679935,0.0,no,Public_Transportation,Insufficient_Weight,0.04477611940298507
Female,0.10638297872340424,0.4528301886792452,0.04477611940298504,0.07407407407407407,no,yes,3.0,3.0,Sometimes,no,3.0,yes,2.539762,1.283673,no,Public_Transportation,Insufficient_Weight,0.04477611940298507
Female,0.10638297872340424,0.20754716981132093,0.02462686567164174,0.11904761904761907,no,yes,3.0,2.0846,Sometimes,no,2.13755,yes,0.196152,0.062488,no,Public_Transportation,Insufficient_Weight,0.02462686567164177
Female,0.10638297872340424,0.20754716981132093,0.023134328358208944,0.1111111111111111,no,yes,3.0,1.894384,Sometimes,no,2.456581,yes,1.596576,0.9974,no,Public_Transportation,Insufficient_Weight,0.023134328358208965
Female,0.12765957446808512,0.22641509433962304,0.017164179104477595,0.10052910052910052,no,yes,2.392665,1.0,Frequently,no,1.0,no,0.0,0.738269,Sometimes,Public_Transportation,Insufficient_Weight,0.01716417910447759
Female,0.14893617021276595,0.1320754716981134,0.022388059701492546,0.13756613756613756,no,yes,3.0,1.0,Frequently,no,1.0,no,0.0,0.0,Sometimes,Public_Transportation,Insufficient_Weight,0.022388059701492536
Female,0.12765957446808512,0.18867924528301883,0.04179104477611939,0.1481481481481482,no,yes,3.0,2.857787,Frequently,no,1.0,no,0.754646,0.0,Sometimes,Public_Transportation,Insufficient_Weight,0.04179104477611941
Female,0.12765957446808512,0.1320754716981134,0.022388059701492546,0.13756613756613756,no,yes,3.0,1.0,Frequently,no,1.527036,no,0.0,0.860497,Sometimes,Public_Transportation,Insufficient_Weight,0.022388059701492536
Female,0.12765957446808512,0.15094339622641506,0.022388059701492546,0.13227513227513227,no,yes,3.0,1.0,Frequently,no,1.322669,no,0.0,0.478676,Sometimes,Public_Transportation,Insufficient_Weight,0.022388059701492536
Female,0.17021276595744683,0.5283018867924527,0.08880597014925373,0.10317460317460314,no,no,3.0,3.765526,Frequently,no,1.656082,no,0.42777,0.555967,Sometimes,Public_Transportation,Insufficient_Weight,0.08880597014925372
Female,0.14893617021276595,0.509433962264151,0.08805970149253728,0.10846560846560849,no,no,3.0,3.285167,Frequently,no,1.569082,no,0.545931,0.469735,Sometimes,Public_Transportation,Insufficient_Weight,0.08805970149253729
Female,0.12765957446808512,0.5283018867924527,0.08208955223880593,0.09523809523809529,no,no,1.123939,4.0,Frequently,no,1.0,no,1.303976,0.371941,Sometimes,Public_Transportation,Insufficient_Weight,0.08208955223880597
Male,0.19148936170212766,0.8113207547169807,0.18731343283582086,0.13492063492063494,yes,yes,3.0,3.0,Sometimes,no,2.843777,no,1.488843,0.009254,Sometimes,Automobile,Insufficient_Weight,0.18731343283582086
Male,0.19148936170212766,0.7547169811320757,0.18358208955223881,0.14550264550264552,yes,yes,3.0,3.691226,Sometimes,no,2.650989,no,1.228136,0.8324,Sometimes,Automobile,Insufficient_Weight,0.18358208955223881
Male,0.19148936170212766,0.7358490566037736,0.14850746268656712,0.11904761904761907,yes,yes,3.0,3.0,Sometimes,no,2.027984,no,1.661556,0.114716,Sometimes,Automobile,Insufficient_Weight,0.14850746268656714
Male,0.08510638297872342,0.5849056603773586,0.09701492537313433,0.10317460317460314,yes,yes,3.0,3.0,Frequently,no,2.0,no,0.658894,1.0,no,Public_Transportation,Insufficient_Weight,0.09701492537313433
Male,0.17021276595744683,0.49056603773584895,0.09402985074626863,0.12169312169312174,yes,yes,3.0,3.156153,Frequently,no,1.253803,no,0.544784,0.256382,no,Public_Transportation,Insufficient_Weight,0.09402985074626867
Male,0.08510638297872342,0.4528301886792452,0.09701492537313433,0.13492063492063494,yes,yes,3.0,3.0,Frequently,no,2.0,no,0.819682,1.0,no,Public_Transportation,Insufficient_Weight,0.09701492537313433
Female,0.10638297872340424,0.2641509433962268,0.018656716417910446,0.09259259259259262,no,yes,2.0,1.07976,Sometimes,no,1.0,no,0.194745,1.547086,Sometimes,Public_Transportation,Insufficient_Weight,0.018656716417910446
Female,0.10638297872340424,0.2452830188679247,0.021641791044776093,0.10052910052910052,no,yes,2.027574,1.0,Sometimes,no,1.636326,no,0.0,1.906141,Sometimes,Public_Transportation,Insufficient_Weight,0.02164179104477611
Female,0.10638297872340424,0.20754716981132093,0.017910447761193993,0.10317460317460314,no,yes,2.658112,1.0,Sometimes,no,1.298165,no,0.0,1.639326,Sometimes,Public_Transportation,Insufficient_Weight,0.01791044776119402
Female,0.12765957446808512,0.4150943396226414,0.07985074626865674,0.12698412698412698,no,no,2.88626,3.559841,Frequently,no,1.632004,no,2.0,1.0,Sometimes,Public_Transportation,Insufficient_Weight,0.07985074626865674
Female,0.12765957446808512,0.4528301886792452,0.07985074626865674,0.11640211640211634,no,no,2.714447,3.0,Frequently,no,2.0,no,1.903182,1.0,Sometimes,Public_Transportation,Insufficient_Weight,0.07985074626865674
Female,0.12765957446808512,0.3962264150943393,0.07462686567164178,0.12698412698412698,no,no,2.750715,3.0,Frequently,no,2.0,no,1.067817,1.0,Sometimes,Public_Transportation,Insufficient_Weight,0.07462686567164178
Female,0.19148936170212766,0.49056603773584895,0.08432835820895518,0.1111111111111111,yes,yes,2.0,3.0,Frequently,no,2.099863,no,1.63581,2.0,no,Public_Transportation,Insufficient_Weight,0.0843283582089552
Female,0.12765957446808512,0.5849056603773586,0.10970149253731343,0.11640211640211634,yes,yes,2.0,3.891994,Frequently,no,1.86393,no,2.870127,2.0,no,Public_Transportation,Insufficient_Weight,0.10970149253731346
Female,0.19148936170212766,0.5283018867924527,0.09253731343283578,0.1111111111111111,yes,yes,2.0,3.0,Frequently,no,1.229915,no,0.619533,2.0,no,Public_Transportation,Insufficient_Weight,0.0925373134328358
Female,0.10638297872340424,0.3962264150943393,0.08059701492537308,0.13227513227513227,no,yes,1.4925,3.0,Sometimes,no,1.049134,no,2.0,1.0,Sometimes,Public_Transportation,Insufficient_Weight,0.08059701492537312
Female,0.10638297872340424,0.4716981132075473,0.08208955223880593,0.11375661375661378,no,yes,1.0,3.240578,Sometimes,no,1.0,no,2.0,1.0,Sometimes,Public_Transportation,Insufficient_Weight,0.08208955223880597
Female,0.10638297872340424,0.3962264150943393,0.08134328358208953,0.13492063492063494,no,yes,2.205439,3.0,Sometimes,no,1.530531,no,2.0,1.0,Sometimes,Public_Transportation,Insufficient_Weight,0.08134328358208955
Female,0.34042553191489366,0.30188679245283057,0.07835820895522388,0.1613756613756614,yes,yes,2.059138,3.904858,Frequently,no,2.0,no,0.821977,0.0,no,Public_Transportation,Insufficient_Weight,0.07835820895522388
Female,0.3829787234042553,0.35849056603773555,0.05746268656716419,0.11375661375661378,yes,yes,3.0,3.11158,Frequently,no,2.721769,no,1.44287,0.0,no,Public_Transportation,Insufficient_Weight,0.0574626865671642
Female,0.21276595744680848,0.37735849056603765,0.08059701492537308,0.1428571428571428,yes,yes,3.0,3.590039,Frequently,no,2.7305,no,0.107078,0.0,no,Public_Transportation,Insufficient_Weight,0.08059701492537312
Male,0.06382978723404253,0.49056603773584895,0.09402985074626863,0.12169312169312174,no,yes,2.0,2.057935,Sometimes,no,2.371015,no,0.288032,0.714627,Sometimes,Public_Transportation,Insufficient_Weight,0.09402985074626867
Male,0.04255319148936171,0.5660377358490565,0.08208955223880593,0.08730158730158732,no,yes,2.310423,3.558637,Sometimes,no,1.787843,no,1.926592,0.828549,Sometimes,Public_Transportation,Insufficient_Weight,0.08208955223880597
Male,0.04255319148936171,0.4528301886792452,0.10149253731343283,0.1428571428571428,no,yes,2.0,2.000986,Sometimes,no,2.673835,no,0.99295,0.474836,Sometimes,Public_Transportation,Insufficient_Weight,0.10149253731343284
Male,0.08510638297872342,0.5660377358490565,0.09328358208955223,0.09788359788359785,no,yes,2.823179,3.0,Sometimes,no,1.773236,no,1.252472,1.0,Sometimes,Public_Transportation,Insufficient_Weight,0.09328358208955224
Male,0.08510638297872342,0.6226415094339623,0.08880597014925373,0.07936507936507936,no,yes,2.052932,3.0,Sometimes,no,2.0,no,0.520408,1.0,Sometimes,Public_Transportation,Insufficient_Weight,0.08880597014925372
Male,0.08510638297872342,0.5849056603773586,0.09925373134328352,0.10582010582010581,no,yes,2.596364,3.0,Sometimes,no,2.0,no,0.281734,1.488372,Sometimes,Public_Transportation,Insufficient_Weight,0.09925373134328357
Male,0.06382978723404253,0.7358490566037736,0.14850746268656712,0.11904761904761907,yes,yes,2.767731,3.821168,Sometimes,no,2.0,no,2.0,0.556245,no,Automobile,Insufficient_Weight,0.14850746268656714
Male,0.12765957446808512,0.6037735849056602,0.14029850746268652,0.14550264550264552,yes,yes,2.0,3.897078,Sometimes,no,2.622638,no,2.0,1.894105,no,Automobile,Insufficient_Weight,0.14029850746268654
Male,0.08510638297872342,0.6226415094339623,0.13507462686567162,0.13492063492063494,yes,yes,2.0,3.092116,Sometimes,no,2.426465,no,2.0,1.839862,no,Automobile,Insufficient_Weight,0.13507462686567165
Female,0.06382978723404253,0.35849056603773555,0.03283582089552234,0.08201058201058203,no,yes,2.815157,3.0,Sometimes,no,2.911187,no,2.595128,1.380204,Sometimes,Public_Transportation,Insufficient_Weight,0.03283582089552238
Female,0.06382978723404253,0.2452830188679247,0.04029850746268654,0.1243386243386243,no,yes,2.737762,3.0,Sometimes,no,2.310921,no,2.240714,1.59257,Sometimes,Public_Transportation,Insufficient_Weight,0.04029850746268656
Female,0.04255319148936171,0.6981132075471699,0.060447761194029836,0.03439153439153442,no,yes,3.0,3.286431,Sometimes,no,2.148146,no,2.458237,1.273333,Sometimes,Public_Transportation,Insufficient_Weight,0.060447761194029864
Male,0.08510638297872342,0.6415094339622645,0.15447761194029852,0.14550264550264552,yes,yes,2.568063,4.0,Sometimes,no,2.0,no,2.0,0.220029,no,Automobile,Insufficient_Weight,0.15447761194029852
Male,0.06382978723404253,0.6792452830188682,0.14925373134328357,0.13227513227513227,yes,yes,2.524428,4.0,Sometimes,no,2.0,no,2.0,0.03838,no,Automobile,Insufficient_Weight,0.14925373134328357
Male,0.10638297872340424,0.6037735849056602,0.12462686567164177,0.12698412698412698,yes,yes,2.0,4.0,Sometimes,no,2.157395,no,2.0,1.679149,no,Automobile,Insufficient_Weight,0.12462686567164181
Female,0.17021276595744683,0.4716981132075473,0.11940298507462688,0.15873015873015872,yes,yes,3.0,3.0,Frequently,no,2.0,no,0.139808,0.875464,no,Public_Transportation,Insufficient_Weight,0.11940298507462686
Female,0.14893617021276595,0.5849056603773586,0.11940298507462688,0.12698412698412698,yes,yes,2.971574,3.592415,Frequently,no,2.894678,no,2.0,1.009632,no,Public_Transportation,Insufficient_Weight,0.11940298507462686
Female,0.19148936170212766,0.5471698113207548,0.11343283582089553,0.1296296296296296,yes,yes,3.0,3.0,Frequently,no,2.025279,no,2.0,0.152985,no,Public_Transportation,Insufficient_Weight,0.11343283582089554
Female,0.10638297872340424,0.5471698113207548,0.07910447761194028,0.08994708994708989,no,yes,3.0,3.754599,Sometimes,no,1.692112,no,2.0,1.0,Sometimes,Public_Transportation,Insufficient_Weight,0.07910447761194031
Female,0.06382978723404253,0.37735849056603765,0.07910447761194028,0.14021164021164023,no,yes,3.0,3.566082,Sometimes,no,1.438398,no,2.0,1.0,Sometimes,Public_Transportation,Insufficient_Weight,0.07910447761194031
Female,0.10638297872340424,0.6037735849056602,0.07910447761194028,0.07671957671957674,no,yes,3.0,3.725797,Sometimes,no,1.191401,no,2.0,1.0,Sometimes,Public_Transportation,Insufficient_Weight,0.07910447761194031
Female,0.08510638297872342,0.4716981132075473,0.08208955223880593,0.11375661375661378,no,yes,1.0816,3.520555,Frequently,no,1.016968,no,0.651412,1.0,Sometimes,Public_Transportation,Insufficient_Weight,0.08208955223880597
Female,0.12765957446808512,0.4716981132075473,0.07985074626865674,0.1111111111111111,no,yes,1.270448,3.731212,Frequently,no,1.876915,no,2.0,1.0,Sometimes,Public_Transportation,Insufficient_Weight,0.07985074626865674
Female,0.08510638297872342,0.5471698113207548,0.08208955223880593,0.08994708994708989,no,yes,1.344854,4.0,Frequently,no,1.0,no,2.0,1.0,Sometimes,Public_Transportation,Insufficient_Weight,0.08208955223880597
Female,0.12765957446808512,0.2641509433962268,0.025373134328358193,0.10052910052910052,no,no,2.959658,3.0,Frequently,no,1.0,no,1.522399,0.0,Sometimes,Public_Transportation,Insufficient_Weight,0.025373134328358197
Female,0.12765957446808512,0.15094339622641506,0.022388059701492546,0.13227513227513227,no,no,2.725282,1.259803,Frequently,no,1.0,no,1.37467,0.0,Sometimes,Public_Transportation,Insufficient_Weight,0.022388059701492536
Female,0.10638297872340424,0.15094339622641506,0.022388059701492546,0.1296296296296296,no,no,2.844607,1.273128,Frequently,no,1.69551,no,0.260079,0.635867,Sometimes,Public_Transportation,Insufficient_Weight,0.022388059701492536
Male,0.06382978723404253,0.7547169811320757,0.15223880597014922,0.11640211640211634,yes,yes,2.44004,3.0,Sometimes,no,2.0,no,2.784471,1.0,no,Automobile,Insufficient_Weight,0.15223880597014924
Male,0.06382978723404253,0.6981132075471699,0.15149253731343282,0.12698412698412698,yes,yes,2.432302,3.0,Sometimes,no,2.0,no,2.349495,1.0,no,Automobile,Insufficient_Weight,0.15149253731343282
Male,0.10638297872340424,0.7735849056603774,0.15149253731343282,0.1111111111111111,yes,yes,2.592247,3.304123,Sometimes,no,2.036764,no,2.038653,1.119877,no,Automobile,Insufficient_Weight,0.15149253731343282
Female,0.19148936170212766,0.509433962264151,0.08208955223880593,0.10582010582010581,yes,yes,2.449267,3.647154,Frequently,no,1.266018,no,0.866045,0.097234,no,Public_Transportation,Insufficient_Weight,0.08208955223880597
Female,0.17021276595744683,0.4339622641509435,0.08134328358208953,0.12698412698412698,yes,yes,2.929889,3.0,Frequently,no,2.792074,no,0.630944,1.366355,no,Public_Transportation,Insufficient_Weight,0.08134328358208955
Female,0.19148936170212766,0.509433962264151,0.09029850746268658,0.11375661375661378,yes,yes,2.0,3.0,Frequently,no,1.426874,no,2.20208,2.0,no,Public_Transportation,Insufficient_Weight,0.09029850746268658
Female,0.06382978723404253,0.49056603773584895,0.08208955223880593,0.10846560846560849,no,yes,2.015258,3.300666,Sometimes,no,1.315608,no,0.069802,1.0,Sometimes,Public_Transportation,Insufficient_Weight,0.08208955223880597
Female,0.08510638297872342,0.4716981132075473,0.08208955223880593,0.11375661375661378,no,yes,1.031149,3.0,Sometimes,no,1.963628,no,0.028202,1.0,Sometimes,Public_Transportation,Insufficient_Weight,0.08208955223880597
Female,0.08510638297872342,0.4716981132075473,0.08208955223880593,0.11375661375661378,no,yes,1.592183,3.535016,Sometimes,no,1.086391,no,0.618913,1.0,Sometimes,Public_Transportation,Insufficient_Weight,0.08208955223880597
Female,0.10638297872340424,0.22641509433962304,0.006716417910447747,0.08201058201058203,no,yes,1.21498,1.717608,Sometimes,no,1.179942,no,0.684739,2.0,Sometimes,Public_Transportation,Insufficient_Weight,0.006716417910447751
Female,0.12765957446808512,0.15094339622641506,0.002985074626865647,0.10052910052910052,no,yes,1.522001,3.0,Sometimes,no,1.98126,no,2.306844,0.720454,Sometimes,Public_Transportation,Insufficient_Weight,0.002985074626865661
Female,0.12765957446808512,0.15094339622641506,0.009701492537313394,0.1111111111111111,no,yes,2.703436,2.884479,Sometimes,no,1.439962,no,0.144627,0.322307,Sometimes,Public_Transportation,Insufficient_Weight,0.009701492537313412
Male,0.12765957446808512,0.6037735849056602,0.12910447761194027,0.13227513227513227,yes,yes,2.362918,4.0,Sometimes,no,2.358172,no,2.0,0.939819,no,Automobile,Insufficient_Weight,0.12910447761194027
Male,0.08510638297872342,0.8113207547169807,0.15671641791044777,0.10317460317460314,yes,yes,3.0,3.626815,Sometimes,no,2.0,no,2.011519,0.456462,no,Automobile,Insufficient_Weight,0.15671641791044777
Male,0.08510638297872342,0.6981132075471699,0.14626865671641792,0.12169312169312174,yes,yes,2.14084,4.0,Sometimes,no,2.931438,no,2.0,1.164457,no,Automobile,Insufficient_Weight,0.14626865671641792
Male,0.08510638297872342,0.7358490566037736,0.15671641791044777,0.1243386243386243,yes,yes,3.0,4.0,Sometimes,no,2.0,no,2.0,0.0,no,Automobile,Insufficient_Weight,0.15671641791044777
Male,0.06382978723404253,0.6981132075471699,0.14402985074626862,0.12169312169312174,yes,yes,2.5596,4.0,Sometimes,no,2.0,no,2.0,0.331483,no,Automobile,Insufficient_Weight,0.14402985074626865
Male,0.06382978723404253,0.6603773584905661,0.15373134328358207,0.1428571428571428,yes,yes,2.336044,4.0,Sometimes,no,2.0,no,2.0,0.133005,no,Automobile,Insufficient_Weight,0.1537313432835821
Male,0.08510638297872342,0.49056603773584895,0.08880597014925373,0.11640211640211634,yes,yes,2.0,3.0,Sometimes,no,2.0,no,0.0,1.593704,Sometimes,Public_Transportation,Insufficient_Weight,0.08880597014925372
Male,0.08510638297872342,0.49056603773584895,0.09029850746268658,0.12169312169312174,yes,yes,2.0,3.0,Sometimes,no,2.0,no,0.0,1.329237,Sometimes,Public_Transportation,Insufficient_Weight,0.09029850746268658
Male,0.08510638297872342,0.509433962264151,0.09029850746268658,0.11640211640211634,yes,yes,1.813234,3.0,Sometimes,no,1.274815,no,0.520407,1.673584,Sometimes,Public_Transportation,Insufficient_Weight,0.09029850746268658
Female,0.10638297872340424,0.20754716981132093,0.03880597014925374,0.14021164021164023,no,no,2.724285,3.0,Frequently,no,1.0,yes,1.070331,0.0,Sometimes,Public_Transportation,Insufficient_Weight,0.03880597014925375
Female,0.10638297872340424,0.28301886792452846,0.04477611940298504,0.11904761904761907,no,no,3.0,3.0,Frequently,no,1.28246,yes,1.60195,0.0,Sometimes,Public_Transportation,Insufficient_Weight,0.04477611940298507
Female,0.12765957446808512,0.28301886792452846,0.04477611940298504,0.11904761904761907,no,no,3.0,3.0,Frequently,no,2.875583,yes,1.258504,0.0,Sometimes,Public_Transportation,Insufficient_Weight,0.04477611940298507
Female,0.10638297872340424,0.16981132075471717,0.022388059701492546,0.12698412698412698,no,yes,3.0,1.0,Frequently,no,1.387531,no,0.0,0.466169,Sometimes,Public_Transportation,Insufficient_Weight,0.022388059701492536
Female,0.10638297872340424,0.16981132075471717,0.022388059701492546,0.1243386243386243,no,yes,2.71897,1.473088,Frequently,no,1.164644,no,1.235675,0.930926,Sometimes,Public_Transportation,Insufficient_Weight,0.022388059701492536
Female,0.10638297872340424,0.1320754716981134,0.022388059701492546,0.13756613756613756,no,yes,3.0,1.0,Frequently,no,1.848703,no,0.0,0.744555,Sometimes,Public_Transportation,Insufficient_Weight,0.022388059701492536
Male,0.08510638297872342,0.509433962264151,0.09477611940298508,0.11904761904761907,yes,yes,1.133844,3.0,Sometimes,no,1.325326,no,0.227985,1.708309,Sometimes,Public_Transportation,Insufficient_Weight,0.0947761194029851
Male,0.08510638297872342,0.5660377358490565,0.11268656716417907,0.12169312169312174,yes,yes,2.0,3.16645,Sometimes,no,2.278578,no,1.838881,2.0,Sometimes,Public_Transportation,Insufficient_Weight,0.11268656716417912
Male,0.08510638297872342,0.4716981132075473,0.08358208955223884,0.11375661375661378,yes,yes,1.757466,3.0,Sometimes,no,1.153559,no,0.833976,1.616045,Sometimes,Public_Transportation,Insufficient_Weight,0.08358208955223882
Male,0.12765957446808512,0.5660377358490565,0.11940298507462688,0.1296296296296296,yes,yes,2.0,3.494849,Sometimes,no,2.976672,no,1.94907,2.0,no,Public_Transportation,Insufficient_Weight,0.11940298507462686
Female,0.17021276595744683,0.4150943396226414,0.08208955223880593,0.1296296296296296,yes,yes,2.979383,3.0,Frequently,no,2.975887,no,0.945093,1.241755,no,Public_Transportation,Insufficient_Weight,0.08208955223880597
Female,0.17021276595744683,0.2641509433962268,0.03805970149253729,0.11375661375661378,no,no,3.0,2.99321,Frequently,no,2.702783,no,1.967234,0.0,no,Public_Transportation,Insufficient_Weight,0.038059701492537325
Female,0.19148936170212766,0.2452830188679247,0.04029850746268654,0.1243386243386243,no,no,2.204914,2.127797,Frequently,no,2.120292,no,0.995735,0.0,no,Public_Transportation,Insufficient_Weight,0.04029850746268656
Female,0.10638297872340424,0.28301886792452846,0.04477611940298504,0.12169312169312174,no,no,3.0,3.0,Frequently,no,2.949419,yes,1.295697,0.0,Sometimes,Public_Transportation,Insufficient_Weight,0.04477611940298507
Female,0.14893617021276595,0.18867924528301883,0.019402985074626844,0.11375661375661378,no,yes,2.927218,1.0,Frequently,no,1.0,no,0.0,0.276592,Sometimes,Public_Transportation,Insufficient_Weight,0.019402985074626875
Female,0.12765957446808512,0.15094339622641506,0.022388059701492546,0.12698412698412698,no,yes,2.88853,1.0,Frequently,no,1.0,no,0.0,0.196224,Sometimes,Public_Transportation,Insufficient_Weight,0.022388059701492536
Female,0.14893617021276595,0.5283018867924527,0.08059701492537308,0.09788359788359785,yes,no,2.890535,3.90779,Frequently,no,1.109115,no,1.548953,0.555468,no,Public_Transportation,Insufficient_Weight,0.08059701492537312
Male,0.12765957446808512,0.7924528301886795,0.1805970149253731,0.13492063492063494,yes,yes,3.0,3.699594,Sometimes,no,2.825629,no,1.699592,0.071028,Sometimes,Automobile,Insufficient_Weight,0.18059701492537317
Female,0.14893617021276595,0.4528301886792452,0.09179104477611938,0.13227513227513227,yes,yes,3.0,3.179995,Frequently,no,1.910378,no,0.480614,0.625079,no,Public_Transportation,Insufficient_Weight,0.09179104477611938
Female,0.08510638297872342,0.2641509433962268,0.008955223880596996,0.07671957671957674,no,yes,2.0,1.075553,Sometimes,no,1.0,no,0.127425,1.679442,Sometimes,Public_Transportation,Insufficient_Weight,0.008955223880597036
Female,0.12765957446808512,0.37735849056603765,0.07462686567164178,0.1296296296296296,no,no,2.530066,3.0,Sometimes,no,1.965237,no,2.0,1.0,Sometimes,Public_Transportation,Insufficient_Weight,0.07462686567164178
Female,0.19148936170212766,0.5471698113207548,0.10970149253731343,0.1243386243386243,yes,yes,2.241606,3.0,Frequently,no,1.846626,no,2.460238,0.814518,no,Public_Transportation,Insufficient_Weight,0.10970149253731346
Female,0.08510638297872342,0.4716981132075473,0.08208955223880593,0.11375661375661378,no,yes,1.003566,3.238258,Frequently,no,1.014634,no,0.783676,1.0,Sometimes,Public_Transportation,Insufficient_Weight,0.08208955223880597
Female,0.44680851063829785,0.4528301886792452,0.08208955223880593,0.11904761904761907,yes,yes,2.652779,3.804944,Frequently,no,1.60114,no,0.174692,0.096982,no,Public_Transportation,Insufficient_Weight,0.08208955223880597
Male,0.04255319148936171,0.4528301886792452,0.08208955223880593,0.11904761904761907,no,yes,2.0,1.630846,Sometimes,no,2.975528,no,0.548991,0.369134,Sometimes,Public_Transportation,Insufficient_Weight,0.08208955223880597
Male,0.08510638297872342,0.6415094339622645,0.09402985074626863,0.08201058201058203,no,yes,2.897899,3.0,Sometimes,no,1.835545,no,1.162519,1.0,Sometimes,Public_Transportation,Insufficient_Weight,0.09402985074626867
Male,0.06382978723404253,0.6792452830188682,0.14776119402985072,0.1296296296296296,yes,yes,2.483979,3.762778,Sometimes,no,2.0,no,2.0,0.930051,no,Automobile,Insufficient_Weight,0.14776119402985072
Female,0.06382978723404253,0.716981132075472,0.03358208955223879,0.0,no,yes,2.945967,3.0,Sometimes,no,2.953192,no,2.830911,1.466667,Sometimes,Public_Transportation,Insufficient_Weight,0.033582089552238806
Male,0.06382978723404253,0.6226415094339623,0.12686567164179102,0.12169312169312174,yes,yes,2.0,4.0,Sometimes,no,2.28525,no,2.0,1.162801,no,Automobile,Insufficient_Weight,0.12686567164179105
Female,0.19148936170212766,0.5660377358490565,0.12686567164179102,0.13756613756613756,yes,yes,2.478891,3.371832,Frequently,no,2.004126,no,2.0,0.327376,no,Public_Transportation,Insufficient_Weight,0.12686567164179105
Female,0.08510638297872342,0.6415094339622645,0.08208955223880593,0.0714285714285714,no,yes,2.784464,4.0,Sometimes,no,1.0,no,2.0,1.0,Sometimes,Public_Transportation,Insufficient_Weight,0.08208955223880597
Female,0.10638297872340424,0.49056603773584895,0.08208955223880593,0.10582010582010581,no,yes,1.005578,4.0,Frequently,no,1.0,no,1.683957,0.704978,Sometimes,Public_Transportation,Insufficient_Weight,0.08208955223880597
Female,0.10638297872340424,0.16981132075471717,0.022388059701492546,0.1243386243386243,no,no,2.938031,2.705445,Frequently,no,1.333807,yes,1.877369,0.370973,Sometimes,Public_Transportation,Insufficient_Weight,0.022388059701492536
Male,0.06382978723404253,0.8490566037735849,0.15597014925373132,0.09523809523809529,yes,yes,2.842102,3.34175,Sometimes,no,2.0,no,2.511157,0.560351,no,Automobile,Insufficient_Weight,0.15597014925373134
Female,0.19148936170212766,0.49056603773584895,0.08283582089552238,0.10846560846560849,yes,yes,2.0,3.0,Frequently,no,2.685842,no,0.373186,2.0,no,Public_Transportation,Insufficient_Weight,0.0828358208955224
Female,0.08510638297872342,0.4716981132075473,0.08656716417910448,0.11640211640211634,no,yes,2.0,3.0,Sometimes,no,2.0,no,0.0,1.525597,Sometimes,Public_Transportation,Insufficient_Weight,0.08656716417910448
Female,0.10638297872340424,0.20754716981132093,0.0052238805970149516,0.08994708994708989,no,yes,1.889199,2.217651,Sometimes,no,2.013605,no,2.075293,1.683261,Sometimes,Public_Transportation,Insufficient_Weight,0.005223880597014946
Male,0.08510638297872342,0.7547169811320757,0.15671641791044777,0.12169312169312174,yes,yes,3.0,4.0,Sometimes,no,2.0,no,2.0,0.0,no,Automobile,Insufficient_Weight,0.15671641791044777
Male,0.06382978723404253,0.716981132075472,0.15671641791044777,0.12698412698412698,yes,yes,2.943749,4.0,Sometimes,no,2.0,no,2.0,0.128895,no,Automobile,Insufficient_Weight,0.15671641791044777
Male,0.08510638297872342,0.509433962264151,0.10074626865671638,0.1243386243386243,yes,yes,2.33998,3.0,Sometimes,no,2.0,no,0.027433,1.884138,Sometimes,Public_Transportation,Insufficient_Weight,0.10074626865671642
Female,0.12765957446808512,0.30188679245283057,0.042537313432835844,0.11375661375661378,no,no,3.0,2.893778,Frequently,no,1.0,yes,0.769726,0.0,Sometimes,Public_Transportation,Insufficient_Weight,0.042537313432835844
Female,0.10638297872340424,0.15094339622641506,0.022388059701492546,0.1296296296296296,no,yes,3.0,1.0,Frequently,no,1.954889,no,0.0,0.907868,Sometimes,Public_Transportation,Insufficient_Weight,0.022388059701492536
Male,0.08510638297872342,0.509433962264151,0.09776119402985073,0.12169312169312174,yes,yes,1.950742,3.0,Sometimes,no,1.751723,no,0.201136,1.743319,Sometimes,Public_Transportation,Insufficient_Weight,0.09776119402985076
Male,0.12765957446808512,0.5849056603773586,0.11940298507462688,0.12698412698412698,yes,yes,2.277436,3.502604,Sometimes,no,2.891713,no,1.696294,1.894902,no,Public_Transportation,Insufficient_Weight,0.11940298507462686
Male,0.08510638297872342,0.6037735849056602,0.12462686567164177,0.12698412698412698,yes,yes,2.0,4.0,Sometimes,no,2.369627,no,2.0,1.612466,no,Automobile,Insufficient_Weight,0.12462686567164181
Female,0.14893617021276595,0.6037735849056602,0.12910447761194027,0.13227513227513227,yes,yes,2.371338,3.998766,Frequently,no,2.263466,no,2.0,0.844004,no,Public_Transportation,Insufficient_Weight,0.12910447761194027
Female,0.17021276595744683,0.4716981132075473,0.09253731343283578,0.1243386243386243,yes,yes,2.984425,3.0,Frequently,no,2.044694,no,2.008256,1.250871,no,Public_Transportation,Insufficient_Weight,0.0925373134328358
Female,0.14893617021276595,0.4150943396226414,0.08059701492537308,0.1296296296296296,yes,yes,2.977018,3.193671,Frequently,no,2.482933,no,2.0,1.0,no,Public_Transportation,Insufficient_Weight,0.08059701492537312
Female,0.19148936170212766,0.509433962264151,0.09626865671641788,0.11904761904761907,yes,yes,2.663421,3.0,Frequently,no,1.04111,no,0.794402,1.391948,no,Public_Transportation,Insufficient_Weight,0.0962686567164179
Female,0.17021276595744683,0.2641509433962268,0.03880597014925374,0.11904761904761907,no,no,3.0,1.69608,Frequently,no,2.550307,no,1.098862,0.0,no,Public_Transportation,Insufficient_Weight,0.03880597014925375
Female,0.19148936170212766,0.28301886792452846,0.02985074626865669,0.10052910052910052,no,no,2.753752,2.812377,Frequently,no,2.346647,no,1.612248,0.0,no,Public_Transportation,Insufficient_Weight,0.029850746268656716
Female,0.17021276595744683,0.2641509433962268,0.03731343283582089,0.11640211640211634,no,no,3.0,1.612747,Frequently,no,2.566629,no,1.190465,0.0,no,Public_Transportation,Insufficient_Weight,0.03731343283582089
Female,0.14893617021276595,0.20754716981132093,0.025373134328358193,0.11904761904761907,no,no,2.318355,1.082304,Frequently,no,1.220365,no,0.033328,0.0,no,Public_Transportation,Insufficient_Weight,0.025373134328358197
Female,0.19148936170212766,0.28301886792452846,0.04179104477611939,0.11904761904761907,no,no,2.594653,1.882158,Frequently,no,1.916812,no,0.417119,0.0,no,Public_Transportation,Insufficient_Weight,0.04179104477611941
Female,0.17021276595744683,0.28301886792452846,0.04402985074626864,0.12169312169312174,no,no,2.886157,2.326233,Frequently,no,2.306821,no,1.42237,0.0,no,Public_Transportation,Insufficient_Weight,0.044029850746268646
Female,0.10638297872340424,0.3396226415094339,0.04477611940298504,0.10317460317460314,no,yes,3.0,3.0,Sometimes,no,2.924594,yes,1.352558,0.220087,Sometimes,Public_Transportation,Insufficient_Weight,0.04477611940298507
Female,0.10638297872340424,0.20754716981132093,0.023134328358208944,0.11375661375661378,no,yes,3.0,1.989398,Sometimes,no,2.241607,no,0.206025,0.284453,no,Public_Transportation,Insufficient_Weight,0.023134328358208965
Female,0.10638297872340424,0.18867924528301883,0.023134328358208944,0.12169312169312174,no,yes,3.0,1.735493,Sometimes,no,2.318736,no,1.193486,0.74568,no,Public_Transportation,Insufficient_Weight,0.023134328358208965
Female,0.12765957446808512,0.22641509433962304,0.020149253731343297,0.10582010582010581,no,yes,2.967853,1.0,Frequently,no,1.131185,no,0.0,0.504176,Sometimes,Public_Transportation,Insufficient_Weight,0.020149253731343304
Female,0.12765957446808512,0.28301886792452846,0.043283582089552186,0.11904761904761907,no,no,3.0,2.974568,Frequently,no,1.145761,yes,0.87967,0.0,Sometimes,Public_Transportation,Insufficient_Weight,0.04328358208955222
Female,0.12765957446808512,0.20754716981132093,0.022388059701492546,0.11375661375661378,no,yes,2.619835,1.0,Frequently,no,1.198883,no,0.0,0.751212,Sometimes,Public_Transportation,Insufficient_Weight,0.022388059701492536
Female,0.14893617021276595,0.1320754716981134,0.022388059701492546,0.13492063492063494,no,yes,3.0,1.0,Frequently,no,1.185062,no,0.0,0.076654,Sometimes,Public_Transportation,Insufficient_Weight,0.022388059701492536
Female,0.17021276595744683,0.4528301886792452,0.09029850746268658,0.1296296296296296,yes,yes,3.0,3.715118,Frequently,no,1.774576,no,0.10297,0.646423,no,Public_Transportation,Insufficient_Weight,0.09029850746268658
Female,0.14893617021276595,0.5471698113207548,0.08582089552238803,0.09788359788359785,yes,yes,3.0,3.489918,Frequently,no,1.326694,no,0.791929,0.128394,no,Public_Transportation,Insufficient_Weight,0.08582089552238806
Female,0.10638297872340424,0.5283018867924527,0.08208955223880593,0.09788359788359785,no,yes,1.053534,3.378859,Sometimes,no,1.0,no,1.853425,0.861809,Sometimes,Public_Transportation,Insufficient_Weight,0.08208955223880597
Male,0.17021276595744683,0.7924528301886795,0.16716417910447756,0.12169312169312174,yes,yes,3.0,3.263201,Sometimes,no,2.233274,no,1.557737,0.000355,Sometimes,Automobile,Insufficient_Weight,0.1671641791044776
Male,0.10638297872340424,0.7547169811320757,0.16641791044776116,0.1296296296296296,yes,yes,3.0,3.994588,Sometimes,no,2.548527,no,1.285976,0.267076,Sometimes,Automobile,Insufficient_Weight,0.16641791044776116
Male,0.14893617021276595,0.6415094339622645,0.14626865671641792,0.14021164021164023,yes,yes,2.530233,3.24934,Sometimes,no,2.387945,no,1.976341,1.672508,no,Automobile,Insufficient_Weight,0.14626865671641792
Male,0.08510638297872342,0.6415094339622645,0.09701492537313433,0.08730158730158732,yes,yes,3.0,3.0,Sometimes,no,2.0,no,0.854337,1.0,Sometimes,Public_Transportation,Insufficient_Weight,0.09701492537313433
Female,0.17021276595744683,0.49056603773584895,0.09477611940298508,0.12169312169312174,yes,yes,2.8813,3.087544,Frequently,no,1.24818,no,1.952427,0.427461,no,Public_Transportation,Insufficient_Weight,0.0947761194029851
Male,0.08510638297872342,0.4716981132075473,0.09477611940298508,0.1296296296296296,yes,yes,2.824559,3.0,Sometimes,no,2.0,no,0.533309,1.099764,Sometimes,Public_Transportation,Insufficient_Weight,0.0947761194029851
Female,0.10638297872340424,0.15094339622641506,0.020149253731343297,0.1243386243386243,no,yes,2.762325,1.163666,Sometimes,no,1.30491,no,0.25289,1.001405,Sometimes,Public_Transportation,Insufficient_Weight,0.020149253731343304
Female,0.10638297872340424,0.22641509433962304,0.021641791044776093,0.10846560846560849,no,yes,2.070964,1.0,Sometimes,no,1.676975,no,0.0,1.718513,Sometimes,Public_Transportation,Insufficient_Weight,0.02164179104477611
Female,0.10638297872340424,0.16981132075471717,0.018656716417910446,0.11640211640211634,no,yes,2.68601,1.0,Sometimes,no,1.310074,no,0.0,1.0647,Sometimes,Public_Transportation,Insufficient_Weight,0.018656716417910446
Female,0.10638297872340424,0.4150943396226414,0.08059701492537308,0.12698412698412698,no,yes,2.794197,3.409363,Sometimes,no,1.543021,no,2.0,1.0,Sometimes,Public_Transportation,Insufficient_Weight,0.08059701492537312
Female,0.12765957446808512,0.4339622641509435,0.07537313432835818,0.11904761904761907,no,no,2.720701,3.0,Sometimes,no,2.0,no,1.862235,1.0,Sometimes,Public_Transportation,Insufficient_Weight,0.07537313432835822
Female,0.12765957446808512,0.4150943396226414,0.07537313432835818,0.1243386243386243,no,no,2.880792,3.281391,Sometimes,no,1.960131,no,1.513029,1.0,Sometimes,Public_Transportation,Insufficient_Weight,0.07537313432835822
Female,0.17021276595744683,0.4716981132075473,0.08358208955223884,0.11640211640211634,yes,yes,2.674431,3.0,Frequently,no,2.453384,no,1.321624,1.990617,no,Public_Transportation,Insufficient_Weight,0.08358208955223882
Male,0.12765957446808512,0.5849056603773586,0.11641791044776117,0.1243386243386243,yes,yes,2.0,3.98525,Sometimes,no,2.654078,no,2.113151,2.0,no,Public_Transportation,Insufficient_Weight,0.1164179104477612
Female,0.19148936170212766,0.4716981132075473,0.09402985074626863,0.12698412698412698,yes,yes,2.55996,3.0,Frequently,no,1.990788,no,0.486006,1.561272,no,Public_Transportation,Insufficient_Weight,0.09402985074626867
Female,0.10638297872340424,0.4528301886792452,0.08134328358208953,0.11904761904761907,no,yes,1.212908,3.207071,Sometimes,no,1.029703,no,2.0,1.0,Sometimes,Public_Transportation,Insufficient_Weight,0.08134328358208955
Female,0.08510638297872342,0.49056603773584895,0.08208955223880593,0.10582010582010581,no,yes,1.140615,3.471536,Sometimes,no,1.0,no,2.0,1.0,Sometimes,Public_Transportation,Insufficient_Weight,0.08208955223880597
Female,0.10638297872340424,0.4150943396226414,0.07985074626865674,0.12698412698412698,no,yes,2.562409,3.488342,Sometimes,no,1.67062,no,2.0,1.0,Sometimes,Public_Transportation,Insufficient_Weight,0.07985074626865674
Female,0.276595744680851,0.3962264150943393,0.07910447761194028,0.13227513227513227,yes,yes,2.004146,3.443456,Frequently,no,2.020764,no,1.078719,1.26729,no,Public_Transportation,Insufficient_Weight,0.07910447761194031
Female,0.23404255319148937,0.3396226415094339,0.05298507462686569,0.11375661375661378,yes,yes,2.690754,3.03779,Frequently,no,2.212296,no,1.616882,0.0,no,Public_Transportation,Insufficient_Weight,0.052985074626865684
Female,0.19148936170212766,0.3962264150943393,0.08507462686567163,0.1428571428571428,yes,yes,3.0,3.642802,Frequently,no,1.995177,no,0.118271,0.065515,no,Public_Transportation,Insufficient_Weight,0.08507462686567163
Male,0.08510638297872342,0.5283018867924527,0.09104477611940298,0.10846560846560849,no,yes,2.051283,2.645858,Sometimes,no,2.35752,no,0.291309,0.897942,Sometimes,Public_Transportation,Insufficient_Weight,0.09104477611940301
Female,0.06382978723404253,0.5471698113207548,0.08208955223880593,0.08994708994708989,no,yes,2.19005,3.420618,Sometimes,no,1.356405,no,1.351996,0.98468,Sometimes,Public_Transportation,Insufficient_Weight,0.08208955223880597
Male,0.08510638297872342,0.5849056603773586,0.09776119402985073,0.10317460317460314,no,yes,2.21498,2.64155,Sometimes,no,2.121251,no,0.998391,0.85882,Sometimes,Public_Transportation,Insufficient_Weight,0.09776119402985076
Male,0.08510638297872342,0.6415094339622645,0.09328358208955223,0.08201058201058203,no,yes,2.91548,3.0,Sometimes,no,1.777486,no,1.077469,1.0,Sometimes,Public_Transportation,Insufficient_Weight,0.09328358208955224
Male,0.08510638297872342,0.6037735849056602,0.09029850746268658,0.08994708994708989,yes,yes,2.708965,3.0,Sometimes,no,1.873004,no,1.21718,1.0,Sometimes,Public_Transportation,Insufficient_Weight,0.09029850746268658
Male,0.08510638297872342,0.4716981132075473,0.09776119402985073,0.13227513227513227,yes,yes,2.853513,3.0,Sometimes,no,2.0,no,0.680464,1.258881,Sometimes,Public_Transportation,Insufficient_Weight,0.09776119402985076
Male,0.06382978723404253,0.716981132075472,0.14850746268656712,0.1243386243386243,yes,yes,2.580872,3.887906,Sometimes,no,2.0,no,2.0,0.453649,no,Automobile,Insufficient_Weight,0.14850746268656714
Male,0.12765957446808512,0.6415094339622645,0.14328358208955222,0.13492063492063494,yes,yes,2.508835,3.435905,Sometimes,no,2.076933,no,2.026668,1.443328,no,Automobile,Insufficient_Weight,0.14328358208955225
Male,0.10638297872340424,0.6226415094339623,0.13656716417910442,0.13492063492063494,yes,yes,2.0,3.747163,Sometimes,no,2.575535,no,2.0,1.84383,no,Automobile,Insufficient_Weight,0.13656716417910444
Female,0.10638297872340424,0.30188679245283057,0.027611940298507498,0.09259259259259262,no,yes,2.896562,2.625475,Sometimes,no,2.839558,yes,1.949667,1.253311,no,Public_Transportation,Insufficient_Weight,0.027611940298507484
Female,0.06382978723404253,0.6226415094339623,0.043283582089552186,0.031746031746031744,no,yes,2.911877,3.098399,Sometimes,no,2.196405,no,2.328147,1.55011,Sometimes,Public_Transportation,Insufficient_Weight,0.04328358208955222
Female,0.06382978723404253,0.49056603773584895,0.046268656716417944,0.0661375661375661,no,yes,2.910733,3.12544,Sometimes,no,2.204263,no,2.407906,1.403037,Sometimes,Public_Transportation,Insufficient_Weight,0.04626865671641793
Male,0.08510638297872342,0.7547169811320757,0.15597014925373132,0.11640211640211634,yes,yes,2.966126,3.96981,Sometimes,no,2.0,no,2.000088,0.378619,no,Automobile,Insufficient_Weight,0.15597014925373134
Male,0.06382978723404253,0.6981132075471699,0.15373134328358207,0.13227513227513227,yes,yes,2.613249,3.712183,Sometimes,no,2.0,no,2.002997,0.174848,no,Automobile,Insufficient_Weight,0.1537313432835821
Male,0.12765957446808512,0.5849056603773586,0.12313432835820892,0.1296296296296296,yes,yes,2.0,4.0,Sometimes,no,2.542415,no,2.0,1.807465,no,Automobile,Insufficient_Weight,0.12313432835820895
Female,0.19148936170212766,0.5283018867924527,0.11791044776119397,0.14021164021164023,yes,yes,3.0,3.0,Frequently,no,2.00357,no,1.25955,0.417116,no,Public_Transportation,Insufficient_Weight,0.11791044776119401
Male,0.14893617021276595,0.5849056603773586,0.11940298507462688,0.12698412698412698,yes,yes,2.627031,3.832911,Sometimes,no,2.993448,no,2.0,1.425903,no,Public_Transportation,Insufficient_Weight,0.11940298507462686
Female,0.19148936170212766,0.5471698113207548,0.11865671641791042,0.13492063492063494,yes,yes,3.0,3.0,Frequently,no,2.009796,no,2.0,0.071317,no,Public_Transportation,Insufficient_Weight,0.11865671641791044
Female,0.10638297872340424,0.5283018867924527,0.07985074626865674,0.09523809523809529,no,yes,2.919751,3.576103,Sometimes,no,1.949308,no,1.940182,1.0,Sometimes,Public_Transportation,Insufficient_Weight,0.07985074626865674
Female,0.06382978723404253,0.5660377358490565,0.08134328358208953,0.08730158730158732,no,yes,2.494451,3.56544,Sometimes,no,1.491268,no,1.951027,0.956204,Sometimes,Public_Transportation,Insufficient_Weight,0.08134328358208955
Female,0.10638297872340424,0.5849056603773586,0.07985074626865674,0.08201058201058203,no,yes,1.69427,3.266644,Sometimes,no,1.095417,no,2.0,1.0,Sometimes,Public_Transportation,Insufficient_Weight,0.07985074626865674
Female,0.08510638297872342,0.4716981132075473,0.08283582089552238,0.11375661375661378,no,yes,1.601236,3.433908,Sometimes,no,1.055019,no,0.819269,1.030848,Sometimes,Public_Transportation,Insufficient_Weight,0.0828358208955224
Female,0.12765957446808512,0.4716981132075473,0.08208955223880593,0.11375661375661378,no,yes,1.204855,3.531038,Sometimes,no,1.134658,no,2.0,1.0,Sometimes,Public_Transportation,Insufficient_Weight,0.08208955223880597
Female,0.08510638297872342,0.509433962264151,0.08208955223880593,0.10052910052910052,no,yes,1.052699,3.998618,Frequently,no,1.0,no,2.0,1.0,Sometimes,Public_Transportation,Insufficient_Weight,0.08208955223880597
Female,0.10638297872340424,0.2641509433962268,0.02611940298507459,0.10317460317460314,no,no,2.910345,3.0,Frequently,no,1.0,yes,1.461005,0.0,Sometimes,Public_Transportation,Insufficient_Weight,0.026119402985074626
Female,0.14893617021276595,0.1320754716981134,0.022388059701492546,0.13492063492063494,no,yes,2.866383,1.226342,Frequently,no,1.0,no,0.14495,0.0,Sometimes,Public_Transportation,Insufficient_Weight,0.022388059701492536
Female,0.10638297872340424,0.1320754716981134,0.022388059701492546,0.13492063492063494,no,yes,2.913486,1.060796,Frequently,no,1.596212,no,0.108948,0.773087,Sometimes,Public_Transportation,Insufficient_Weight,0.022388059701492536
Male,0.06382978723404253,0.7358490566037736,0.15149253731343282,0.11640211640211634,yes,yes,2.432886,3.0,Sometimes,no,2.0,no,2.697949,1.0,no,Automobile,Insufficient_Weight,0.15149253731343282
Male,0.06382978723404253,0.7547169811320757,0.15373134328358207,0.11640211640211634,yes,yes,2.883745,3.595761,Sometimes,no,2.0,no,2.077653,0.714701,no,Automobile,Insufficient_Weight,0.1537313432835821
Male,0.08510638297872342,0.7547169811320757,0.15074626865671642,0.1111111111111111,yes,yes,2.707666,3.737914,Sometimes,no,2.026547,no,2.009397,0.613971,no,Automobile,Insufficient_Weight,0.15074626865671645
Female,0.14893617021276595,0.509433962264151,0.08208955223880593,0.10317460317460314,yes,yes,2.919584,3.697831,Frequently,no,1.147121,no,0.993058,0.08922,no,Public_Transportation,Insufficient_Weight,0.08208955223880597
Female,0.17021276595744683,0.4716981132075473,0.08358208955223884,0.11375661375661378,yes,yes,2.969205,3.21043,Frequently,no,2.765876,no,0.611037,1.300692,no,Public_Transportation,Insufficient_Weight,0.08358208955223882
Female,0.17021276595744683,0.509433962264151,0.09328358208955223,0.11904761904761907,yes,yes,2.486189,3.0,Frequently,no,1.064378,no,2.206055,1.958089,no,Public_Transportation,Insufficient_Weight,0.09328358208955224
Female,0.08510638297872342,0.49056603773584895,0.08208955223880593,0.10846560846560849,no,yes,1.642241,3.45259,Sometimes,no,1.099231,no,0.418875,1.0,Sometimes,Public_Transportation,Insufficient_Weight,0.08208955223880597
Female,0.08510638297872342,0.5849056603773586,0.08432835820895518,0.08465608465608465,no,yes,1.567101,3.0,Sometimes,no,1.994139,no,0.107981,1.0,Sometimes,Public_Transportation,Insufficient_Weight,0.0843283582089552
Female,0.08510638297872342,0.4716981132075473,0.08208955223880593,0.11375661375661378,no,yes,1.036414,3.205587,Sometimes,no,1.745959,no,0.115974,1.0,Sometimes,Public_Transportation,Insufficient_Weight,0.08208955223880597
Female,0.10638297872340424,0.22641509433962304,0.016417910447761197,0.09523809523809529,no,yes,1.649974,1.513835,Sometimes,no,1.549974,no,0.227802,1.972926,Sometimes,Public_Transportation,Insufficient_Weight,0.016417910447761214
Female,0.12765957446808512,0.16981132075471717,0.0007462686567163979,0.09259259259259262,no,yes,1.118436,3.0,Sometimes,no,1.997744,no,2.432443,1.626194,Sometimes,Public_Transportation,Insufficient_Weight,0.0007462686567164285
Female,0.12765957446808512,0.15094339622641506,0.017164179104477595,0.11904761904761907,no,yes,2.673638,2.779379,Frequently,no,1.249074,no,0.043412,0.403694,Sometimes,Public_Transportation,Insufficient_Weight,0.01716417910447759
Male,0.12765957446808512,0.5849056603773586,0.12238805970149252,0.1296296296296296,yes,yes,2.120185,4.0,Sometimes,no,2.582165,no,2.0,1.510609,no,Automobile,Insufficient_Weight,0.12238805970149252
Male,0.08510638297872342,0.7358490566037736,0.15671641791044777,0.1243386243386243,yes,yes,3.0,3.732126,Sometimes,no,2.0,no,2.000934,0.384662,no,Automobile,Insufficient_Weight,0.15671641791044777
Male,0.08510638297872342,0.7735849056603774,0.14701492537313432,0.10582010582010581,yes,yes,2.34222,3.937099,Sometimes,no,2.311791,no,2.013377,1.128355,no,Automobile,Insufficient_Weight,0.14701492537313435
Male,0.08510638297872342,0.716981132075472,0.15597014925373132,0.1296296296296296,yes,yes,2.86099,4.0,Sometimes,no,2.0,no,2.0,0.007872,no,Automobile,Insufficient_Weight,0.15597014925373134
Male,0.06382978723404253,0.6981132075471699,0.14477611940298507,0.12169312169312174,yes,yes,2.559571,3.047959,Sometimes,no,2.0,no,2.011646,0.588994,no,Automobile,Insufficient_Weight,0.14477611940298507
Male,0.06382978723404253,0.6792452830188682,0.15074626865671642,0.13492063492063494,yes,yes,2.424977,4.0,Sometimes,no,2.0,no,2.0,0.03921,no,Automobile,Insufficient_Weight,0.15074626865671645
Male,0.08510638297872342,0.49056603773584895,0.08731343283582088,0.11640211640211634,yes,yes,1.786841,3.0,Sometimes,no,1.546856,no,0.512094,1.608265,Sometimes,Public_Transportation,Insufficient_Weight,0.08731343283582092
Male,0.08510638297872342,0.49056603773584895,0.09179104477611938,0.12169312169312174,yes,yes,1.303878,3.0,Sometimes,no,1.755497,no,0.062932,1.672532,Sometimes,Public_Transportation,Insufficient_Weight,0.09179104477611938
Male,0.08510638297872342,0.5471698113207548,0.08955223880597013,0.10052910052910052,yes,yes,1.889883,3.0,Sometimes,no,1.959531,no,0.520407,1.151166,Sometimes,Public_Transportation,Insufficient_Weight,0.08955223880597014
Female,0.10638297872340424,0.22641509433962304,0.03955223880597014,0.1296296296296296,no,no,2.984004,3.0,Frequently,no,1.015249,yes,1.327833,0.0,Sometimes,Public_Transportation,Insufficient_Weight,0.03955223880597013
Female,0.10638297872340424,0.2452830188679247,0.043283582089552186,0.1296296296296296,no,no,3.0,2.975362,Frequently,no,1.246822,yes,0.979701,0.0,Sometimes,Public_Transportation,Insufficient_Weight,0.04328358208955222
Female,0.12765957446808512,0.28301886792452846,0.04477611940298504,0.11904761904761907,no,no,3.0,3.0,Frequently,no,2.487919,yes,1.230441,0.0,Sometimes,Public_Transportation,Insufficient_Weight,0.04477611940298507
Female,0.12765957446808512,0.16981132075471717,0.022388059701492546,0.12698412698412698,no,yes,3.0,1.0,Frequently,no,1.49681,no,0.0,0.513427,Sometimes,Public_Transportation,Insufficient_Weight,0.022388059701492536
Female,0.10638297872340424,0.15094339622641506,0.022388059701492546,0.1296296296296296,no,yes,2.749268,1.394539,Frequently,no,1.322048,no,0.463949,0.800993,Sometimes,Public_Transportation,Insufficient_Weight,0.022388059701492536
Female,0.10638297872340424,0.15094339622641506,0.022388059701492546,0.13227513227513227,no,yes,3.0,1.0,Frequently,no,1.764055,no,0.0,0.560887,Sometimes,Public_Transportation,Insufficient_Weight,0.022388059701492536
Male,0.08510638297872342,0.509433962264151,0.09925373134328352,0.1243386243386243,yes,yes,1.202075,3.0,Sometimes,no,1.927976,no,0.023574,1.747256,Sometimes,Public_Transportation,Insufficient_Weight,0.09925373134328357
Male,0.08510638297872342,0.509433962264151,0.11044776119402983,0.13492063492063494,yes,yes,2.0,3.131032,Sometimes,no,2.072194,no,1.487987,2.0,Sometimes,Public_Transportation,Insufficient_Weight,0.11044776119402983
Male,0.08510638297872342,0.5471698113207548,0.08358208955223884,0.09523809523809529,yes,yes,1.871213,3.0,Sometimes,no,1.283738,no,0.684879,1.487223,Sometimes,Public_Transportation,Insufficient_Weight,0.08358208955223882
Male,0.276595744680851,0.6981132075471699,0.3582089552238806,0.3544973544973544,no,yes,2.341133,1.578521,Sometimes,no,2.0,no,2.0,0.554072,no,Automobile,Overweight_Level_I,0.3582089552238806
Male,0.14893617021276595,0.35849056603773555,0.2313432835820895,0.3465608465608466,no,yes,2.0,1.0,no,no,2.115967,no,0.770536,0.0,Sometimes,Public_Transportation,Overweight_Level_I,0.23134328358208955
Male,0.23404255319148937,0.6792452830188682,0.3477611940298507,0.34391534391534395,no,yes,1.450218,3.985442,Sometimes,no,2.147746,no,0.046836,1.0,no,Automobile,Overweight_Level_I,0.34776119402985073
Male,0.17021276595744683,0.4716981132075473,0.2731343283582089,0.3492063492063492,yes,yes,2.204914,3.623364,Sometimes,no,1.815293,no,0.989316,0.0,Sometimes,Public_Transportation,Overweight_Level_I,0.2731343283582089
Male,0.14893617021276595,0.3207547169811322,0.22313432835820896,0.35185185185185186,no,yes,1.206276,3.0,no,no,2.406541,no,0.94984,0.479221,Sometimes,Public_Transportation,Overweight_Level_I,0.223134328358209
Male,0.10638297872340424,0.7735849056603774,0.373134328358209,0.3386243386243386,yes,yes,2.0,3.0,Sometimes,no,1.015677,no,0.0,0.37465,Sometimes,Public_Transportation,Overweight_Level_I,0.373134328358209
Female,0.5957446808510638,0.509433962264151,0.32761194029850743,0.39682539682539686,no,yes,2.81646,3.36313,Sometimes,no,2.722063,no,3.0,0.26579,Sometimes,Automobile,Overweight_Level_I,0.3276119402985075
Male,0.14893617021276595,0.7735849056603774,0.3537313432835821,0.3201058201058201,yes,yes,2.0,3.0,Sometimes,no,1.345298,no,1.097905,1.0,Sometimes,Public_Transportation,Overweight_Level_I,0.35373134328358213
Male,0.17021276595744683,0.4716981132075473,0.2686567164179104,0.3465608465608466,yes,yes,2.0,3.0,Sometimes,no,1.825629,no,0.699592,0.142056,Sometimes,Public_Transportation,Overweight_Level_I,0.26865671641791045
Female,0.10638297872340424,0.5660377358490565,0.3059701492537313,0.3465608465608466,yes,yes,2.0,1.73762,Sometimes,no,2.207978,no,2.641072,0.707044,Frequently,Public_Transportation,Overweight_Level_I,0.30597014925373134
Male,0.21276595744680848,0.4716981132075473,0.2686567164179104,0.34391534391534395,yes,yes,2.0,3.0,Sometimes,no,2.0,no,0.345684,1.415536,Sometimes,Public_Transportation,Overweight_Level_I,0.26865671641791045
Female,0.42553191489361697,0.35849056603773555,0.2671641791044776,0.38888888888888884,yes,no,3.0,1.146052,Sometimes,no,1.074048,no,0.679935,0.0,Sometimes,Automobile,Overweight_Level_I,0.2671641791044776
Female,0.17021276595744683,0.30188679245283057,0.21716417910447755,0.3492063492063492,yes,yes,1.758394,3.981997,Sometimes,no,2.174248,no,0.920476,1.358163,Sometimes,Public_Transportation,Overweight_Level_I,0.21716417910447758
Male,0.14893617021276595,0.30188679245283057,0.217910447761194,0.3571428571428572,no,yes,2.0,1.9154,no,no,3.0,no,1.0,0.0,Sometimes,Public_Transportation,Overweight_Level_I,0.21791044776119406
Female,0.44680851063829785,0.15094339622641506,0.17835820895522386,0.3677248677248677,no,yes,2.0,2.105616,Sometimes,no,1.456581,no,0.0,0.9974,Sometimes,Automobile,Overweight_Level_I,0.17835820895522386
Female,0.4893617021276596,0.18867924528301883,0.1738805970149253,0.3412698412698413,yes,yes,2.392665,3.0,Sometimes,no,2.951056,no,0.0,0.369134,Sometimes,Automobile,Overweight_Level_I,0.17388059701492536
Female,0.17021276595744683,0.5283018867924527,0.2925373134328358,0.3465608465608466,yes,yes,2.577427,1.0,Sometimes,no,2.0,no,2.287423,0.0,Sometimes,Public_Transportation,Overweight_Level_I,0.29253731343283584
Male,0.19148936170212766,0.3396226415094339,0.2313432835820895,0.3544973544973544,no,yes,2.0,1.0,no,no,2.803311,no,0.245354,0.0,Sometimes,Public_Transportation,Overweight_Level_I,0.23134328358208955
Female,0.36170212765957444,0.3396226415094339,0.2223880597014925,0.3386243386243386,yes,yes,2.052152,3.0,Sometimes,no,1.972074,no,0.228307,0.0,Sometimes,Automobile,Overweight_Level_I,0.22238805970149253
Male,0.14893617021276595,0.5660377358490565,0.29925373134328354,0.3386243386243386,yes,yes,3.0,1.0,Sometimes,no,2.0,no,2.57223,0.0,Sometimes,Automobile,Overweight_Level_I,0.29925373134328354
Male,0.12765957446808512,0.6981132075471699,0.3492537313432836,0.34391534391534395,yes,yes,2.954996,3.714833,Sometimes,no,2.430918,no,2.545931,0.469735,Sometimes,Public_Transportation,Overweight_Level_I,0.3492537313432836
Male,0.12765957446808512,0.6792452830188682,0.3432835820895522,0.34391534391534395,yes,yes,3.0,3.0,Sometimes,no,2.229171,no,1.607953,0.628059,Sometimes,Public_Transportation,Overweight_Level_I,0.34328358208955223
Male,0.14893617021276595,0.49056603773584895,0.2686567164179104,0.33597883597883593,yes,yes,2.0,3.0,Sometimes,no,2.843777,no,2.022315,0.009254,Sometimes,Public_Transportation,Overweight_Level_I,0.26865671641791045
Male,0.14893617021276595,0.30188679245283057,0.21417910447761196,0.3492063492063492,yes,yes,2.0,3.691226,no,no,3.0,no,1.228136,0.3352,Sometimes,Public_Transportation,Overweight_Level_I,0.21417910447761196
Female,0.19148936170212766,0.509433962264151,0.2761194029850746,0.33597883597883593,yes,yes,2.0,3.0,Frequently,no,2.0,no,0.0,2.0,Sometimes,Public_Transportation,Overweight_Level_I,0.27611940298507465
Male,0.12765957446808512,0.716981132075472,0.37835820895522393,0.36243386243386244,yes,yes,2.555401,3.292386,Sometimes,no,3.0,no,2.0,0.315918,Sometimes,Public_Transportation,Overweight_Level_I,0.37835820895522393
Female,0.17021276595744683,0.28301886792452846,0.2044776119402985,0.3412698412698413,yes,yes,2.108711,3.0,Sometimes,no,2.746197,no,1.910432,0.0,Sometimes,Public_Transportation,Overweight_Level_I,0.20447761194029854
Female,0.14893617021276595,0.5660377358490565,0.29029850746268654,0.32539682539682546,yes,yes,2.915279,1.104642,Sometimes,no,1.530046,no,1.360635,0.0,Sometimes,Public_Transportation,Overweight_Level_I,0.2902985074626866
Male,0.08510638297872342,0.6226415094339623,0.30820895522388053,0.328042328042328,yes,yes,1.570089,3.0,Sometimes,no,2.0,no,2.707882,0.0,no,Public_Transportation,Overweight_Level_I,0.3082089552238806
Male,0.14893617021276595,0.49056603773584895,0.2686567164179104,0.33597883597883593,yes,yes,2.0,3.0,Sometimes,no,1.636326,no,1.0,0.0,Sometimes,Public_Transportation,Overweight_Level_I,0.26865671641791045
Female,0.3191489361702128,0.4150943396226414,0.2432835820895522,0.3306878306878307,yes,yes,2.0,3.0,Sometimes,no,1.701835,no,1.682271,0.0,Sometimes,Automobile,Overweight_Level_I,0.2432835820895522
Male,0.25531914893617025,0.5849056603773586,0.3223880597014926,0.36243386243386244,yes,yes,1.94313,3.559841,Sometimes,no,2.367996,no,0.23553,0.879977,Sometimes,Public_Transportation,Overweight_Level_I,0.32238805970149254
Male,0.19148936170212766,0.49056603773584895,0.2686567164179104,0.33597883597883593,yes,yes,2.714447,3.0,Sometimes,no,3.0,no,1.096818,1.89388,Sometimes,Public_Transportation,Overweight_Level_I,0.26865671641791045
Male,0.12765957446808512,0.6792452830188682,0.34402985074626863,0.3465608465608466,yes,yes,2.0,3.0,Sometimes,no,2.292073,no,1.067817,0.19668,Sometimes,Public_Transportation,Overweight_Level_I,0.34402985074626863
Female,0.21276595744680848,0.28301886792452846,0.1925373134328358,0.32539682539682546,no,yes,2.903545,3.0,Sometimes,no,1.549931,no,0.0,0.273882,Sometimes,Public_Transportation,Overweight_Level_I,0.1925373134328358
Female,0.4042553191489362,0.509433962264151,0.25149253731343285,0.3042328042328043,yes,yes,2.0,3.0,Sometimes,no,1.0,no,0.0,1.339232,Sometimes,Automobile,Overweight_Level_I,0.25149253731343285
Male,0.19148936170212766,0.49056603773584895,0.27238805970149255,0.33597883597883593,yes,yes,3.0,3.654061,Sometimes,no,1.229915,no,0.793489,1.597608,Sometimes,Public_Transportation,Overweight_Level_I,0.27238805970149255
Female,0.06382978723404253,0.18867924528301883,0.11865671641791042,0.2592592592592593,no,yes,1.75375,1.296156,Sometimes,no,2.0,yes,0.110174,1.944675,Sometimes,Public_Transportation,Overweight_Level_I,0.11865671641791044
Female,0.04255319148936171,0.28301886792452846,0.19402985074626866,0.32539682539682546,yes,yes,2.543563,1.0,Sometimes,no,2.0,yes,0.694281,1.056911,Sometimes,Public_Transportation,Overweight_Level_I,0.19402985074626866
Female,0.21276595744680848,0.2641509433962268,0.1738805970149253,0.30952380952380953,no,yes,2.39728,2.656588,Sometimes,no,2.061062,no,1.912981,1.887386,Sometimes,Public_Transportation,Overweight_Level_I,0.17388059701492536
Female,0.44680851063829785,0.4150943396226414,0.2552238805970149,0.3465608465608466,yes,no,3.0,2.809716,Sometimes,no,1.591425,no,0.178023,0.0,Sometimes,Automobile,Overweight_Level_I,0.25522388059701495
Male,0.19148936170212766,0.7735849056603774,0.37089552238805973,0.33597883597883593,yes,yes,2.0,2.77684,Sometimes,no,1.278231,no,0.55713,1.0,Sometimes,Automobile,Overweight_Level_I,0.37089552238805973
Female,0.4893617021276596,0.2641509433962268,0.1813432835820895,0.31481481481481477,yes,yes,2.37464,3.0,Sometimes,no,2.0,no,2.892922,0.480813,Sometimes,Automobile,Overweight_Level_I,0.18134328358208954
Male,0.10638297872340424,0.3207547169811322,0.22761194029850745,0.3571428571428572,no,yes,2.278644,1.0,Sometimes,no,2.628985,no,1.0,1.285373,Sometimes,Public_Transportation,Overweight_Level_I,0.22761194029850745
Female,0.04255319148936171,0.3207547169811322,0.2104477611940298,0.33597883597883593,yes,yes,1.620845,1.0,Sometimes,no,2.0,yes,0.926592,1.657098,no,Public_Transportation,Overweight_Level_I,0.21044776119402986
Female,0.08510638297872342,0.35849056603773555,0.2313432835820895,0.3465608465608466,yes,yes,2.0,1.999014,Sometimes,no,2.326165,no,0.00705,0.0,no,Public_Transportation,Overweight_Level_I,0.23134328358208955
Female,0.10638297872340424,0.18867924528301883,0.16119402985074627,0.3227513227513228,no,yes,2.823179,2.644692,Sometimes,no,1.226764,yes,0.747528,0.008899,Sometimes,Public_Transportation,Overweight_Level_I,0.16119402985074627
Female,0.06382978723404253,0.28301886792452846,0.19402985074626866,0.328042328042328,yes,yes,3.0,2.449723,Sometimes,no,2.0,yes,0.479592,1.720642,Sometimes,Public_Transportation,Overweight_Level_I,0.19402985074626866
Male,0.34042553191489366,0.6981132075471699,0.36343283582089553,0.3571428571428572,no,yes,3.0,3.0,Sometimes,no,1.174611,no,2.0,0.0,no,Automobile,Overweight_Level_I,0.36343283582089553
Female,0.3829787234042553,0.3962264150943393,0.2582089552238805,0.3650793650793651,yes,yes,2.0,3.0,Sometimes,no,1.0,no,0.0,1.112489,Sometimes,Automobile,Overweight_Level_I,0.25820895522388054
Male,0.08510638297872342,0.5660377358490565,0.3059701492537313,0.3465608465608466,yes,yes,2.0,2.794156,Sometimes,no,2.377362,no,0.101236,0.105895,no,Public_Transportation,Overweight_Level_I,0.30597014925373134
Male,0.10638297872340424,0.7735849056603774,0.3664179104477611,0.33333333333333337,yes,yes,2.061952,4.0,Sometimes,no,2.426465,no,2.0,0.160138,Sometimes,Public_Transportation,Overweight_Level_I,0.3664179104477612
Female,0.10638297872340424,0.5849056603773586,0.30223880597014924,0.33597883597883593,yes,yes,2.0,1.146794,Sometimes,no,3.0,no,1.809745,1.690102,Frequently,Public_Transportation,Overweight_Level_I,0.30223880597014924
Female,0.08510638297872342,0.35849056603773555,0.2194029850746269,0.32539682539682546,yes,yes,2.0,1.131695,Sometimes,no,1.344539,no,0.0,1.59257,no,Public_Transportation,Overweight_Level_I,0.2194029850746269
Female,0.08510638297872342,0.5471698113207548,0.28134328358208954,0.328042328042328,yes,yes,2.838969,3.0,Sometimes,no,2.425927,no,1.0,1.453335,Frequently,Public_Transportation,Overweight_Level_I,0.2813432835820896
Female,0.12765957446808512,0.1132075471698113,0.1888059701492537,0.40476190476190477,no,yes,2.568063,3.0,Sometimes,no,1.817983,yes,0.0,0.0,Sometimes,Public_Transportation,Overweight_Level_I,0.1888059701492537
Male,0.2978723404255319,0.6792452830188682,0.3604477611940298,0.3597883597883599,no,yes,3.0,3.0,Sometimes,no,1.205633,no,2.0,0.0,no,Automobile,Overweight_Level_I,0.3604477611940298
Male,0.276595744680851,0.6603773584905661,0.3582089552238806,0.3650793650793651,no,yes,2.652958,2.488189,Sometimes,no,2.0,no,2.0,0.096614,no,Automobile,Overweight_Level_I,0.3582089552238806
Male,0.14893617021276595,0.3396226415094339,0.2313432835820895,0.3571428571428572,no,yes,2.0,1.0,no,no,2.00876,no,0.63119,0.0,Sometimes,Public_Transportation,Overweight_Level_I,0.23134328358208955
Male,0.17021276595744683,0.35849056603773555,0.2313432835820895,0.34391534391534395,no,yes,2.0,1.0,no,no,2.069184,no,0.729898,0.0,Sometimes,Public_Transportation,Overweight_Level_I,0.23134328358208955
Male,0.276595744680851,0.6415094339622645,0.33059701492537313,0.34391534391534395,no,yes,1.27785,3.999591,Sometimes,no,2.495944,no,0.00342,1.0,no,Automobile,Overweight_Level_I,0.33059701492537313
Male,0.17021276595744683,0.4339622641509435,0.2686567164179104,0.3597883597883599,yes,yes,2.0,3.0,Sometimes,no,1.957871,no,0.994592,0.117303,Sometimes,Public_Transportation,Overweight_Level_I,0.26865671641791045
Female,0.14893617021276595,0.3207547169811322,0.22164179104477616,0.35185185185185186,yes,yes,1.729824,3.612941,no,no,2.043703,no,0.562118,0.426643,Sometimes,Public_Transportation,Overweight_Level_I,0.22164179104477613
Female,0.14893617021276595,0.3207547169811322,0.2223880597014925,0.35185185185185186,yes,yes,1.452524,3.950553,no,no,2.109858,no,0.508847,1.194633,Sometimes,Public_Transportation,Overweight_Level_I,0.22238805970149253
Male,0.12765957446808512,0.6981132075471699,0.35447761194029853,0.3492063492063492,yes,yes,2.0,3.0,Sometimes,no,2.177386,no,0.336814,0.004813,Sometimes,Public_Transportation,Overweight_Level_I,0.35447761194029853
Male,0.10638297872340424,0.6792452830188682,0.3559701492537313,0.3544973544973544,yes,yes,2.0,3.0,Sometimes,no,2.168651,no,0.977998,0.142638,Sometimes,Public_Transportation,Overweight_Level_I,0.3559701492537314
Female,0.5957446808510638,0.6037735849056602,0.2731343283582089,0.2962962962962963,yes,yes,3.0,2.951837,Sometimes,no,2.112032,no,0.378683,0.0,Sometimes,Automobile,Overweight_Level_I,0.2731343283582089
Male,0.17021276595744683,0.7924528301886795,0.3753731343283581,0.3306878306878307,yes,yes,2.0,2.799979,Sometimes,no,1.081333,no,0.444347,1.0,Sometimes,Public_Transportation,Overweight_Level_I,0.37537313432835817
Male,0.14893617021276595,0.7735849056603774,0.37761194029850736,0.3386243386243386,yes,yes,2.0,3.0,Sometimes,no,1.005727,no,0.0,0.798219,Sometimes,Public_Transportation,Overweight_Level_I,0.3776119402985074
Male,0.19148936170212766,0.4150943396226414,0.2686567164179104,0.3677248677248677,yes,yes,2.0,3.0,Sometimes,no,2.0,no,0.129163,1.983678,Sometimes,Public_Transportation,Overweight_Level_I,0.26865671641791045
Male,0.19148936170212766,0.509433962264151,0.27537313432835825,0.3386243386243386,yes,yes,2.0,3.0,Sometimes,no,2.0,no,0.0,2.0,Sometimes,Public_Transportation,Overweight_Level_I,0.27537313432835825
Male,0.10638297872340424,0.5660377358490565,0.3044776119402985,0.3465608465608466,yes,yes,2.0,2.228113,Sometimes,no,2.045004,no,1.293665,0.961806,Frequently,Public_Transportation,Overweight_Level_I,0.3044776119402985
Male,0.19148936170212766,0.49056603773584895,0.27089552238805964,0.3386243386243386,yes,yes,2.303367,3.042774,Sometimes,no,1.277636,no,0.944982,0.366126,Sometimes,Public_Transportation,Overweight_Level_I,0.2708955223880597
Female,0.4042553191489362,0.4150943396226414,0.2671641791044776,0.36243386243386244,yes,yes,2.948425,1.198643,Sometimes,no,1.0,no,0.0,0.173796,Sometimes,Automobile,Overweight_Level_I,0.2671641791044776
Female,0.4042553191489362,0.4339622641509435,0.2686567164179104,0.36243386243386244,yes,yes,2.291846,1.555557,Sometimes,no,1.0,no,0.0,0.388271,Sometimes,Automobile,Overweight_Level_I,0.26865671641791045
Female,0.17021276595744683,0.30188679245283057,0.21567164179104475,0.3492063492063492,yes,yes,1.906194,3.987707,Sometimes,no,2.597746,no,1.922234,1.376124,Sometimes,Public_Transportation,Overweight_Level_I,0.2156716417910448
Female,0.17021276595744683,0.30188679245283057,0.21716417910447755,0.3492063492063492,yes,yes,1.834155,3.995957,Sometimes,no,2.632871,no,1.236114,1.980875,Sometimes,Public_Transportation,Overweight_Level_I,0.21716417910447758
Female,0.4893617021276596,0.1132075471698113,0.1805970149253731,0.3915343915343916,yes,yes,2.048582,1.047197,Sometimes,no,2.0,no,0.15136,0.22596,Sometimes,Automobile,Overweight_Level_I,0.18059701492537317
Female,0.5531914893617021,0.20754716981132093,0.17835820895522386,0.3386243386243386,yes,yes,2.948248,3.0,Sometimes,no,2.429911,no,0.11964,0.360193,Sometimes,Automobile,Overweight_Level_I,0.17835820895522386
Female,0.5319148936170213,0.18867924528301883,0.17910447761194026,0.3465608465608466,yes,yes,2.869436,3.0,Sometimes,no,2.972426,no,2.16079,0.305954,Sometimes,Automobile,Overweight_Level_I,0.1791044776119403
Female,0.17021276595744683,0.5283018867924527,0.2955223880597014,0.3492063492063492,yes,yes,2.293705,1.0,Sometimes,no,2.0,no,2.063943,0.0,Sometimes,Public_Transportation,Overweight_Level_I,0.29552238805970144
Female,0.14893617021276595,0.5471698113207548,0.29776119402985074,0.3412698412698413,yes,yes,2.510583,1.0,Sometimes,no,2.0,no,2.119682,0.0,Sometimes,Public_Transportation,Overweight_Level_I,0.2977611940298508
Female,0.3191489361702128,0.35849056603773555,0.23059701492537316,0.3412698412698413,yes,yes,2.366949,3.0,Sometimes,no,1.926577,no,1.581242,0.0,Sometimes,Automobile,Overweight_Level_I,0.23059701492537318
Female,0.36170212765957444,0.4528301886792452,0.24552238805970156,0.3201058201058201,yes,yes,2.615788,3.0,Sometimes,no,1.771781,no,0.759422,0.686529,Sometimes,Automobile,Overweight_Level_I,0.24552238805970153
Male,0.19148936170212766,0.5660377358490565,0.3014925373134329,0.3412698412698413,yes,yes,3.0,1.0,Sometimes,no,2.0,no,2.315983,0.0,Sometimes,Public_Transportation,Overweight_Level_I,0.3014925373134329
Male,0.25531914893617025,0.5660377358490565,0.3059701492537313,0.35185185185185186,yes,yes,2.217267,1.193589,Sometimes,no,2.0,no,2.0,0.0,Sometimes,Public_Transportation,Overweight_Level_I,0.30597014925373134
Male,0.12765957446808512,0.6981132075471699,0.3432835820895522,0.33333333333333337,yes,yes,3.0,3.0,Sometimes,no,2.759246,no,1.763277,0.453314,Sometimes,Public_Transportation,Overweight_Level_I,0.34328358208955223
Male,0.12765957446808512,0.6792452830188682,0.34402985074626863,0.34391534391534395,yes,yes,2.801514,3.0,Sometimes,no,2.734782,no,2.207881,0.143675,Sometimes,Public_Transportation,Overweight_Level_I,0.34402985074626863
Male,0.12765957446808512,0.6603773584905661,0.3432835820895522,0.3492063492063492,yes,yes,2.188722,3.0,Sometimes,no,2.721356,no,1.528968,1.0,Sometimes,Public_Transportation,Overweight_Level_I,0.34328358208955223
Male,0.10638297872340424,0.6792452830188682,0.3455223880597014,0.3412698412698413,yes,yes,2.971351,3.390143,Sometimes,no,2.133767,no,2.318492,0.678618,Sometimes,Public_Transportation,Overweight_Level_I,0.3455223880597015
Male,0.17021276595744683,0.4716981132075473,0.26940298507462684,0.34391534391534395,yes,yes,2.086093,3.546352,Sometimes,no,2.081121,no,1.993666,0.673835,Sometimes,Public_Transportation,Overweight_Level_I,0.26940298507462684
Female,0.17021276595744683,0.28301886792452846,0.2164179104477612,0.3544973544973544,yes,yes,1.901611,3.266501,no,no,2.926995,no,0.985872,0.307982,Sometimes,Public_Transportation,Overweight_Level_I,0.21641791044776118
Female,0.14893617021276595,0.30188679245283057,0.21716417910447755,0.3492063492063492,yes,yes,1.977298,3.554974,no,no,2.217957,no,0.97812,0.459759,Sometimes,Public_Transportation,Overweight_Level_I,0.21716417910447758
Female,0.14893617021276595,0.5660377358490565,0.291044776119403,0.32539682539682546,yes,yes,2.446872,2.372311,Sometimes,no,1.81031,no,0.094893,1.650778,Sometimes,Public_Transportation,Overweight_Level_I,0.291044776119403
Female,0.14893617021276595,0.5660377358490565,0.291044776119403,0.328042328042328,yes,yes,2.839048,2.10601,Sometimes,no,1.639202,no,1.117311,0.967919,Sometimes,Public_Transportation,Overweight_Level_I,0.291044776119403
Male,0.10638297872340424,0.7735849056603774,0.3589552238805969,0.3227513227513228,yes,yes,2.21232,4.0,Sometimes,no,2.374044,no,2.0,0.622638,Sometimes,Public_Transportation,Overweight_Level_I,0.358955223880597
Male,0.17021276595744683,0.8490566037735849,0.3843283582089552,0.3227513227513228,yes,yes,2.427689,3.715306,Sometimes,no,2.876096,no,1.815768,0.426465,Sometimes,Public_Transportation,Overweight_Level_I,0.3843283582089552
Male,0.17021276595744683,0.30188679245283057,0.2059701492537313,0.3412698412698413,yes,yes,2.357496,3.376717,Sometimes,no,2.184843,no,1.358185,0.014885,Sometimes,Public_Transportation,Overweight_Level_I,0.2059701492537313
Female,0.14893617021276595,0.5849056603773586,0.2940298507462687,0.32539682539682546,yes,yes,3.0,1.0,Sometimes,no,2.0,no,2.971832,0.0,Sometimes,Public_Transportation,Overweight_Level_I,0.2940298507462687
Female,0.14893617021276595,0.5849056603773586,0.29328358208955224,0.328042328042328,yes,yes,3.0,1.0,Sometimes,no,2.0,no,2.877473,0.0,Sometimes,Public_Transportation,Overweight_Level_I,0.29328358208955224
Female,0.10638297872340424,0.6226415094339623,0.30671641791044774,0.32539682539682546,yes,yes,1.078529,1.211606,Sometimes,no,2.568063,no,3.0,0.817983,no,Public_Transportation,Overweight_Level_I,0.30671641791044774
Male,0.14893617021276595,0.49056603773584895,0.2686567164179104,0.33333333333333337,yes,yes,2.0,3.0,Sometimes,no,1.333707,no,1.0,0.0,Sometimes,Public_Transportation,Overweight_Level_I,0.26865671641791045
Male,0.14893617021276595,0.4339622641509435,0.2686567164179104,0.36243386243386244,yes,yes,2.0,3.0,Sometimes,no,1.164062,no,1.0,0.0,Sometimes,Public_Transportation,Overweight_Level_I,0.26865671641791045
Female,0.2978723404255319,0.4716981132075473,0.2626865671641791,0.33597883597883593,yes,yes,2.0,3.0,Sometimes,no,2.0,no,1.722053,0.0,Sometimes,Automobile,Overweight_Level_I,0.26268656716417915
Male,0.3191489361702128,0.6037735849056602,0.3208955223880597,0.35185185185185186,yes,yes,1.064162,3.98955,Sometimes,no,2.028426,no,0.81517,0.894678,Sometimes,Public_Transportation,Overweight_Level_I,0.3208955223880597
Male,0.25531914893617025,0.5660377358490565,0.3059701492537313,0.3492063492063492,yes,yes,1.993101,3.171082,Sometimes,no,2.364498,no,1.224743,0.022245,Sometimes,Public_Transportation,Overweight_Level_I,0.30597014925373134
Male,0.19148936170212766,0.4528301886792452,0.2686567164179104,0.35185185185185186,yes,yes,2.620963,3.0,Sometimes,no,2.824559,no,0.754599,2.0,Sometimes,Public_Transportation,Overweight_Level_I,0.26865671641791045
Male,0.12765957446808512,0.6981132075471699,0.3432835820895522,0.33597883597883593,yes,yes,2.95118,3.0,Sometimes,no,3.0,no,2.433918,0.561602,Sometimes,Public_Transportation,Overweight_Level_I,0.34328358208955223
Female,0.17021276595744683,0.2452830188679247,0.19701492537313436,0.3492063492063492,no,yes,2.021446,3.0,Sometimes,no,1.077917,no,0.523847,0.808599,Sometimes,Public_Transportation,Overweight_Level_I,0.19701492537313436
Female,0.34042553191489366,0.37735849056603765,0.2582089552238805,0.37037037037037035,yes,yes,2.0,3.0,Sometimes,no,1.0,no,0.0,0.018877,Sometimes,Automobile,Overweight_Level_I,0.25820895522388054
Female,0.36170212765957444,0.37735849056603765,0.2253731343283582,0.3306878306878307,yes,yes,2.000466,3.0,Sometimes,no,1.131448,no,0.061366,0.0,Sometimes,Automobile,Overweight_Level_I,0.22537313432835823
Male,0.19148936170212766,0.49056603773584895,0.2716417910447761,0.3386243386243386,yes,yes,2.5621,3.105007,Sometimes,no,1.172427,no,0.184917,0.923082,Sometimes,Public_Transportation,Overweight_Level_I,0.27164179104477615
Female,0.08510638297872342,0.018867924528302105,0.12313432835820892,0.3492063492063492,no,yes,2.0,3.0,Sometimes,no,1.040342,yes,0.497373,1.783319,Sometimes,Public_Transportation,Overweight_Level_I,0.12313432835820895
Female,0.08510638297872342,0.09433962264150964,0.12238805970149252,0.30952380952380953,no,yes,2.0,3.0,Sometimes,no,1.274718,yes,0.129902,0.978574,Sometimes,Public_Transportation,Overweight_Level_I,0.12238805970149252
Female,0.06382978723404253,0.28301886792452846,0.19402985074626866,0.32539682539682546,yes,yes,2.96008,1.0,Sometimes,no,2.0,yes,0.736032,1.344072,no,Public_Transportation,Overweight_Level_I,0.19402985074626866
Female,0.17021276595744683,0.20754716981132093,0.18358208955223881,0.3492063492063492,no,yes,2.53915,1.590982,Sometimes,no,1.977801,no,1.264616,0.0,Sometimes,Public_Transportation,Overweight_Level_I,0.18358208955223881
Female,0.276595744680851,0.18867924528301883,0.17835820895522386,0.3492063492063492,no,yes,2.244142,1.704828,Sometimes,no,1.0,no,0.792929,0.395468,Sometimes,Public_Transportation,Overweight_Level_I,0.17835820895522386
Female,0.44680851063829785,0.37735849056603765,0.26044776119402985,0.3756613756613757,yes,no,3.0,2.725012,Sometimes,no,1.62244,no,0.902661,0.0,Sometimes,Automobile,Overweight_Level_I,0.2604477611940299
Male,0.21276595744680848,0.7735849056603774,0.35149253731343283,0.31746031746031744,yes,yes,2.0,2.372339,Sometimes,no,1.675733,no,1.066241,1.0,Sometimes,Automobile,Overweight_Level_I,0.3514925373134328
Male,0.19148936170212766,0.7547169811320757,0.3589552238805969,0.328042328042328,yes,yes,2.0,1.097312,Sometimes,no,1.328835,no,1.264257,1.0,Sometimes,Automobile,Overweight_Level_I,0.358955223880597
Female,0.5531914893617021,0.22641509433962304,0.17313432835820897,0.3227513227513228,yes,yes,2.253371,3.0,Sometimes,no,2.756916,no,1.016042,0.213437,Sometimes,Automobile,Overweight_Level_I,0.17313432835820897
Female,0.04255319148936171,0.3207547169811322,0.21567164179104475,0.34391534391534395,yes,yes,2.851664,1.0,Sometimes,no,2.0,no,0.977929,1.765321,no,Public_Transportation,Overweight_Level_I,0.2156716417910448
Female,0.06382978723404253,0.35849056603773555,0.2119402985074627,0.31746031746031744,yes,yes,1.31415,1.068196,Sometimes,no,1.364957,yes,0.0,0.057926,no,Public_Transportation,Overweight_Level_I,0.21194029850746274
Female,0.04255319148936171,0.30188679245283057,0.19402985074626866,0.3201058201058201,yes,yes,1.321028,1.0,Sometimes,no,2.0,yes,0.371452,0.965604,no,Public_Transportation,Overweight_Level_I,0.19402985074626866
Female,0.08510638297872342,0.37735849056603765,0.2223880597014925,0.32539682539682546,yes,yes,2.0,1.411685,Sometimes,no,1.859089,no,0.0,1.306,no,Public_Transportation,Overweight_Level_I,0.22238805970149253
Female,0.10638297872340424,0.3207547169811322,0.2313432835820895,0.3571428571428572,yes,yes,2.253998,2.752318,Sometimes,no,2.328331,no,0.815509,0.024088,no,Public_Transportation,Overweight_Level_I,0.23134328358208955
Female,0.12765957446808512,0.1132075471698113,0.16492537313432837,0.3677248677248677,no,yes,2.778079,3.0,Sometimes,no,1.696691,yes,0.94224,0.879925,Sometimes,Public_Transportation,Overweight_Level_I,0.16492537313432837
Female,0.10638297872340424,0.1320754716981134,0.15895522388059696,0.3465608465608466,no,yes,2.838037,2.737571,Sometimes,no,1.144467,yes,0.753782,1.286844,Sometimes,Public_Transportation,Overweight_Level_I,0.158955223880597
Female,0.08510638297872342,0.28301886792452846,0.19402985074626866,0.328042328042328,yes,yes,3.0,2.973504,Sometimes,no,2.0,yes,0.178976,0.166076,Sometimes,Public_Transportation,Overweight_Level_I,0.19402985074626866
Male,0.4042553191489362,0.7358490566037736,0.36492537313432843,0.34391534391534395,no,yes,2.814453,2.608055,Sometimes,no,1.85916,no,2.0,0.516084,no,Automobile,Overweight_Level_I,0.3649253731343284
Female,0.4042553191489362,0.5283018867924527,0.27537313432835825,0.328042328042328,yes,yes,2.013782,2.625942,Sometimes,no,1.045586,no,0.553305,0.480214,Sometimes,Automobile,Overweight_Level_I,0.27537313432835825
Female,0.10638297872340424,0.5849056603773586,0.3059701492537313,0.3412698412698413,yes,yes,2.0,1.411808,Sometimes,no,2.651194,no,2.878414,0.953841,no,Public_Transportation,Overweight_Level_I,0.30597014925373134
Female,0.10638297872340424,0.5849056603773586,0.3059701492537313,0.34391534391534395,yes,yes,2.0,1.095223,Sometimes,no,2.474132,no,2.876696,0.7939,no,Public_Transportation,Overweight_Level_I,0.30597014925373134
Male,0.10638297872340424,0.6603773584905661,0.3447761194029851,0.3492063492063492,yes,yes,2.459976,3.30846,Sometimes,no,2.078011,no,1.779646,0.871772,Sometimes,Public_Transportation,Overweight_Level_I,0.3447761194029851
Male,0.10638297872340424,0.6792452830188682,0.35149253731343283,0.3492063492063492,yes,yes,2.643183,3.821461,Sometimes,no,2.397124,no,2.044165,0.471663,Sometimes,Public_Transportation,Overweight_Level_I,0.3514925373134328
Female,0.14893617021276595,0.5849056603773586,0.29626865671641794,0.3306878306878307,yes,yes,2.0,3.0,Sometimes,no,2.813234,no,0.228753,2.0,Frequently,Public_Transportation,Overweight_Level_I,0.29626865671641794
Female,0.10638297872340424,0.5849056603773586,0.3059701492537313,0.3412698412698413,yes,yes,2.0,2.658639,Sometimes,no,2.781628,no,1.955992,1.409198,Frequently,Public_Transportation,Overweight_Level_I,0.30597014925373134
Female,0.08510638297872342,0.3207547169811322,0.2268656716417911,0.3544973544973544,yes,yes,2.22399,1.0,Sometimes,no,2.20312,no,0.104451,1.899073,no,Public_Transportation,Overweight_Level_I,0.22686567164179108
Female,0.14893617021276595,0.49056603773584895,0.2686567164179104,0.33597883597883593,yes,yes,2.104105,3.0,Sometimes,no,1.871033,no,1.0,0.0,Sometimes,Public_Transportation,Overweight_Level_I,0.26865671641791045
Female,0.06382978723404253,0.16981132075471717,0.13656716417910442,0.29894179894179895,no,yes,1.972545,2.339614,Sometimes,no,1.711074,yes,0.095517,1.191053,Sometimes,Public_Transportation,Overweight_Level_I,0.13656716417910444
Male,0.25531914893617025,0.6981132075471699,0.3582089552238806,0.35185185185185186,no,yes,2.286481,1.713762,Sometimes,no,1.797161,no,1.658698,0.926581,no,Automobile,Overweight_Level_I,0.3582089552238806
Male,0.276595744680851,0.6981132075471699,0.3589552238805969,0.3544973544973544,no,yes,2.971588,2.743277,Sometimes,no,1.394883,no,2.0,0.470243,no,Automobile,Overweight_Level_I,0.358955223880597
Male,0.14893617021276595,0.35849056603773555,0.2313432835820895,0.3465608465608466,no,yes,2.0,1.0,no,no,2.881677,no,0.915699,0.0,Sometimes,Public_Transportation,Overweight_Level_I,0.23134328358208955
Male,0.14893617021276595,0.3207547169811322,0.2313432835820895,0.3597883597883599,no,yes,2.0,1.0,no,no,2.795651,no,0.80873,0.0,Sometimes,Public_Transportation,Overweight_Level_I,0.23134328358208955
Male,0.276595744680851,0.6603773584905661,0.3492537313432836,0.3544973544973544,yes,yes,2.872121,3.051804,Sometimes,no,2.111913,no,0.843709,0.153559,Sometimes,Automobile,Overweight_Level_I,0.3492537313432836
Male,0.17021276595744683,0.4716981132075473,0.2716417910447761,0.3492063492063492,yes,yes,2.109162,3.245148,Sometimes,no,1.971774,no,0.989335,0.0,Sometimes,Public_Transportation,Overweight_Level_I,0.27164179104477615
Male,0.14893617021276595,0.4528301886792452,0.26940298507462684,0.3465608465608466,yes,yes,2.178889,3.563744,Sometimes,no,1.853991,no,0.997731,0.0,Sometimes,Public_Transportation,Overweight_Level_I,0.26940298507462684
Female,0.14893617021276595,0.3207547169811322,0.2238805970149254,0.35185185185185186,yes,yes,1.142468,3.0,no,no,2.197732,no,0.827506,0.572877,Sometimes,Public_Transportation,Overweight_Level_I,0.22388059701492538
Male,0.10638297872340424,0.7735849056603774,0.3701492537313433,0.33597883597883593,yes,yes,2.047069,3.829101,Sometimes,no,1.641022,no,1.554817,0.248218,Sometimes,Public_Transportation,Overweight_Level_I,0.3701492537313432
Female,0.5319148936170213,0.5471698113207548,0.35746268656716423,0.417989417989418,no,yes,2.843709,3.058539,Sometimes,no,1.130079,no,2.834373,0.044954,Sometimes,Automobile,Overweight_Level_I,0.35746268656716423
Female,0.5531914893617021,0.5471698113207548,0.31268656716417914,0.36243386243386244,no,yes,2.416044,3.196043,Sometimes,no,1.352649,no,0.148628,1.08266,Sometimes,Automobile,Overweight_Level_I,0.31268656716417914
Male,0.12765957446808512,0.6792452830188682,0.3455223880597014,0.3465608465608466,yes,yes,2.0,3.0,Sometimes,no,1.968011,no,1.072662,0.776758,Sometimes,Public_Transportation,Overweight_Level_I,0.3455223880597015
Male,0.12765957446808512,0.7547169811320757,0.3447761194029851,0.31481481481481477,yes,yes,2.146598,3.0,Sometimes,no,2.100112,no,1.17116,0.833761,Sometimes,Public_Transportation,Overweight_Level_I,0.3447761194029851
Male,0.14893617021276595,0.49056603773584895,0.2686567164179104,0.33333333333333337,yes,yes,2.0,3.0,Sometimes,no,1.362642,no,0.921268,0.139013,Sometimes,Public_Transportation,Overweight_Level_I,0.26865671641791045
Female,0.10638297872340424,0.5660377358490565,0.3059701492537313,0.34391534391534395,yes,yes,2.0,1.391778,Sometimes,no,2.64548,no,2.685087,0.97554,no,Public_Transportation,Overweight_Level_I,0.30597014925373134
Male,0.21276595744680848,0.509433962264151,0.2716417910447761,0.33333333333333337,yes,yes,2.0,3.0,Sometimes,no,2.0,no,0.121585,1.967259,Sometimes,Public_Transportation,Overweight_Level_I,0.27164179104477615
Male,0.19148936170212766,0.4339622641509435,0.2686567164179104,0.36243386243386244,yes,yes,2.0,3.0,Sometimes,no,2.0,no,0.334579,1.905826,Sometimes,Public_Transportation,Overweight_Level_I,0.26865671641791045
Female,0.42553191489361697,0.4339622641509435,0.26791044776119405,0.3571428571428572,yes,yes,3.0,1.13715,Sometimes,no,1.000695,no,0.261274,0.0,Sometimes,Automobile,Overweight_Level_I,0.26791044776119405
Female,0.17021276595744683,0.28301886792452846,0.21716417910447755,0.3597883597883599,yes,yes,1.766849,3.322522,Sometimes,no,2.616285,no,0.943058,0.256977,Sometimes,Public_Transportation,Overweight_Level_I,0.21716417910447758
Female,0.14893617021276595,0.3207547169811322,0.22313432835820896,0.35185185185185186,yes,yes,1.188089,3.269088,Sometimes,no,2.039535,no,0.779686,1.043108,Sometimes,Public_Transportation,Overweight_Level_I,0.223134328358209
Male,0.14893617021276595,0.30188679245283057,0.22313432835820896,0.3597883597883599,no,yes,1.910176,2.938135,no,no,2.943097,no,0.997202,0.207922,Sometimes,Public_Transportation,Overweight_Level_I,0.223134328358209
Male,0.14893617021276595,0.30188679245283057,0.22761194029850745,0.36243386243386244,no,yes,2.0,1.259628,no,no,3.0,no,1.0,0.0,Sometimes,Public_Transportation,Overweight_Level_I,0.22761194029850745
Female,0.5319148936170213,0.18867924528301883,0.1738805970149253,0.34391534391534395,yes,yes,2.956671,2.965494,Sometimes,no,2.868132,no,0.0,0.54925,Sometimes,Automobile,Overweight_Level_I,0.17388059701492536
Female,0.5319148936170213,0.22641509433962304,0.17835820895522386,0.33333333333333337,yes,yes,2.002796,3.0,Sometimes,no,2.526775,no,0.271174,0.806069,Sometimes,Automobile,Overweight_Level_I,0.17835820895522386
Female,0.4893617021276596,0.15094339622641506,0.17462686567164176,0.3597883597883599,yes,yes,2.288604,2.845307,Sometimes,no,2.638164,no,0.0,0.990741,Sometimes,Automobile,Overweight_Level_I,0.1746268656716418
Female,0.17021276595744683,0.5283018867924527,0.2985074626865672,0.3544973544973544,yes,yes,2.277077,1.0,Sometimes,no,2.0,no,1.061743,0.0,Sometimes,Public_Transportation,Overweight_Level_I,0.29850746268656714
Female,0.17021276595744683,0.5283018867924527,0.2940298507462687,0.3492063492063492,yes,yes,2.138334,1.0,Sometimes,no,2.0,no,2.269058,0.0,Sometimes,Public_Transportation,Overweight_Level_I,0.2940298507462687
Male,0.17021276595744683,0.3396226415094339,0.2313432835820895,0.3544973544973544,no,yes,2.0,1.0,no,no,2.976177,no,0.780117,0.0,Sometimes,Public_Transportation,Overweight_Level_I,0.23134328358208955
Female,0.34042553191489366,0.35849056603773555,0.2253731343283582,0.3386243386243386,yes,yes,2.029634,3.0,Sometimes,no,1.827515,no,0.480206,0.0,Sometimes,Automobile,Overweight_Level_I,0.22537313432835823
Female,0.36170212765957444,0.4339622641509435,0.244776119402985,0.328042328042328,yes,yes,2.048216,3.0,Sometimes,no,1.305816,no,0.170452,0.276806,Sometimes,Automobile,Overweight_Level_I,0.24477611940298505
Female,0.14893617021276595,0.5849056603773586,0.30223880597014924,0.33597883597883593,yes,yes,2.8557,1.0,Sometimes,no,2.663861,no,2.762711,0.783336,Sometimes,Public_Transportation,Overweight_Level_I,0.30223880597014924
Male,0.12765957446808512,0.6981132075471699,0.34402985074626863,0.33333333333333337,yes,yes,2.995599,3.095663,Sometimes,no,2.568157,no,2.7243,0.330457,Sometimes,Public_Transportation,Overweight_Level_I,0.34402985074626863
Male,0.12765957446808512,0.6981132075471699,0.3455223880597014,0.3412698412698413,yes,yes,2.987148,3.483449,Sometimes,no,2.359246,no,2.060415,0.598999,Sometimes,Public_Transportation,Overweight_Level_I,0.3455223880597015
Male,0.17021276595744683,0.4716981132075473,0.2686567164179104,0.34391534391534395,yes,yes,2.0,3.0,Sometimes,no,2.763573,no,1.502711,0.127879,Sometimes,Public_Transportation,Overweight_Level_I,0.26865671641791045
Female,0.14893617021276595,0.30188679245283057,0.2149253731343283,0.35185185185185186,yes,yes,2.0,3.156309,no,no,3.0,no,1.179592,0.086868,Sometimes,Public_Transportation,Overweight_Level_I,0.21492537313432833
Female,0.17021276595744683,0.30188679245283057,0.2164179104477612,0.3492063492063492,yes,yes,1.887951,3.728377,no,no,2.682107,no,1.123931,0.492528,Sometimes,Public_Transportation,Overweight_Level_I,0.21641791044776118
Male,0.19148936170212766,0.49056603773584895,0.26940298507462684,0.33597883597883593,yes,yes,2.786008,3.0,Sometimes,no,2.526193,no,0.925118,2.0,Sometimes,Public_Transportation,Overweight_Level_I,0.26940298507462684
Male,0.19148936170212766,0.509433962264151,0.27388059701492534,0.33597883597883593,yes,yes,2.0,3.0,Sometimes,no,2.0,no,0.092344,1.466496,Sometimes,Public_Transportation,Overweight_Level_I,0.2738805970149254
Male,0.12765957446808512,0.716981132075472,0.3761194029850747,0.3597883597883599,yes,yes,2.342323,3.60885,Sometimes,no,2.878866,no,2.0,0.208323,Sometimes,Public_Transportation,Overweight_Level_I,0.3761194029850747
Female,0.17021276595744683,0.30188679245283057,0.20970149253731335,0.3386243386243386,yes,yes,1.874935,3.370362,Sometimes,no,2.558773,no,1.206121,0.271024,Sometimes,Public_Transportation,Overweight_Level_I,0.20970149253731338
Female,0.17021276595744683,0.28301886792452846,0.2022388059701492,0.3386243386243386,yes,yes,2.213135,3.0,Sometimes,no,2.046766,no,2.172546,0.0,Sometimes,Public_Transportation,Overweight_Level_I,0.2022388059701492
Female,0.14893617021276595,0.5660377358490565,0.291044776119403,0.328042328042328,yes,yes,2.273548,2.39007,Sometimes,no,1.648404,no,0.874643,1.102696,Sometimes,Public_Transportation,Overweight_Level_I,0.291044776119403
Female,0.14893617021276595,0.5471698113207548,0.29626865671641794,0.3412698412698413,yes,yes,2.780699,1.101404,Sometimes,no,1.579207,no,1.153775,0.0,Sometimes,Public_Transportation,Overweight_Level_I,0.29626865671641794
Male,0.10638297872340424,0.6226415094339623,0.30671641791044774,0.328042328042328,yes,yes,1.687569,2.756405,Sometimes,no,2.079131,no,2.931527,0.68173,no,Public_Transportation,Overweight_Level_I,0.30671641791044774
Male,0.14893617021276595,0.49056603773584895,0.2686567164179104,0.3306878306878307,yes,yes,2.0,3.0,Sometimes,no,1.081597,no,1.0,0.0,Sometimes,Public_Transportation,Overweight_Level_I,0.26865671641791045
Male,0.14893617021276595,0.4528301886792452,0.2686567164179104,0.3465608465608466,yes,yes,2.0,3.0,Sometimes,no,1.833055,no,1.0,0.0,Sometimes,Public_Transportation,Overweight_Level_I,0.26865671641791045
Female,0.3191489361702128,0.3962264150943393,0.2402985074626866,0.3412698412698413,yes,yes,2.0,3.0,Sometimes,no,1.281683,no,1.609801,0.0,Sometimes,Automobile,Overweight_Level_I,0.24029850746268658
Male,0.21276595744680848,0.6226415094339623,0.32313432835820893,0.3465608465608466,yes,yes,1.989905,3.054899,Sometimes,no,2.080968,no,1.107543,0.939726,no,Public_Transportation,Overweight_Level_I,0.32313432835820893
Male,0.25531914893617025,0.6037735849056602,0.32611940298507464,0.3571428571428572,yes,yes,1.947405,3.118013,Sometimes,no,2.136159,no,0.783963,0.88868,no,Public_Transportation,Overweight_Level_I,0.32611940298507464
Male,0.19148936170212766,0.4716981132075473,0.2686567164179104,0.3412698412698413,yes,yes,2.162519,3.0,Sometimes,no,2.152666,no,1.078074,1.502839,Sometimes,Public_Transportation,Overweight_Level_I,0.26865671641791045
Male,0.12765957446808512,0.6792452830188682,0.3455223880597014,0.3412698412698413,yes,yes,2.923916,3.335876,Sometimes,no,2.372444,no,1.305633,0.311436,Sometimes,Public_Transportation,Overweight_Level_I,0.3455223880597015
Female,0.17021276595744683,0.28301886792452846,0.19701492537313436,0.33333333333333337,no,yes,2.99448,3.0,Sometimes,no,1.706568,no,0.784216,0.150969,Sometimes,Public_Transportation,Overweight_Level_I,0.19701492537313436
Female,0.3829787234042553,0.4150943396226414,0.25298507462686565,0.35185185185185186,yes,yes,2.0,3.0,Sometimes,no,1.0,no,0.0,1.301385,Sometimes,Automobile,Overweight_Level_I,0.2529850746268657
Male,0.19148936170212766,0.4716981132075473,0.26940298507462684,0.3412698412698413,yes,yes,3.0,3.205009,Sometimes,no,2.643468,no,0.998039,1.898139,Sometimes,Public_Transportation,Overweight_Level_I,0.26940298507462684
Male,0.19148936170212766,0.49056603773584895,0.2746268656716418,0.3386243386243386,yes,yes,2.507841,3.648194,Sometimes,no,1.279756,no,0.132629,1.82753,Sometimes,Public_Transportation,Overweight_Level_I,0.2746268656716418
Female,0.06382978723404253,0.07547169811320753,0.10895522388059703,0.2962962962962963,no,yes,1.836554,1.865238,Sometimes,no,2.0,yes,0.320209,1.969507,Sometimes,Public_Transportation,Overweight_Level_I,0.10895522388059703
Female,0.08510638297872342,0.1320754716981134,0.12537313432835817,0.2962962962962963,no,yes,1.773265,2.118153,Sometimes,no,1.075239,yes,0.085388,1.915191,Sometimes,Public_Transportation,Overweight_Level_I,0.1253731343283582
Female,0.04255319148936171,0.3207547169811322,0.194776119402985,0.31481481481481477,yes,yes,2.388168,1.0,Sometimes,no,1.438018,yes,0.110887,1.165817,no,Public_Transportation,Overweight_Level_I,0.19477611940298503
Female,0.19148936170212766,0.2641509433962268,0.194776119402985,0.3386243386243386,no,yes,2.286146,2.961113,Sometimes,no,2.657303,no,1.91108,1.618227,Sometimes,Public_Transportation,Overweight_Level_I,0.19477611940298503
Female,0.44680851063829785,0.4339622641509435,0.25746268656716415,0.3492063492063492,yes,yes,3.0,2.400943,Sometimes,no,1.509734,no,0.167125,0.0,Sometimes,Automobile,Overweight_Level_I,0.2574626865671642
Male,0.19148936170212766,0.7924528301886795,0.37910447761194027,0.33333333333333337,yes,yes,2.0,2.870005,Sometimes,no,1.15031,no,0.417724,1.0,Sometimes,Automobile,Overweight_Level_I,0.37910447761194027
Female,0.5319148936170213,0.2452830188679247,0.1761194029850746,0.3201058201058201,yes,yes,2.487167,3.0,Sometimes,no,2.396977,no,0.577063,0.435072,Sometimes,Automobile,Overweight_Level_I,0.17611940298507464
Male,0.12765957446808512,0.3207547169811322,0.2283582089552238,0.3571428571428572,no,yes,2.185938,1.0,no,no,2.81353,no,1.0,1.110222,Sometimes,Public_Transportation,Overweight_Level_I,0.22835820895522385
Female,0.04255319148936171,0.30188679245283057,0.20671641791044776,0.33333333333333337,yes,yes,2.206399,1.0,Sometimes,no,2.0,yes,0.94893,1.772463,no,Public_Transportation,Overweight_Level_I,0.2067164179104478
Female,0.08510638297872342,0.3207547169811322,0.2104477611940298,0.33333333333333337,yes,yes,1.952987,1.0,Sometimes,no,1.334856,yes,0.732276,1.890214,no,Public_Transportation,Overweight_Level_I,0.21044776119402986
Male,0.10638297872340424,0.35849056603773555,0.2313432835820895,0.3465608465608466,yes,yes,2.0,1.030416,Sometimes,no,2.118716,no,0.529259,0.0,no,Public_Transportation,Overweight_Level_I,0.23134328358208955
Female,0.12765957446808512,0.22641509433962304,0.16865671641791047,0.3201058201058201,no,yes,2.908757,2.696051,Sometimes,no,1.622827,yes,0.539952,0.001096,Sometimes,Public_Transportation,Overweight_Level_I,0.16865671641791047
Female,0.12765957446808512,0.16981132075471717,0.185820895522388,0.3650793650793651,no,yes,2.628791,2.762883,Sometimes,no,1.512035,yes,0.303722,0.003229,Sometimes,Public_Transportation,Overweight_Level_I,0.18582089552238804
Female,0.06382978723404253,0.28301886792452846,0.19402985074626866,0.328042328042328,yes,yes,3.0,2.401341,Sometimes,no,2.0,yes,0.663896,1.753745,Sometimes,Public_Transportation,Overweight_Level_I,0.19402985074626866
Female,0.06382978723404253,0.28301886792452846,0.19402985074626866,0.328042328042328,yes,yes,2.749629,2.298612,Sometimes,no,2.0,yes,0.547515,1.619473,Sometimes,Public_Transportation,Overweight_Level_I,0.19402985074626866
Male,0.3191489361702128,0.6037735849056602,0.3589552238805969,0.38888888888888884,no,yes,1.595746,3.618722,Sometimes,no,1.274389,no,1.504003,0.370067,no,Automobile,Overweight_Level_I,0.358955223880597
Female,0.3829787234042553,0.37735849056603765,0.26194029850746264,0.38095238095238093,yes,yes,2.885178,2.562895,Sometimes,no,1.017006,no,0.588673,0.916291,Sometimes,Automobile,Overweight_Level_I,0.26194029850746264
Female,0.3829787234042553,0.37735849056603765,0.2597014925373134,0.373015873015873,yes,yes,2.372494,2.849848,Sometimes,no,1.028538,no,0.675983,0.303025,Sometimes,Automobile,Overweight_Level_I,0.2597014925373134
Male,0.08510638297872342,0.5660377358490565,0.3059701492537313,0.3465608465608466,yes,yes,2.0,2.805436,Sometimes,no,2.122884,no,0.045651,0.017225,Frequently,Public_Transportation,Overweight_Level_I,0.30597014925373134
Male,0.12765957446808512,0.7358490566037736,0.376865671641791,0.3571428571428572,yes,yes,2.153639,3.715148,Sometimes,no,2.703337,no,2.0,0.226097,Sometimes,Public_Transportation,Overweight_Level_I,0.376865671641791
Male,0.12765957446808512,0.6981132075471699,0.36343283582089553,0.35185185185185186,yes,yes,2.793561,3.788602,Sometimes,no,2.429059,no,2.094542,0.393358,Sometimes,Public_Transportation,Overweight_Level_I,0.36343283582089553
Female,0.10638297872340424,0.5849056603773586,0.30074626865671633,0.33333333333333337,yes,yes,2.0,1.893811,Sometimes,no,3.0,no,1.376229,1.801322,no,Public_Transportation,Overweight_Level_I,0.3007462686567164
Female,0.08510638297872342,0.3207547169811322,0.21865671641791046,0.3412698412698413,yes,yes,2.0,1.010319,Sometimes,no,1.319437,no,0.0,1.626456,no,Public_Transportation,Overweight_Level_I,0.21865671641791043
Female,0.08510638297872342,0.5283018867924527,0.2746268656716418,0.32539682539682546,yes,yes,2.992329,3.0,Sometimes,no,2.004908,no,1.0,1.405086,Frequently,Public_Transportation,Overweight_Level_I,0.2746268656716418
Female,0.08510638297872342,0.5283018867924527,0.2761194029850746,0.3306878306878307,yes,yes,2.927409,3.0,Sometimes,no,2.209991,no,1.0,0.797215,Frequently,Public_Transportation,Overweight_Level_I,0.27611940298507465
Female,0.12765957446808512,0.16981132075471717,0.1917910447761194,0.37830687830687837,no,yes,2.706134,2.669766,Sometimes,no,1.979848,yes,0.445238,0.908836,Sometimes,Public_Transportation,Overweight_Level_I,0.1917910447761194
Male,0.14893617021276595,0.6037735849056602,0.3753731343283581,0.40740740740740744,yes,yes,2.010684,1.322087,Sometimes,no,2.0,no,0.540397,0.973834,Sometimes,Public_Transportation,Overweight_Level_II,0.37537313432835817
Male,0.17021276595744683,0.5660377358490565,0.3738805970149253,0.4206349206349206,yes,yes,2.0,2.041558,Sometimes,no,2.38725,no,0.813917,0.0,Sometimes,Public_Transportation,Overweight_Level_II,0.3738805970149253
Male,0.14893617021276595,0.4150943396226414,0.3059701492537313,0.4100529100529101,yes,yes,2.0,3.0,Sometimes,no,2.0,no,1.66639,1.443212,no,Public_Transportation,Overweight_Level_II,0.30597014925373134
Male,0.14893617021276595,0.509433962264151,0.3104477611940298,0.3756613756613757,yes,yes,2.0,2.468421,Sometimes,no,2.0,no,2.0,1.0,no,Public_Transportation,Overweight_Level_II,0.3104477611940298
Male,0.4042553191489362,0.8679245283018866,0.4664179104477612,0.38888888888888884,yes,yes,2.0,2.110937,Sometimes,no,2.175632,no,1.0,0.0,Sometimes,Walking,Overweight_Level_II,0.4664179104477612
Male,0.36170212765957444,0.5471698113207548,0.32462686567164173,0.37830687830687837,yes,yes,2.300408,3.071028,Sometimes,no,1.738959,no,0.090147,0.0,Sometimes,Automobile,Overweight_Level_II,0.3246268656716418
Male,0.34042553191489366,0.4716981132075473,0.3223880597014926,0.40476190476190477,yes,yes,2.119643,3.292956,Sometimes,no,1.723372,no,0.0,0.987102,Sometimes,Automobile,Overweight_Level_II,0.32238805970149254
Male,0.14893617021276595,0.509433962264151,0.3059701492537313,0.3756613756613757,yes,yes,2.0,3.0,Sometimes,no,2.0,no,2.936551,1.40913,no,Public_Transportation,Overweight_Level_II,0.30597014925373134
Male,0.19148936170212766,0.37735849056603765,0.3059701492537313,0.43386243386243384,yes,yes,2.0,3.0,Sometimes,no,2.0,no,0.451078,2.0,no,Public_Transportation,Overweight_Level_II,0.30597014925373134
Female,0.3191489361702128,0.2452830188679247,0.1977611940298507,0.35185185185185186,yes,no,2.0,2.283673,Sometimes,no,1.970622,no,1.863258,1.581703,Sometimes,Public_Transportation,Overweight_Level_II,0.19776119402985073
Male,0.5319148936170213,0.6226415094339623,0.3485074626865671,0.37037037037037035,yes,yes,2.901924,1.124977,Sometimes,no,2.76382,no,0.8554,0.999183,Sometimes,Automobile,Overweight_Level_II,0.3485074626865672
Male,0.44680851063829785,0.6981132075471699,0.39253731343283577,0.3862433862433863,yes,yes,2.0,2.9948,Sometimes,no,1.290979,no,0.87599,0.85405,Sometimes,Automobile,Overweight_Level_II,0.39253731343283577
Female,0.12765957446808512,0.15094339622641506,0.1955223880597015,0.39682539682539686,yes,no,2.451009,3.0,Sometimes,no,2.0,no,2.177243,1.323877,no,Public_Transportation,Overweight_Level_II,0.1955223880597015
Female,0.17021276595744683,0.05660377358490587,0.16716417910447756,0.39682539682539686,yes,no,2.0,2.983297,Sometimes,no,1.453626,no,0.32896,0.509396,no,Public_Transportation,Overweight_Level_II,0.1671641791044776
Male,0.10638297872340424,0.6037735849056602,0.36417910447761187,0.39947089947089953,yes,yes,2.754646,3.0,Sometimes,no,2.957821,no,2.242754,0.786609,Sometimes,Public_Transportation,Overweight_Level_II,0.3641791044776119
Female,0.14893617021276595,0.22641509433962304,0.22910447761194025,0.40476190476190477,yes,no,2.417635,3.0,Sometimes,no,1.937674,no,1.417035,1.0,no,Public_Transportation,Overweight_Level_II,0.22910447761194033
Female,0.14893617021276595,0.22641509433962304,0.21567164179104475,0.3862433862433863,yes,no,2.512719,3.0,Sometimes,no,1.131169,no,0.095389,1.0,no,Public_Transportation,Overweight_Level_II,0.2156716417910448
Male,0.17021276595744683,0.6415094339622645,0.38059701492537307,0.39682539682539686,yes,yes,1.771693,1.890213,Sometimes,no,2.0,no,0.0,1.36595,Sometimes,Public_Transportation,Overweight_Level_II,0.3805970149253731
Male,0.19148936170212766,0.6603773584905661,0.3798507462686567,0.3941798941798942,yes,yes,1.57223,1.888067,Sometimes,no,2.0,no,0.0,0.552498,Sometimes,Public_Transportation,Overweight_Level_II,0.3798507462686568
Female,0.19148936170212766,0.4716981132075473,0.3059701492537313,0.38888888888888884,yes,yes,2.0,3.0,Sometimes,no,2.0,no,0.973114,1.540298,no,Public_Transportation,Overweight_Level_II,0.30597014925373134
Female,0.19148936170212766,0.4150943396226414,0.30970149253731344,0.4206349206349206,yes,yes,2.0,2.256119,Sometimes,no,1.142873,no,0.807076,1.611271,no,Public_Transportation,Overweight_Level_II,0.30970149253731344
Male,0.23404255319148937,0.4716981132075473,0.34104477611940304,0.4312169312169313,yes,yes,2.0,3.0,Sometimes,no,2.020424,no,0.0,1.0,Sometimes,Public_Transportation,Overweight_Level_II,0.341044776119403
Male,0.21276595744680848,0.49056603773584895,0.3358208955223881,0.4126984126984128,yes,yes,2.0,2.6648,Sometimes,no,1.810738,no,0.80989,1.0,Sometimes,Public_Transportation,Overweight_Level_II,0.3358208955223881
Female,0.23404255319148937,0.4716981132075473,0.29179104477611933,0.37037037037037035,yes,yes,2.661556,3.0,Sometimes,no,3.0,no,0.55181,0.658783,Sometimes,Public_Transportation,Overweight_Level_II,0.29179104477611933
Male,0.36170212765957444,0.7358490566037736,0.3888059701492537,0.37037037037037035,yes,yes,2.0,3.0,Sometimes,no,1.18423,no,0.155579,0.453404,Sometimes,Public_Transportation,Overweight_Level_II,0.38880597014925367
Male,0.21276595744680848,0.4716981132075473,0.3119402985074627,0.3941798941798942,yes,yes,2.0,3.0,Sometimes,no,2.879402,no,0.0,0.322405,Sometimes,Public_Transportation,Overweight_Level_II,0.3119402985074627
Female,0.3191489361702128,0.4716981132075473,0.291044776119403,0.37037037037037035,yes,yes,3.0,3.0,Sometimes,no,1.699971,no,1.727114,1.0,Frequently,Automobile,Overweight_Level_II,0.291044776119403
Male,0.08510638297872342,0.4716981132075473,0.3298507462686567,0.417989417989418,yes,no,2.097373,2.547086,Sometimes,no,1.538626,no,1.0,0.761898,no,Public_Transportation,Overweight_Level_II,0.32985074626865674
Female,0.10638297872340424,0.3962264150943393,0.28582089552238804,0.39682539682539686,yes,yes,2.061461,2.812283,Sometimes,no,3.0,no,0.362441,0.78519,Sometimes,Public_Transportation,Overweight_Level_II,0.28582089552238804
Male,0.25531914893617025,0.7358490566037736,0.42686567164179107,0.4100529100529101,yes,yes,1.317729,2.278652,Sometimes,no,2.0,no,1.80674,1.93977,Sometimes,Public_Transportation,Overweight_Level_II,0.42686567164179107
Male,0.19148936170212766,0.6981132075471699,0.403731343283582,0.39947089947089953,yes,yes,1.882235,1.240046,Sometimes,no,2.0,no,0.0,1.541493,Sometimes,Public_Transportation,Overweight_Level_II,0.40373134328358207
Male,0.19148936170212766,0.509433962264151,0.3455223880597014,0.4206349206349206,yes,yes,2.951591,3.0,Sometimes,no,2.971557,no,0.0,0.947192,Sometimes,Public_Transportation,Overweight_Level_II,0.3455223880597015
Male,0.19148936170212766,0.6415094339622645,0.38059701492537307,0.39682539682539686,yes,yes,2.067817,3.0,Sometimes,no,1.082084,no,0.0,1.922364,Sometimes,Public_Transportation,Overweight_Level_II,0.3805970149253731
Female,0.23404255319148937,0.4716981132075473,0.31119402985074623,0.3941798941798942,yes,yes,2.54527,3.0,Sometimes,no,2.269564,no,0.503122,1.0,Frequently,Public_Transportation,Overweight_Level_II,0.3111940298507463
Male,0.42553191489361697,0.4339622641509435,0.33283582089552227,0.4391534391534392,yes,yes,2.0,1.660768,Sometimes,no,2.482294,no,0.891205,0.0,no,Automobile,Overweight_Level_II,0.3328358208955223
Female,0.276595744680851,0.3962264150943393,0.2955223880597014,0.4100529100529101,yes,yes,2.0,2.597608,Sometimes,no,2.0,no,0.0,0.434198,Frequently,Public_Transportation,Overweight_Level_II,0.29552238805970144
Male,0.8723404255319149,0.6037735849056602,0.30970149253731344,0.33597883597883593,no,yes,2.0,3.0,Sometimes,no,2.0,no,1.0,0.0,no,Automobile,Overweight_Level_II,0.30970149253731344
Male,0.44680851063829785,0.6037735849056602,0.3432835820895522,0.37830687830687837,yes,yes,2.694281,3.0,Sometimes,no,2.653831,no,1.96582,0.891189,no,Automobile,Overweight_Level_II,0.34328358208955223
Male,0.17021276595744683,0.37735849056603765,0.3059701492537313,0.43386243386243384,yes,yes,2.0,3.0,Sometimes,no,2.0,no,0.826609,2.0,no,Public_Transportation,Overweight_Level_II,0.30597014925373134
Male,0.08510638297872342,0.37735849056603765,0.3059701492537313,0.4285714285714286,yes,yes,2.821977,2.044035,Sometimes,no,1.954968,no,1.0,0.854536,no,Public_Transportation,Overweight_Level_II,0.30597014925373134
Female,0.5957446808510638,0.37735849056603765,0.3,0.4285714285714286,yes,yes,2.0,3.0,Sometimes,no,1.0,no,0.0,1.48189,no,Automobile,Overweight_Level_II,0.30000000000000004
Male,0.17021276595744683,0.4528301886792452,0.30970149253731344,0.4021164021164021,yes,yes,2.0,2.038373,Sometimes,no,2.0,no,2.70825,1.506576,Sometimes,Public_Transportation,Overweight_Level_II,0.30970149253731344
Female,0.3191489361702128,0.15094339622641506,0.19402985074626866,0.38888888888888884,yes,no,2.0,1.0,Sometimes,no,1.0,no,0.262171,0.0,no,Public_Transportation,Overweight_Level_II,0.19402985074626866
Female,0.23404255319148937,0.22641509433962304,0.1925373134328358,0.3571428571428572,yes,no,2.0,1.0,Sometimes,no,1.0,no,0.740633,0.0,no,Public_Transportation,Overweight_Level_II,0.1925373134328358
Female,0.17021276595744683,0.09433962264150964,0.1843283582089552,0.40476190476190477,yes,no,2.0,1.474836,Sometimes,no,2.0,no,0.274838,0.613902,no,Public_Transportation,Overweight_Level_II,0.18432835820895524
Female,0.19148936170212766,0.1132075471698113,0.1925373134328358,0.4100529100529101,yes,no,2.252472,3.986652,Sometimes,no,2.0,no,0.934286,0.890626,no,Public_Transportation,Overweight_Level_II,0.1925373134328358
Male,0.19148936170212766,0.4716981132075473,0.31567164179104473,0.39947089947089953,yes,yes,2.0,2.720642,Sometimes,no,1.5197,no,0.279375,1.043435,Sometimes,Public_Transportation,Overweight_Level_II,0.31567164179104473
Male,0.19148936170212766,0.509433962264151,0.31865671641791044,0.3915343915343916,yes,yes,2.0,1.976744,Sometimes,no,1.628997,no,0.880584,1.127675,Sometimes,Public_Transportation,Overweight_Level_II,0.3186567164179105
Female,0.5106382978723404,0.4716981132075473,0.2985074626865672,0.38095238095238093,yes,yes,3.0,3.0,Sometimes,no,2.981604,no,0.0,0.0,no,Automobile,Overweight_Level_II,0.29850746268656714
Female,0.4893617021276596,0.37735849056603765,0.3059701492537313,0.4312169312169313,yes,yes,2.033745,3.0,Sometimes,no,1.517225,no,0.0,1.517897,no,Automobile,Overweight_Level_II,0.30597014925373134
Female,0.42553191489361697,0.4339622641509435,0.2865671641791045,0.38095238095238093,yes,yes,3.0,2.679724,Sometimes,no,1.999737,no,1.747347,0.681773,no,Automobile,Overweight_Level_II,0.2865671641791045
Female,0.42553191489361697,0.37735849056603765,0.28432835820895513,0.40476190476190477,yes,yes,2.595128,1.619796,Sometimes,no,1.642251,no,0.662831,0.999268,no,Automobile,Overweight_Level_II,0.2843283582089552
Male,0.36170212765957444,0.7547169811320757,0.44776119402985076,0.42328042328042326,yes,yes,2.759286,2.59257,Sometimes,no,2.549617,no,1.427233,0.519395,Sometimes,Automobile,Overweight_Level_II,0.44776119402985076
Male,0.42553191489361697,0.7358490566037736,0.42537313432835816,0.4100529100529101,yes,yes,2.0,1.546665,Sometimes,no,3.0,no,1.0,0.0,Sometimes,Automobile,Overweight_Level_II,0.4253731343283582
Female,0.10638297872340424,0.20754716981132093,0.24402985074626865,0.4365079365079365,yes,no,3.0,3.339914,Sometimes,no,2.0,no,1.0,1.0,Sometimes,Public_Transportation,Overweight_Level_II,0.24402985074626868
Female,0.10638297872340424,0.3207547169811322,0.24701492537313424,0.38095238095238093,yes,no,3.0,3.884861,Sometimes,no,2.0,no,1.0,1.0,Sometimes,Public_Transportation,Overweight_Level_II,0.2470149253731343
Male,0.12765957446808512,0.4716981132075473,0.291044776119403,0.37037037037037035,yes,no,1.925064,2.358298,Sometimes,no,2.774043,no,0.0,0.133566,no,Public_Transportation,Overweight_Level_II,0.291044776119403
Male,0.7872340425531914,0.5660377358490565,0.321641791044776,0.37037037037037035,yes,yes,2.0,3.0,Sometimes,no,1.774778,no,0.943266,0.0,no,Automobile,Overweight_Level_II,0.3216417910447761
Male,0.08510638297872342,0.509433962264151,0.3432835820895522,0.41534391534391535,yes,yes,2.0,3.0,Sometimes,no,2.802498,no,1.0,0.41758,Sometimes,Public_Transportation,Overweight_Level_II,0.34328358208955223
Male,0.08510638297872342,0.5849056603773586,0.34402985074626863,0.3835978835978836,yes,yes,2.846981,3.0,Sometimes,no,2.87781,no,1.0,0.429081,Sometimes,Public_Transportation,Overweight_Level_II,0.34402985074626863
Male,0.10638297872340424,0.4716981132075473,0.3164179104477612,0.39682539682539686,yes,yes,2.650629,1.0,Sometimes,no,1.708083,no,1.876051,0.938791,Sometimes,Public_Transportation,Overweight_Level_II,0.31641791044776124
Female,0.42553191489361697,0.4528301886792452,0.2880597014925373,0.373015873015873,yes,yes,3.0,1.802305,Sometimes,no,2.0,no,0.390877,0.0,no,Automobile,Overweight_Level_II,0.2880597014925373
Male,0.06382978723404253,0.6415094339622645,0.4201492537313432,0.4470899470899471,yes,yes,2.0,3.0,Sometimes,no,3.0,no,1.072318,0.651904,Sometimes,Public_Transportation,Overweight_Level_II,0.42014925373134326
Male,0.4042553191489362,0.49056603773584895,0.3283582089552239,0.4100529100529101,yes,yes,2.0,2.7976,Sometimes,no,2.991671,no,2.148738,0.0,no,Automobile,Overweight_Level_II,0.3283582089552239
Male,0.4042553191489362,0.5283018867924527,0.3417910447761194,0.4021164021164021,yes,yes,2.631565,2.627173,Sometimes,no,2.253422,no,2.690756,0.845774,no,Automobile,Overweight_Level_II,0.3417910447761194
Female,0.46808510638297873,0.4716981132075473,0.3283582089552239,0.41534391534391535,yes,yes,2.0,1.0,Sometimes,no,2.0,no,1.472172,0.0,no,Automobile,Overweight_Level_II,0.3283582089552239
Female,0.12765957446808512,0.3396226415094339,0.264179104477612,0.4021164021164021,yes,no,2.522399,1.032887,Sometimes,no,2.397653,no,2.358699,0.440087,Sometimes,Public_Transportation,Overweight_Level_II,0.264179104477612
Female,0.10638297872340424,0.18867924528301883,0.24999999999999994,0.46031746031746035,yes,no,3.0,3.014808,Sometimes,no,2.0,no,1.997529,1.0,Sometimes,Public_Transportation,Overweight_Level_II,0.25
Male,0.42553191489361697,0.7358490566037736,0.4007462686567164,0.37830687830687837,yes,yes,2.0,2.271734,Sometimes,no,2.629043,no,1.0,0.075823,Sometimes,Automobile,Overweight_Level_II,0.4007462686567164
Male,0.19148936170212766,0.49056603773584895,0.3208955223880597,0.4021164021164021,yes,yes,2.784471,2.122545,Sometimes,no,2.984153,no,2.164472,0.203978,Sometimes,Public_Transportation,Overweight_Level_II,0.3208955223880597
Male,0.12765957446808512,0.4716981132075473,0.2970149253731343,0.373015873015873,yes,no,1.650505,3.0,Sometimes,no,2.0,no,1.73234,1.0,Sometimes,Public_Transportation,Overweight_Level_II,0.2970149253731343
Male,0.10638297872340424,0.49056603773584895,0.29179104477611933,0.3650793650793651,yes,no,1.961347,3.0,Sometimes,no,2.0,no,1.655488,1.0,Sometimes,Public_Transportation,Overweight_Level_II,0.29179104477611933
Male,0.34042553191489366,0.7358490566037736,0.40895522388059696,0.3862433862433863,yes,yes,2.133955,2.902766,Sometimes,no,1.753464,no,1.729987,1.0,Sometimes,Public_Transportation,Overweight_Level_II,0.408955223880597
Male,0.276595744680851,0.8113207547169807,0.45223880597014915,0.4021164021164021,yes,yes,2.684528,1.0,Sometimes,no,1.05668,no,1.516147,0.084006,Sometimes,Public_Transportation,Overweight_Level_II,0.4522388059701492
Male,0.14893617021276595,0.5283018867924527,0.32761194029850743,0.3915343915343916,yes,yes,2.265973,2.687502,Sometimes,no,2.0,no,2.21722,0.648522,Sometimes,Public_Transportation,Overweight_Level_II,0.3276119402985075
Male,0.4042553191489362,0.5283018867924527,0.3380597014925372,0.39947089947089953,yes,yes,2.0,3.0,Sometimes,no,2.205911,no,1.293396,0.0,no,Automobile,Overweight_Level_II,0.3380597014925373
Male,0.08510638297872342,0.5660377358490565,0.3582089552238806,0.40740740740740744,yes,no,3.0,3.0,Sometimes,no,2.0,no,1.271667,0.155278,Sometimes,Public_Transportation,Overweight_Level_II,0.3582089552238806
Male,0.36170212765957444,0.6226415094339623,0.3686567164179105,0.3941798941798942,yes,yes,2.0,1.178708,Sometimes,no,1.791286,no,0.893362,0.276364,Sometimes,Public_Transportation,Overweight_Level_II,0.3686567164179105
Male,0.4042553191489362,0.7547169811320757,0.4395522388059702,0.4126984126984128,yes,yes,2.0,3.0,Sometimes,no,1.117464,no,1.0,0.663649,Sometimes,Public_Transportation,Overweight_Level_II,0.4395522388059702
Male,0.23404255319148937,0.6415094339622645,0.3656716417910448,0.3862433862433863,yes,yes,1.306844,2.279546,Sometimes,no,2.0,no,0.0,0.739609,Sometimes,Public_Transportation,Overweight_Level_II,0.3656716417910448
Male,0.21276595744680848,0.509433962264151,0.3529850746268656,0.4285714285714286,yes,yes,2.0,2.677693,Sometimes,no,2.693978,no,0.0,0.688013,Sometimes,Public_Transportation,Overweight_Level_II,0.3529850746268656
Female,0.12765957446808512,0.15094339622641506,0.22313432835820896,0.43386243386243384,yes,no,2.258795,3.53009,Sometimes,no,1.172186,no,0.678943,1.0,no,Public_Transportation,Overweight_Level_II,0.223134328358209
Female,0.42553191489361697,0.3962264150943393,0.308955223880597,0.42328042328042326,yes,yes,2.0,3.0,Sometimes,no,2.641642,no,0.285889,1.50301,no,Automobile,Overweight_Level_II,0.30895522388059704
Female,0.42553191489361697,0.4150943396226414,0.2850746268656717,0.3862433862433863,yes,yes,2.689929,1.835543,Sometimes,no,1.718569,no,0.674348,0.707246,no,Automobile,Overweight_Level_II,0.28507462686567164
Male,0.19148936170212766,0.5283018867924527,0.32462686567164173,0.38888888888888884,yes,yes,2.712747,2.853676,Sometimes,no,1.526313,no,1.0,0.173665,Sometimes,Public_Transportation,Overweight_Level_II,0.3246268656716418
Female,0.6170212765957447,0.5283018867924527,0.35746268656716423,0.4206349206349206,yes,yes,2.353603,2.337035,Sometimes,no,1.830614,no,0.706287,0.0,no,Automobile,Overweight_Level_II,0.35746268656716423
Female,0.6595744680851063,0.4339622641509435,0.30373134328358214,0.40740740740740744,yes,yes,2.598051,3.0,Sometimes,no,1.0,no,0.0,0.0,no,Automobile,Overweight_Level_II,0.3037313432835821
Male,0.17021276595744683,0.6415094339622645,0.37910447761194027,0.39947089947089953,yes,yes,1.718156,1.631184,Sometimes,no,2.0,no,0.0,0.306124,Sometimes,Public_Transportation,Overweight_Level_II,0.37910447761194027
Male,0.14893617021276595,0.509433962264151,0.3059701492537313,0.373015873015873,yes,yes,2.0,3.0,Sometimes,no,2.0,no,2.721646,1.269982,no,Public_Transportation,Overweight_Level_II,0.30597014925373134
Male,0.36170212765957444,0.8867924528301887,0.4664179104477612,0.3862433862433863,yes,yes,2.0,1.005391,Sometimes,no,2.001936,no,1.0,0.0,Sometimes,Public_Transportation,Overweight_Level_II,0.4664179104477612
Male,0.36170212765957444,0.49056603773584895,0.3253731343283582,0.40476190476190477,yes,yes,2.795086,3.250467,Sometimes,no,1.367876,no,0.022958,0.0,no,Automobile,Overweight_Level_II,0.3253731343283582
Male,0.17021276595744683,0.3962264150943393,0.3059701492537313,0.42592592592592593,yes,yes,2.0,3.0,Sometimes,no,2.0,no,2.939733,1.692287,no,Public_Transportation,Overweight_Level_II,0.30597014925373134
Female,0.36170212765957444,0.16981132075471717,0.20074626865671646,0.3941798941798942,yes,no,2.030256,2.948721,Sometimes,no,1.984323,no,0.986414,0.333673,no,Public_Transportation,Overweight_Level_II,0.20074626865671646
Male,0.44680851063829785,0.6792452830188682,0.3813432835820895,0.38888888888888884,yes,yes,2.0,1.80993,Sometimes,no,2.174835,no,0.340915,0.020153,Sometimes,Automobile,Overweight_Level_II,0.3813432835820895
Female,0.14893617021276595,0.1320754716981134,0.20970149253731335,0.42328042328042326,yes,no,2.493448,3.0,Sometimes,no,1.849997,no,0.954459,1.444532,no,Public_Transportation,Overweight_Level_II,0.20970149253731338
Male,0.10638297872340424,0.5471698113207548,0.3604477611940298,0.41534391534391535,yes,yes,2.442536,3.0,Sometimes,no,2.825629,no,3.0,0.0,Sometimes,Public_Transportation,Overweight_Level_II,0.3604477611940298
Female,0.12765957446808512,0.15094339622641506,0.194776119402985,0.3941798941798942,yes,no,2.003951,3.0,Sometimes,no,1.207978,no,1.916751,1.228995,no,Public_Transportation,Overweight_Level_II,0.19477611940298503
Male,0.19148936170212766,0.6603773584905661,0.38059701492537307,0.3915343915343916,yes,yes,1.34138,1.94671,Sometimes,no,2.0,no,0.0,0.975504,Sometimes,Public_Transportation,Overweight_Level_II,0.3805970149253731
Female,0.19148936170212766,0.4339622641509435,0.3059701492537313,0.40476190476190477,yes,yes,2.0,2.9796,Sometimes,no,1.964435,no,0.189957,1.73216,no,Public_Transportation,Overweight_Level_II,0.30597014925373134
Male,0.21276595744680848,0.49056603773584895,0.3485074626865671,0.43386243386243384,yes,yes,2.0,2.994198,Sometimes,no,2.747302,no,0.0,0.799756,Sometimes,Public_Transportation,Overweight_Level_II,0.3485074626865672
Female,0.21276595744680848,0.3962264150943393,0.3059701492537313,0.4206349206349206,yes,yes,2.0,3.0,Sometimes,no,2.13755,no,0.0,0.124977,no,Public_Transportation,Overweight_Level_II,0.30597014925373134
Male,0.3191489361702128,0.5660377358490565,0.3664179104477611,0.41534391534391535,yes,yes,2.0,1.894384,Sometimes,no,2.0,no,0.0,0.0,Sometimes,Public_Transportation,Overweight_Level_II,0.3664179104477612
Male,0.23404255319148937,0.5471698113207548,0.33059701492537313,0.38888888888888884,yes,yes,2.607335,3.0,Sometimes,no,2.0,no,0.451009,0.630866,Sometimes,Public_Transportation,Overweight_Level_II,0.33059701492537313
Female,0.3191489361702128,0.4716981132075473,0.291044776119403,0.37037037037037035,yes,yes,3.0,3.0,Sometimes,no,1.507638,no,1.82434,1.0,Frequently,Automobile,Overweight_Level_II,0.291044776119403
Male,0.06382978723404253,0.4716981132075473,0.3313432835820896,0.4206349206349206,yes,no,2.061384,2.579291,Sometimes,no,1.909253,no,1.0,0.962468,Sometimes,Public_Transportation,Overweight_Level_II,0.3313432835820896
Female,0.10638297872340424,0.3396226415094339,0.29029850746268654,0.4285714285714286,yes,no,2.696381,3.0,Sometimes,no,2.472964,no,1.856119,1.0,Sometimes,Public_Transportation,Overweight_Level_II,0.2902985074626866
Male,0.21276595744680848,0.7735849056603774,0.4246268656716418,0.3915343915343916,yes,yes,1.116068,2.449067,Sometimes,no,2.0,no,0.92635,1.97117,Sometimes,Public_Transportation,Overweight_Level_II,0.4246268656716418
Male,0.19148936170212766,0.6037735849056602,0.38059701492537307,0.4126984126984128,yes,yes,2.116432,3.0,Sometimes,no,1.002292,no,0.0,1.066708,Sometimes,Public_Transportation,Overweight_Level_II,0.3805970149253731
Female,0.3191489361702128,0.4716981132075473,0.291044776119403,0.37037037037037035,yes,yes,3.0,3.0,Sometimes,no,2.147074,no,1.416076,1.0,Frequently,Automobile,Overweight_Level_II,0.291044776119403
Male,0.42553191489361697,0.509433962264151,0.3388059701492538,0.4126984126984128,yes,yes,2.031246,3.0,Sometimes,no,2.803002,no,1.98448,0.418623,no,Automobile,Overweight_Level_II,0.3388059701492538
Female,0.2978723404255319,0.3962264150943393,0.291044776119403,0.40740740740740744,yes,yes,2.938031,1.532833,Sometimes,no,1.931242,no,0.525002,0.371941,Frequently,Automobile,Overweight_Level_II,0.291044776119403
Male,0.8723404255319149,0.3962264150943393,0.3134328358208955,0.4365079365079365,yes,yes,2.0,3.0,Sometimes,no,2.0,no,1.0,0.0,no,Automobile,Overweight_Level_II,0.31343283582089554
Male,0.44680851063829785,0.49056603773584895,0.34104477611940304,0.4206349206349206,yes,yes,2.884212,3.0,Sometimes,no,3.0,no,2.0,0.8324,no,Automobile,Overweight_Level_II,0.341044776119403
Male,0.14893617021276595,0.4339622641509435,0.308955223880597,0.4126984126984128,yes,yes,2.0,2.961706,Sometimes,no,2.0,no,1.661556,1.114716,no,Public_Transportation,Overweight_Level_II,0.30895522388059704
Female,0.5106382978723404,0.4339622641509435,0.2850746268656717,0.38095238095238093,yes,yes,2.444599,3.0,Sometimes,no,1.029798,no,0.0,0.0,no,Automobile,Overweight_Level_II,0.28507462686567164
Male,0.17021276595744683,0.509433962264151,0.32014925373134334,0.3915343915343916,yes,yes,2.0,1.152521,Sometimes,no,1.723159,no,1.39016,1.094941,Sometimes,Public_Transportation,Overweight_Level_II,0.32014925373134334
Female,0.14893617021276595,0.07547169811320753,0.15746268656716417,0.3756613756613757,yes,no,2.0,1.104642,Sometimes,no,1.0,no,0.0,0.969097,no,Public_Transportation,Overweight_Level_II,0.1574626865671642
Female,0.23404255319148937,0.09433962264150964,0.1888059701492537,0.4100529100529101,yes,no,2.0,1.0,Sometimes,no,1.639807,no,0.072117,0.0,no,Public_Transportation,Overweight_Level_II,0.1888059701492537
Male,0.19148936170212766,0.509433962264151,0.31865671641791044,0.3862433862433863,yes,yes,2.0,1.729553,Sometimes,no,1.400247,no,0.887923,1.011983,Sometimes,Public_Transportation,Overweight_Level_II,0.3186567164179105
Female,0.5319148936170213,0.4528301886792452,0.30074626865671633,0.3915343915343916,yes,yes,3.0,3.0,Sometimes,no,2.994515,no,0.0,0.0,no,Automobile,Overweight_Level_II,0.3007462686567164
Female,0.42553191489361697,0.4150943396226414,0.28432835820895513,0.3915343915343916,yes,yes,2.976975,1.346987,Sometimes,no,1.868349,no,0.702538,0.879333,no,Automobile,Overweight_Level_II,0.2843283582089552
Male,0.4042553191489362,0.7358490566037736,0.43283582089552236,0.41534391534391535,yes,yes,2.0,1.977221,Sometimes,no,3.0,no,1.0,0.0,Sometimes,Automobile,Overweight_Level_II,0.43283582089552236
Female,0.12765957446808512,0.37735849056603765,0.26940298507462684,0.3835978835978836,yes,no,2.766036,2.443812,Sometimes,no,2.707927,no,0.702839,0.827439,Sometimes,Public_Transportation,Overweight_Level_II,0.26940298507462684
Male,0.10638297872340424,0.4716981132075473,0.291044776119403,0.37037037037037035,yes,no,1.096455,2.491315,Sometimes,no,2.450069,no,0.0,0.726118,Sometimes,Public_Transportation,Overweight_Level_II,0.291044776119403
Male,0.6808510638297872,0.509433962264151,0.3701492537313433,0.44973544973544977,yes,yes,2.129969,3.0,Sometimes,no,1.568035,no,0.870127,0.0,no,Automobile,Overweight_Level_II,0.3701492537313432
Male,0.08510638297872342,0.5283018867924527,0.3365671641791044,0.39682539682539686,yes,no,2.019674,2.843319,Sometimes,no,2.832004,no,1.0,0.608607,Sometimes,Public_Transportation,Overweight_Level_II,0.3365671641791044
Male,0.10638297872340424,0.4716981132075473,0.30373134328358214,0.3862433862433863,yes,no,2.735297,2.157164,Sometimes,no,1.087166,no,0.110174,0.003695,no,Public_Transportation,Overweight_Level_II,0.3037313432835821
Female,0.5106382978723404,0.4716981132075473,0.2955223880597014,0.37830687830687837,yes,yes,3.0,3.0,Sometimes,no,2.503198,no,0.0,0.0,no,Automobile,Overweight_Level_II,0.29552238805970144
Male,0.19148936170212766,0.6981132075471699,0.432089552238806,0.42592592592592593,yes,yes,1.588782,2.601675,Sometimes,no,2.469469,no,1.736538,1.886855,Sometimes,Public_Transportation,Overweight_Level_II,0.432089552238806
Male,0.4042553191489362,0.49056603773584895,0.3283582089552239,0.40740740740740744,yes,yes,2.0,1.171027,Sometimes,no,2.405172,no,2.300282,0.0,no,Automobile,Overweight_Level_II,0.3283582089552239
Female,0.4893617021276596,0.4150943396226414,0.3134328358208955,0.42592592592592593,yes,yes,2.01054,2.77684,Sometimes,no,1.651548,no,0.0,0.790967,no,Automobile,Overweight_Level_II,0.31343283582089554
Female,0.10638297872340424,0.2641509433962268,0.26044776119402985,0.4312169312169313,yes,no,3.0,3.362758,Sometimes,no,2.0,no,2.892922,1.0,Sometimes,Public_Transportation,Overweight_Level_II,0.2604477611940299
Male,0.4893617021276596,0.7358490566037736,0.39850746268656717,0.38095238095238093,yes,yes,2.0,1.672706,Sometimes,no,2.766674,no,1.0,0.027093,Sometimes,Automobile,Overweight_Level_II,0.3985074626865672
Male,0.23404255319148937,0.49056603773584895,0.33208955223880593,0.4126984126984128,yes,yes,2.689577,2.714115,Sometimes,no,2.279214,no,0.970661,0.828549,Sometimes,Public_Transportation,Overweight_Level_II,0.332089552238806
Male,0.08510638297872342,0.4339622641509435,0.3044776119402985,0.4021164021164021,yes,yes,2.413156,2.521546,Sometimes,no,1.985312,no,0.00705,0.965464,Sometimes,Public_Transportation,Overweight_Level_II,0.3044776119402985
Male,0.276595744680851,0.7358490566037736,0.43731343283582086,0.42328042328042326,yes,yes,2.923433,1.338033,Sometimes,no,1.944095,no,1.931829,1.0,Sometimes,Public_Transportation,Overweight_Level_II,0.43731343283582086
Male,0.08510638297872342,0.5471698113207548,0.3552238805970149,0.4100529100529101,yes,yes,3.0,3.0,Sometimes,no,2.0,no,2.040816,0.860321,Sometimes,Public_Transportation,Overweight_Level_II,0.3552238805970149
Male,0.4042553191489362,0.5471698113207548,0.3417910447761194,0.39682539682539686,yes,yes,2.0,3.0,Sometimes,no,2.035954,no,1.210736,0.0,no,Automobile,Overweight_Level_II,0.3417910447761194
Male,0.08510638297872342,0.5849056603773586,0.35149253731343283,0.3915343915343916,yes,yes,2.882522,3.0,Sometimes,no,2.452986,no,1.0,0.746651,Sometimes,Public_Transportation,Overweight_Level_II,0.3514925373134328
Male,0.34042553191489366,0.6792452830188682,0.4022388059701493,0.40476190476190477,yes,yes,2.0,3.0,Sometimes,no,1.622638,no,0.033745,0.105895,Sometimes,Public_Transportation,Overweight_Level_II,0.40223880597014927
Male,0.23404255319148937,0.5849056603773586,0.3694029850746268,0.4100529100529101,yes,yes,1.973499,1.081805,Sometimes,no,2.0,no,0.0,0.464022,Sometimes,Public_Transportation,Overweight_Level_II,0.3694029850746269
Female,0.08510638297872342,0.16981132075471717,0.244776119402985,0.45238095238095244,yes,no,3.0,3.087119,Sometimes,no,2.0,no,1.403872,1.0,no,Public_Transportation,Overweight_Level_II,0.24477611940298505
Female,0.44680851063829785,0.37735849056603765,0.3014925373134329,0.42592592592592593,yes,yes,2.156065,2.909117,Sometimes,no,1.221281,no,0.503279,1.796136,no,Automobile,Overweight_Level_II,0.3014925373134329
Male,0.21276595744680848,0.5283018867924527,0.3402985074626865,0.4021164021164021,yes,yes,2.992205,3.0,Sometimes,no,2.413813,no,0.458237,0.688293,Sometimes,Public_Transportation,Overweight_Level_II,0.34029850746268653
Female,0.5319148936170213,0.49056603773584895,0.3485074626865671,0.43386243386243384,yes,yes,2.944287,1.466393,Sometimes,no,2.442775,no,0.675262,0.779334,no,Automobile,Overweight_Level_II,0.3485074626865672
Male,0.14893617021276595,0.6226415094339623,0.37835820895522393,0.40476190476190477,yes,yes,1.780746,1.471053,Sometimes,no,2.0,no,0.467562,0.568668,Sometimes,Public_Transportation,Overweight_Level_II,0.37835820895522393
Male,0.19148936170212766,0.5849056603773586,0.37835820895522393,0.42328042328042326,yes,yes,2.164062,2.983201,Sometimes,no,2.168904,no,0.752926,0.0,Sometimes,Public_Transportation,Overweight_Level_II,0.37835820895522393
Male,0.14893617021276595,0.4716981132075473,0.3059701492537313,0.3835978835978836,yes,yes,2.0,3.0,Sometimes,no,2.0,no,2.847761,1.413375,no,Public_Transportation,Overweight_Level_II,0.30597014925373134
Male,0.14893617021276595,0.509433962264151,0.3059701492537313,0.3756613756613757,yes,yes,2.0,2.783336,Sometimes,no,2.0,no,2.536615,1.206535,no,Public_Transportation,Overweight_Level_II,0.30597014925373134
Male,0.4042553191489362,0.8490566037735849,0.45373134328358206,0.3835978835978836,yes,yes,2.0,1.863012,Sometimes,no,2.196471,no,1.0,0.0,Sometimes,Automobile,Overweight_Level_II,0.45373134328358206
Male,0.4042553191489362,0.5471698113207548,0.3313432835820896,0.3835978835978836,yes,yes,2.247704,3.053598,Sometimes,no,1.919629,no,0.408023,0.0,no,Automobile,Overweight_Level_II,0.3313432835820896
Male,0.34042553191489366,0.5660377358490565,0.33059701492537313,0.37830687830687837,yes,yes,2.011656,3.165837,Sometimes,no,1.844645,no,0.889963,0.395979,no,Automobile,Overweight_Level_II,0.33059701492537313
Male,0.14893617021276595,0.509433962264151,0.3059701492537313,0.373015873015873,yes,yes,2.0,3.0,Sometimes,no,2.0,no,2.270555,1.343044,no,Public_Transportation,Overweight_Level_II,0.30597014925373134
Female,0.19148936170212766,0.37735849056603765,0.3059701492537313,0.43386243386243384,yes,yes,2.0,3.0,Sometimes,no,2.0,no,0.146919,2.0,no,Public_Transportation,Overweight_Level_II,0.30597014925373134
Female,0.21276595744680848,0.2452830188679247,0.19626865671641786,0.3492063492063492,yes,no,2.03414,2.741413,Sometimes,no,1.996384,no,1.276552,1.019452,no,Public_Transportation,Overweight_Level_II,0.19626865671641788
Male,0.4893617021276596,0.5660377358490565,0.33059701492537313,0.37830687830687837,yes,yes,2.746408,1.058123,Sometimes,no,2.265727,no,0.885633,0.673408,no,Automobile,Overweight_Level_II,0.33059701492537313
Male,0.42553191489361697,0.7358490566037736,0.39402985074626856,0.373015873015873,yes,yes,2.0,2.997414,Sometimes,no,1.259454,no,0.935217,0.9976,Sometimes,Automobile,Overweight_Level_II,0.3940298507462686
Female,0.14893617021276595,0.1320754716981134,0.1917910447761194,0.39947089947089953,yes,no,2.1239,1.672958,Sometimes,no,2.0,no,1.582428,1.313363,no,Public_Transportation,Overweight_Level_II,0.1917910447761194
Female,0.17021276595744683,0.05660377358490587,0.17835820895522386,0.4126984126984128,yes,no,2.0,1.680838,Sometimes,no,1.833635,no,0.281876,0.575848,no,Public_Transportation,Overweight_Level_II,0.17835820895522386
Male,0.12765957446808512,0.5849056603773586,0.36492537313432843,0.40740740740740744,yes,yes,2.332074,3.0,Sometimes,no,2.999495,no,2.405963,0.441502,Sometimes,Public_Transportation,Overweight_Level_II,0.3649253731343284
Female,0.10638297872340424,0.20754716981132093,0.2343283582089552,0.4206349206349206,yes,no,2.748243,3.070386,Sometimes,no,1.962322,no,1.145752,1.0,no,Public_Transportation,Overweight_Level_II,0.23432835820895526
Female,0.14893617021276595,0.18867924528301883,0.21268656716417905,0.4021164021164021,yes,no,2.303656,3.0,Sometimes,no,1.163111,no,1.926381,1.119877,no,Public_Transportation,Overweight_Level_II,0.2126865671641791
Male,0.17021276595744683,0.6415094339622645,0.38059701492537307,0.39682539682539686,yes,yes,1.904732,2.608416,Sometimes,no,1.204175,no,0.0,1.895312,Sometimes,Public_Transportation,Overweight_Level_II,0.3805970149253731
Male,0.17021276595744683,0.6226415094339623,0.37910447761194027,0.4021164021164021,yes,yes,1.979944,1.599464,Sometimes,no,2.0,no,0.17048,0.819475,Sometimes,Public_Transportation,Overweight_Level_II,0.37910447761194027
Female,0.19148936170212766,0.4716981132075473,0.30970149253731344,0.3915343915343916,yes,yes,2.0,2.815255,Sometimes,no,1.622214,no,0.463891,1.462664,no,Public_Transportation,Overweight_Level_II,0.30970149253731344
Male,0.19148936170212766,0.4150943396226414,0.31268656716417914,0.4206349206349206,yes,yes,2.0,2.395785,Sometimes,no,1.40077,no,0.788659,1.544357,no,Public_Transportation,Overweight_Level_II,0.31268656716417914
Male,0.21276595744680848,0.4716981132075473,0.3417910447761194,0.43386243386243384,yes,yes,2.0,3.0,Sometimes,no,2.056053,no,0.0,1.0,Sometimes,Public_Transportation,Overweight_Level_II,0.3417910447761194
Male,0.21276595744680848,0.509433962264151,0.3358208955223881,0.40476190476190477,yes,yes,2.407817,2.844138,Sometimes,no,1.983649,no,0.868721,0.089354,Sometimes,Public_Transportation,Overweight_Level_II,0.3358208955223881
Female,0.276595744680851,0.4716981132075473,0.291044776119403,0.37037037037037035,yes,yes,2.734314,3.0,Sometimes,no,3.0,no,0.897702,0.908271,Frequently,Public_Transportation,Overweight_Level_II,0.291044776119403
Male,0.36170212765957444,0.6603773584905661,0.3888059701492537,0.39682539682539686,yes,yes,2.0,3.0,Sometimes,no,1.199517,no,0.047738,0.163329,Sometimes,Public_Transportation,Overweight_Level_II,0.38880597014925367
Female,0.21276595744680848,0.4716981132075473,0.308955223880597,0.3915343915343916,yes,yes,2.0,3.0,Sometimes,no,2.386904,no,0.926201,1.34403,Sometimes,Public_Transportation,Overweight_Level_II,0.30895522388059704
Female,0.25531914893617025,0.4716981132075473,0.291044776119403,0.37037037037037035,yes,yes,2.784383,3.0,Sometimes,no,2.165605,no,0.855973,0.839659,Frequently,Automobile,Overweight_Level_II,0.291044776119403
Male,0.08510638297872342,0.49056603773584895,0.33059701492537313,0.40740740740740744,yes,yes,2.009952,2.716106,Sometimes,no,1.660614,no,1.0,0.60473,Sometimes,Public_Transportation,Overweight_Level_II,0.33059701492537313
Male,0.10638297872340424,0.3962264150943393,0.28731343283582084,0.39682539682539686,yes,no,2.008656,1.402771,Sometimes,no,3.0,no,0.112383,0.32803,Sometimes,Public_Transportation,Overweight_Level_II,0.2873134328358209
Male,0.23404255319148937,0.7358490566037736,0.42537313432835816,0.40740740740740744,yes,yes,1.122127,2.865657,Sometimes,no,2.0,no,1.28775,1.944177,Sometimes,Public_Transportation,Overweight_Level_II,0.4253731343283582
Male,0.19148936170212766,0.6792452830188682,0.39104477611940297,0.3941798941798942,yes,yes,1.963965,1.836226,Sometimes,no,1.85537,no,0.0,1.667745,Sometimes,Public_Transportation,Overweight_Level_II,0.391044776119403
Male,0.21276595744680848,0.49056603773584895,0.34402985074626863,0.42328042328042326,yes,yes,2.319776,2.884848,Sometimes,no,2.154898,no,0.325534,0.954216,Sometimes,Public_Transportation,Overweight_Level_II,0.34402985074626863
Male,0.19148936170212766,0.6415094339622645,0.3798507462686567,0.39682539682539686,yes,yes,1.899116,2.375026,Sometimes,no,1.39854,no,0.0,1.365793,Sometimes,Public_Transportation,Overweight_Level_II,0.3798507462686568
Female,0.21276595744680848,0.4716981132075473,0.3141791044776118,0.39682539682539686,yes,yes,2.042762,2.9774,Sometimes,no,1.522426,no,0.501417,1.029135,Sometimes,Public_Transportation,Overweight_Level_II,0.3141791044776119
Male,0.42553191489361697,0.4528301886792452,0.33955223880597013,0.43386243386243384,yes,yes,2.129668,2.693646,Sometimes,no,2.60669,no,1.170823,0.290898,no,Automobile,Overweight_Level_II,0.33955223880597013
Female,0.23404255319148937,0.4528301886792452,0.2940298507462687,0.3835978835978836,yes,yes,2.182401,2.832018,Sometimes,no,2.456939,no,0.038809,0.524015,Frequently,Public_Transportation,Overweight_Level_II,0.2940298507462687
Male,0.8723404255319149,0.4150943396226414,0.308955223880597,0.41534391534391535,yes,yes,2.0,3.0,Sometimes,no,2.0,no,1.0,0.0,no,Automobile,Overweight_Level_II,0.30895522388059704
Male,0.44680851063829785,0.6037735849056602,0.3432835820895522,0.373015873015873,yes,yes,2.802696,3.0,Sometimes,no,2.978465,no,1.974656,0.936925,no,Automobile,Overweight_Level_II,0.34328358208955223
Male,0.17021276595744683,0.37735849056603765,0.3059701492537313,0.43386243386243384,yes,yes,2.0,3.0,Sometimes,no,2.0,no,0.527341,2.0,no,Public_Transportation,Overweight_Level_II,0.30597014925373134
Male,0.08510638297872342,0.3962264150943393,0.30522388059701494,0.4206349206349206,yes,no,2.492758,2.270163,Sometimes,no,1.992586,no,1.452467,0.864583,no,Public_Transportation,Overweight_Level_II,0.30522388059701494
Female,0.5957446808510638,0.4339622641509435,0.3044776119402985,0.40476190476190477,yes,yes,2.733129,3.0,Sometimes,no,1.302594,no,0.0,1.103349,no,Automobile,Overweight_Level_II,0.3044776119402985
Male,0.14893617021276595,0.4528301886792452,0.30820895522388053,0.39682539682539686,yes,yes,2.0,2.646717,Sometimes,no,2.0,no,2.627515,1.358812,no,Public_Transportation,Overweight_Level_II,0.3082089552238806
Female,0.2978723404255319,0.1132075471698113,0.185820895522388,0.4021164021164021,yes,no,2.0,1.0,Sometimes,no,1.278578,no,0.02112,0.0,no,Public_Transportation,Overweight_Level_II,0.18582089552238804
Female,0.23404255319148937,0.1132075471698113,0.1843283582089552,0.39947089947089953,yes,no,2.0,1.193729,Sometimes,no,1.846441,no,0.546402,0.235711,no,Public_Transportation,Overweight_Level_II,0.18432835820895524
Female,0.17021276595744683,0.07547169811320753,0.1738805970149253,0.39682539682539686,yes,no,2.0,1.477581,Sometimes,no,1.995035,no,0.324676,0.51743,no,Public_Transportation,Overweight_Level_II,0.17388059701492536
Female,0.14893617021276595,0.1132075471698113,0.19328358208955226,0.4100529100529101,yes,no,2.294067,3.209508,Sometimes,no,2.0,no,1.103088,1.261043,no,Public_Transportation,Overweight_Level_II,0.1932835820895523
Male,0.19148936170212766,0.4528301886792452,0.3134328358208955,0.4100529100529101,yes,yes,2.0,2.756622,Sometimes,no,1.606076,no,0.432973,1.749586,no,Public_Transportation,Overweight_Level_II,0.31343283582089554
Male,0.19148936170212766,0.509433962264151,0.32313432835820893,0.38888888888888884,yes,yes,2.315932,2.658478,Sometimes,no,1.568476,no,0.949976,0.544899,Sometimes,Public_Transportation,Overweight_Level_II,0.32313432835820893
Female,0.5106382978723404,0.4716981132075473,0.2925373134328358,0.373015873015873,yes,yes,3.0,3.0,Sometimes,no,2.166024,no,0.0,0.0,no,Automobile,Overweight_Level_II,0.29253731343283584
Female,0.5106382978723404,0.4339622641509435,0.29925373134328354,0.39947089947089953,yes,yes,2.802128,3.0,Sometimes,no,1.744628,no,0.0,0.721167,no,Automobile,Overweight_Level_II,0.29925373134328354
Female,0.42553191489361697,0.4339622641509435,0.2865671641791045,0.38095238095238093,yes,yes,2.79606,1.971472,Sometimes,no,1.921601,no,0.935217,0.704637,no,Automobile,Overweight_Level_II,0.2865671641791045
Female,0.42553191489361697,0.37735849056603765,0.30373134328358214,0.42592592592592593,yes,yes,2.086898,1.818026,Sometimes,no,2.088929,no,0.305422,1.040787,no,Automobile,Overweight_Level_II,0.3037313432835821
Male,0.3829787234042553,0.7358490566037736,0.4425373134328358,0.42328042328042326,yes,yes,2.333503,1.820779,Sometimes,no,2.559265,no,1.327193,0.481357,Sometimes,Automobile,Overweight_Level_II,0.4425373134328358
Male,0.4042553191489362,0.7358490566037736,0.43582089552238806,0.4206349206349206,yes,yes,2.0,1.724887,Sometimes,no,3.0,no,1.0,0.0,Sometimes,Automobile,Overweight_Level_II,0.4358208955223881
Female,0.10638297872340424,0.20754716981132093,0.244776119402985,0.4391534391534392,yes,no,3.0,3.129155,Sometimes,no,2.0,no,1.634134,1.0,no,Public_Transportation,Overweight_Level_II,0.24477611940298505
Female,0.12765957446808512,0.2641509433962268,0.25149253731343285,0.417989417989418,yes,no,3.0,3.856434,Sometimes,no,2.0,no,1.32417,1.0,Sometimes,Public_Transportation,Overweight_Level_II,0.25149253731343285
Male,0.12765957446808512,0.4716981132075473,0.291044776119403,0.37037037037037035,yes,no,1.653081,2.753418,Sometimes,no,2.192063,no,1.474937,0.518542,Sometimes,Public_Transportation,Overweight_Level_II,0.291044776119403
Male,0.7234042553191489,0.5471698113207548,0.34104477611940304,0.3941798941798942,yes,yes,2.535315,3.0,Sometimes,no,1.146595,no,0.31381,0.0,no,Automobile,Overweight_Level_II,0.341044776119403
Male,0.08510638297872342,0.5471698113207548,0.3432835820895522,0.39682539682539686,yes,no,2.0,3.0,Sometimes,no,2.976229,no,1.0,0.121992,Sometimes,Public_Transportation,Overweight_Level_II,0.34328358208955223
Male,0.08510638297872342,0.5660377358490565,0.3432835820895522,0.3862433862433863,yes,yes,2.765769,3.0,Sometimes,no,2.845134,no,1.0,0.42683,Sometimes,Public_Transportation,Overweight_Level_II,0.34328358208955223
Male,0.12765957446808512,0.509433962264151,0.3119402985074627,0.37830687830687837,yes,yes,2.215464,2.116195,Sometimes,no,1.80996,no,1.910577,0.971746,no,Public_Transportation,Overweight_Level_II,0.3119402985074627
Female,0.42553191489361697,0.4339622641509435,0.2865671641791045,0.38095238095238093,yes,yes,3.0,2.049908,Sometimes,no,1.999882,no,1.637368,0.10724,no,Automobile,Overweight_Level_II,0.2865671641791045
Male,0.06382978723404253,0.6603773584905661,0.4208955223880598,0.4365079365079365,yes,yes,2.0,3.0,Sometimes,no,3.0,no,1.04729,0.933802,Sometimes,Public_Transportation,Overweight_Level_II,0.4208955223880597
Male,0.4042553191489362,0.49056603773584895,0.3283582089552239,0.40740740740740744,yes,yes,2.0,1.044628,Sometimes,no,2.01051,no,2.805801,0.0,no,Automobile,Overweight_Level_II,0.3283582089552239
Male,0.44680851063829785,0.5660377358490565,0.3417910447761194,0.3862433862433863,yes,yes,2.63165,2.98212,Sometimes,no,2.778587,no,2.667739,0.905181,no,Automobile,Overweight_Level_II,0.3417910447761194
Male,0.46808510638297873,0.4528301886792452,0.33059701492537313,0.4312169312169313,yes,yes,2.0,1.009426,Sometimes,no,2.136398,no,1.060349,0.0,no,Automobile,Overweight_Level_II,0.33059701492537313
Female,0.10638297872340424,0.28301886792452846,0.25746268656716415,0.41534391534391535,yes,no,2.942154,2.667711,Sometimes,no,2.184768,no,1.524405,0.805008,Sometimes,Public_Transportation,Overweight_Level_II,0.2574626865671642
Female,0.10638297872340424,0.18867924528301883,0.2537313432835821,0.46031746031746035,yes,no,3.0,3.000974,Sometimes,no,2.0,no,2.274248,1.0,Sometimes,Public_Transportation,Overweight_Level_II,0.2537313432835821
Male,0.3829787234042553,0.716981132075472,0.3917910447761194,0.38095238095238093,yes,yes,2.0,2.698883,Sometimes,no,2.035104,no,0.598438,0.017016,Sometimes,Automobile,Overweight_Level_II,0.3917910447761194
Male,0.19148936170212766,0.49056603773584895,0.321641791044776,0.39682539682539686,yes,yes,2.716909,2.598079,Sometimes,no,2.90545,no,1.600431,0.176892,Sometimes,Public_Transportation,Overweight_Level_II,0.3216417910447761
Male,0.12765957446808512,0.4339622641509435,0.3029850746268656,0.4021164021164021,yes,no,1.83746,3.0,Sometimes,no,2.0,no,1.194519,1.212762,no,Public_Transportation,Overweight_Level_II,0.30298507462686564
Male,0.12765957446808512,0.49056603773584895,0.291044776119403,0.3650793650793651,yes,no,1.936479,2.837388,Sometimes,no,2.159987,no,1.475772,0.646514,Sometimes,Public_Transportation,Overweight_Level_II,0.291044776119403
Male,0.34042553191489366,0.7358490566037736,0.40746268656716417,0.3862433862433863,yes,yes,2.045027,2.946063,Sometimes,no,1.307563,no,1.442485,0.934493,Sometimes,Public_Transportation,Overweight_Level_II,0.4074626865671641
Male,0.276595744680851,0.716981132075472,0.4485074626865671,0.43386243386243384,yes,yes,2.760607,1.0,Sometimes,no,1.336378,no,1.898889,0.487375,Sometimes,Public_Transportation,Overweight_Level_II,0.4485074626865671
Male,0.14893617021276595,0.509433962264151,0.32313432835820893,0.38888888888888884,yes,yes,2.09449,1.873484,Sometimes,no,2.0,no,2.079709,0.880414,Sometimes,Public_Transportation,Overweight_Level_II,0.32313432835820893
Male,0.4042553191489362,0.4528301886792452,0.3358208955223881,0.4391534391534392,yes,yes,2.0,2.473911,Sometimes,no,2.452789,no,0.932792,0.0,no,Automobile,Overweight_Level_II,0.3358208955223881
Male,0.08510638297872342,0.5660377358490565,0.3537313432835821,0.4021164021164021,yes,yes,2.907062,3.0,Sometimes,no,2.740848,no,1.219827,0.037634,Sometimes,Public_Transportation,Overweight_Level_II,0.35373134328358213
Male,0.3829787234042553,0.5849056603773586,0.36492537313432843,0.40740740740740744,yes,yes,2.0,1.79558,Sometimes,no,1.855054,no,1.083572,0.218574,Sometimes,Public_Transportation,Overweight_Level_II,0.3649253731343284
Male,0.3829787234042553,0.7547169811320757,0.4470149253731343,0.4206349206349206,yes,yes,2.399531,2.623079,Sometimes,no,2.535127,no,1.030752,0.606264,Sometimes,Automobile,Overweight_Level_II,0.44701492537313436
Male,0.21276595744680848,0.6415094339622645,0.3761194029850747,0.3941798941798942,yes,yes,1.521604,2.174968,Sometimes,no,2.0,no,0.0,0.632467,Sometimes,Public_Transportation,Overweight_Level_II,0.3761194029850747
Male,0.21276595744680848,0.509433962264151,0.3455223880597014,0.4206349206349206,yes,yes,2.0,2.676148,Sometimes,no,2.083939,no,0.632164,0.993786,Sometimes,Public_Transportation,Overweight_Level_II,0.3455223880597015
Female,0.10638297872340424,0.18867924528301883,0.23059701492537316,0.42592592592592593,yes,no,2.501683,3.394788,Sometimes,no,1.337378,no,0.932888,1.0,no,Public_Transportation,Overweight_Level_II,0.23059701492537318
Female,0.44680851063829785,0.3962264150943393,0.30671641791044774,0.42328042328042326,yes,yes,2.0,3.0,Sometimes,no,1.992548,no,0.039207,1.528714,no,Automobile,Overweight_Level_II,0.30671641791044774
Female,0.42553191489361697,0.4339622641509435,0.2865671641791045,0.38095238095238093,yes,yes,2.76802,2.137068,Sometimes,no,1.873591,no,0.966973,0.691944,no,Automobile,Overweight_Level_II,0.2865671641791045
Male,0.21276595744680848,0.5283018867924527,0.32462686567164173,0.3862433862433863,yes,yes,2.742796,2.937607,Sometimes,no,1.99467,no,1.0,0.023564,Sometimes,Public_Transportation,Overweight_Level_II,0.3246268656716418
Male,0.5531914893617021,0.509433962264151,0.35447761194029853,0.4312169312169313,yes,yes,2.325623,1.313403,Sometimes,no,1.94609,no,0.604259,0.0,no,Automobile,Overweight_Level_II,0.35447761194029853
Female,0.6808510638297872,0.4528301886792452,0.308955223880597,0.4021164021164021,yes,yes,2.076689,3.0,Sometimes,no,1.026729,no,0.647798,0.0,no,Automobile,Overweight_Level_II,0.30895522388059704
Male,0.25531914893617025,0.6037735849056602,0.49253731343283574,0.5396825396825397,yes,yes,3.0,3.0,Sometimes,no,2.045069,no,1.725931,1.619596,Sometimes,Public_Transportation,Obesity_Type_I,0.4925373134328358
Male,0.25531914893617025,0.7358490566037736,0.4977611940298507,0.4841269841269842,yes,yes,3.0,3.0,Sometimes,no,2.509147,no,2.0,1.564796,Sometimes,Public_Transportation,Obesity_Type_I,0.49776119402985075
Male,0.36170212765957444,0.6226415094339623,0.4768656716417911,0.5105820105820106,yes,yes,2.271306,3.0,Sometimes,no,1.771198,no,2.0,0.413752,Sometimes,Automobile,Obesity_Type_I,0.4768656716417911
Male,0.5531914893617021,0.6415094339622645,0.46865671641791046,0.49470899470899476,yes,yes,2.33361,2.113575,Sometimes,no,2.504136,no,2.998981,1.0,Sometimes,Automobile,Obesity_Type_I,0.4686567164179104
Female,0.36170212765957444,0.20754716981132093,0.2925373134328358,0.5105820105820106,yes,yes,2.13683,2.092179,Sometimes,no,1.505381,no,0.0,0.0,Sometimes,Public_Transportation,Obesity_Type_I,0.29253731343283584
Female,0.25531914893617025,0.2641509433962268,0.308955223880597,0.5026455026455027,yes,yes,2.0,1.0,Sometimes,no,2.0,no,0.0,0.0,Sometimes,Public_Transportation,Obesity_Type_I,0.30895522388059704
Female,0.6382978723404256,0.22641509433962304,0.3194029850746268,0.5343915343915345,yes,yes,2.909853,1.0,Sometimes,no,2.0,no,1.308852,0.0,no,Automobile,Obesity_Type_I,0.31940298507462683
Female,0.5957446808510638,0.2452830188679247,0.32014925373134334,0.5211640211640213,yes,yes,2.490507,2.974204,Sometimes,no,1.846754,no,0.0,0.0,no,Automobile,Obesity_Type_I,0.32014925373134334
Female,0.19148936170212766,0.3207547169811322,0.3208955223880597,0.4814814814814815,yes,yes,1.063449,1.0,Sometimes,no,2.0,no,0.0,1.482016,Sometimes,Public_Transportation,Obesity_Type_I,0.3208955223880597
Female,0.19148936170212766,0.30188679245283057,0.3253731343283582,0.5,yes,yes,2.699282,1.0,Sometimes,no,2.598632,no,0.292093,2.0,Sometimes,Public_Transportation,Obesity_Type_I,0.3253731343283582
Male,0.21276595744680848,0.5283018867924527,0.4395522388059702,0.5185185185185186,yes,yes,2.0,3.0,Sometimes,no,2.843675,no,1.309304,1.338655,no,Public_Transportation,Obesity_Type_I,0.4395522388059702
Male,0.14893617021276595,0.37735849056603765,0.3694029850746268,0.5158730158730159,yes,yes,2.4277,1.001633,Sometimes,no,3.0,no,1.172641,1.0,no,Public_Transportation,Obesity_Type_I,0.3694029850746269
Female,0.19148936170212766,0.37735849056603765,0.3604477611940298,0.5052910052910053,yes,yes,2.87599,1.2919,Sometimes,no,2.777712,no,0.432813,1.0,no,Public_Transportation,Obesity_Type_I,0.3604477611940298
Female,0.19148936170212766,0.35849056603773555,0.3380597014925372,0.4814814814814815,yes,yes,2.177243,3.0,Sometimes,no,2.715572,no,2.230109,0.070897,no,Public_Transportation,Obesity_Type_I,0.3380597014925373
Female,0.4893617021276596,0.20754716981132093,0.28582089552238804,0.49735449735449744,yes,yes,2.0,3.0,Sometimes,no,1.630528,no,0.0,0.0,Sometimes,Automobile,Obesity_Type_I,0.28582089552238804
Male,0.19148936170212766,0.5283018867924527,0.41791044776119396,0.4920634920634921,yes,yes,2.0,3.0,Sometimes,no,2.287248,no,2.669179,1.237867,no,Public_Transportation,Obesity_Type_I,0.417910447761194
Male,0.19148936170212766,0.6226415094339623,0.43880597014925365,0.47619047619047616,yes,yes,2.0,3.0,Sometimes,no,3.0,no,3.0,2.0,no,Public_Transportation,Obesity_Type_I,0.4388059701492537
Female,0.17021276595744683,0.35849056603773555,0.3604477611940298,0.5158730158730159,yes,yes,3.0,1.0,Sometimes,no,3.0,no,1.280924,1.77795,no,Public_Transportation,Obesity_Type_I,0.3604477611940298
Female,0.08510638297872342,0.37735849056603765,0.321641791044776,0.455026455026455,yes,yes,3.0,3.0,Sometimes,no,1.0,no,1.02975,1.350099,Sometimes,Public_Transportation,Obesity_Type_I,0.3216417910447761
Male,0.25531914893617025,0.5660377358490565,0.5149253731343284,0.5846560846560848,yes,yes,3.0,3.0,Sometimes,no,1.776991,no,1.757724,0.0,Sometimes,Automobile,Obesity_Type_I,0.5149253731343284
Female,0.5744680851063829,0.18867924528301883,0.28880597014925374,0.507936507936508,yes,yes,2.0,3.0,Sometimes,no,1.406115,no,0.0,0.0,Sometimes,Automobile,Obesity_Type_I,0.28880597014925374
Male,0.19148936170212766,0.49056603773584895,0.3843283582089552,0.47883597883597895,yes,yes,2.0,3.0,Sometimes,no,1.530493,no,0.967627,1.0,no,Public_Transportation,Obesity_Type_I,0.3843283582089552
Female,0.5106382978723404,0.20754716981132093,0.3059701492537313,0.5238095238095237,yes,yes,2.846452,1.139317,Sometimes,no,1.459511,no,1.71807,0.0,Sometimes,Automobile,Obesity_Type_I,0.30597014925373134
Male,0.36170212765957444,0.4150943396226414,0.38059701492537307,0.5052910052910053,yes,yes,2.19011,2.029858,Sometimes,no,2.348981,no,1.946907,0.0,Sometimes,Automobile,Obesity_Type_I,0.3805970149253731
Male,0.19148936170212766,0.3962264150943393,0.41194029850746267,0.5608465608465609,yes,yes,2.0,3.0,Sometimes,no,2.0,no,0.0,0.105936,no,Public_Transportation,Obesity_Type_I,0.4119402985074627
Male,0.5531914893617021,0.6415094339622645,0.44328358208955226,0.4735449735449735,yes,yes,2.0,3.0,Sometimes,no,2.680292,no,1.549693,0.522259,Sometimes,Automobile,Obesity_Type_I,0.44328358208955226
Male,0.19148936170212766,0.5849056603773586,0.4208955223880598,0.4735449735449735,yes,yes,2.0,3.0,Sometimes,no,3.0,no,3.0,2.0,no,Public_Transportation,Obesity_Type_I,0.4208955223880597
Male,0.17021276595744683,0.49056603773584895,0.4455223880597015,0.5476190476190477,yes,yes,2.0,2.977543,Sometimes,no,2.205977,no,2.698874,2.0,no,Public_Transportation,Obesity_Type_I,0.4455223880597015
Male,0.44680851063829785,0.6226415094339623,0.46119402985074626,0.49735449735449744,yes,yes,2.069267,1.476204,Sometimes,no,3.0,no,2.05252,0.092736,Frequently,Automobile,Obesity_Type_I,0.46119402985074626
Female,0.17021276595744683,0.28301886792452846,0.3208955223880597,0.5026455026455027,yes,yes,1.362441,2.57038,Sometimes,no,2.166228,no,2.232851,1.281141,no,Public_Transportation,Obesity_Type_I,0.3208955223880597
Female,0.19148936170212766,0.30188679245283057,0.32462686567164173,0.49735449735449744,yes,yes,2.09663,2.879541,Sometimes,no,2.432967,no,1.887012,0.0,no,Public_Transportation,Obesity_Type_I,0.3246268656716418
Female,0.19148936170212766,0.4150943396226414,0.3298507462686567,0.44973544973544977,yes,yes,2.928234,1.458507,Sometimes,no,2.777379,no,0.354541,1.707018,no,Public_Transportation,Obesity_Type_I,0.32985074626865674
Female,0.5744680851063829,0.16981132075471717,0.3059701492537313,0.544973544973545,yes,yes,2.0,1.105617,Sometimes,no,1.372811,no,1.629432,0.0,Sometimes,Automobile,Obesity_Type_I,0.30597014925373134
Female,0.5319148936170213,0.1132075471698113,0.3029850746268656,0.5820105820105821,yes,yes,2.0,3.0,Sometimes,no,1.0,no,0.0,0.0,Sometimes,Automobile,Obesity_Type_I,0.30298507462686564
Male,0.25531914893617025,0.3962264150943393,0.38059701492537307,0.5185185185185186,yes,yes,2.0,3.0,Sometimes,no,3.0,no,0.669278,0.505266,Sometimes,Automobile,Obesity_Type_I,0.3805970149253731
Female,0.21276595744680848,0.18867924528301883,0.291044776119403,0.5105820105820106,yes,yes,2.0,1.0,Sometimes,no,2.0,no,0.827502,0.0,no,Public_Transportation,Obesity_Type_I,0.291044776119403
Male,0.14893617021276595,0.6226415094339623,0.4768656716417911,0.5132275132275133,yes,yes,2.0,3.0,Sometimes,no,1.689793,no,1.464204,0.0,no,Public_Transportation,Obesity_Type_I,0.4768656716417911
Male,0.17021276595744683,0.5660377358490565,0.432089552238806,0.49470899470899476,yes,yes,2.0,3.0,Sometimes,no,2.771469,no,2.359339,1.206251,no,Public_Transportation,Obesity_Type_I,0.432089552238806
Female,0.19148936170212766,0.3207547169811322,0.3104477611940298,0.4735449735449735,yes,yes,2.0,1.0,Sometimes,no,2.0,no,0.026142,0.0,no,Public_Transportation,Obesity_Type_I,0.3104477611940298
Male,0.14893617021276595,0.6415094339622645,0.4977611940298507,0.5264550264550264,yes,yes,2.0,3.0,Sometimes,no,1.155384,no,0.003938,0.526999,Sometimes,Public_Transportation,Obesity_Type_I,0.49776119402985075
Male,0.08510638297872342,0.7547169811320757,0.5656716417910448,0.5396825396825397,yes,yes,2.0,1.854536,Sometimes,no,2.160169,no,1.0,2.0,Sometimes,Public_Transportation,Obesity_Type_I,0.5656716417910448
Female,0.08510638297872342,0.4528301886792452,0.38059701492537307,0.49470899470899476,yes,yes,2.496455,3.0,Sometimes,no,1.850344,no,1.066101,0.732265,Sometimes,Public_Transportation,Obesity_Type_I,0.3805970149253731
Female,0.08510638297872342,0.49056603773584895,0.4052238805970149,0.5052910052910053,yes,yes,1.70825,3.0,Sometimes,no,1.0,no,0.899864,1.0,Sometimes,Public_Transportation,Obesity_Type_I,0.4052238805970149
Male,0.19148936170212766,0.6415094339622645,0.4932835820895522,0.5238095238095237,yes,yes,2.262171,3.0,Sometimes,no,2.03415,no,0.317363,0.508663,Sometimes,Public_Transportation,Obesity_Type_I,0.4932835820895522
Male,0.19148936170212766,0.5660377358490565,0.5037313432835822,0.5714285714285715,yes,yes,2.740633,3.0,Sometimes,no,2.081005,no,0.650235,0.76906,Sometimes,Public_Transportation,Obesity_Type_I,0.503731343283582
Male,0.14893617021276595,0.6226415094339623,0.47910447761194025,0.5158730158730159,yes,yes,2.0,3.0,Sometimes,no,1.608128,no,0.478134,0.0,no,Public_Transportation,Obesity_Type_I,0.4791044776119403
Male,0.17021276595744683,0.6981132075471699,0.49999999999999994,0.5026455026455027,yes,yes,2.0,3.0,Sometimes,no,2.715252,no,0.0,0.621605,no,Public_Transportation,Obesity_Type_I,0.5
Male,0.08510638297872342,0.6415094339622645,0.5223880597014925,0.5555555555555556,yes,yes,2.0,1.08687,Sometimes,no,2.279124,no,1.0,1.609773,no,Public_Transportation,Obesity_Type_I,0.5223880597014925
Male,0.08510638297872342,0.6981132075471699,0.5201492537313432,0.5238095238095237,yes,yes,2.0,1.25535,Sometimes,no,2.497065,no,1.0,1.441605,no,Public_Transportation,Obesity_Type_I,0.5201492537313434
Female,0.10638297872340424,0.3396226415094339,0.3208955223880597,0.4735449735449735,yes,yes,1.081585,2.870661,Sometimes,no,1.11756,no,0.0,1.616826,Sometimes,Public_Transportation,Obesity_Type_I,0.3208955223880597
Female,0.19148936170212766,0.3396226415094339,0.3208955223880597,0.47089947089947093,yes,yes,2.587789,1.482103,Sometimes,no,1.911664,no,0.0,0.128681,Sometimes,Public_Transportation,Obesity_Type_I,0.3208955223880597
Male,0.17021276595744683,0.6037735849056602,0.49253731343283574,0.5396825396825397,yes,yes,2.252653,3.0,Sometimes,no,2.962371,no,1.0,0.0,Sometimes,Public_Transportation,Obesity_Type_I,0.4925373134328358
Male,0.14893617021276595,0.9056603773584904,0.5940298507462687,0.49735449735449744,yes,yes,2.0,3.0,Sometimes,no,3.0,no,0.732186,1.0,Sometimes,Public_Transportation,Obesity_Type_I,0.5940298507462686
Male,0.17021276595744683,0.9433962264150941,0.5813432835820895,0.47089947089947093,yes,yes,2.0,3.0,Sometimes,no,3.0,no,0.975187,1.0,Sometimes,Public_Transportation,Obesity_Type_I,0.5813432835820896
Female,0.5106382978723404,0.30188679245283057,0.3059701492537313,0.47089947089947093,yes,yes,2.036613,1.81698,Sometimes,no,1.93059,no,1.851404,0.0,Sometimes,Automobile,Obesity_Type_I,0.30597014925373134
Female,0.5106382978723404,0.1132075471698113,0.2716417910447761,0.5264550264550264,yes,yes,2.0,2.582591,Sometimes,no,1.535134,no,1.88452,0.0,Sometimes,Automobile,Obesity_Type_I,0.27164179104477615
Male,0.08510638297872342,0.5471698113207548,0.43432835820895527,0.507936507936508,yes,yes,2.0,3.0,Sometimes,no,2.0,no,0.0,0.233314,no,Public_Transportation,Obesity_Type_I,0.43432835820895527
Female,0.5106382978723404,0.22641509433962304,0.27686567164179093,0.47619047619047616,yes,yes,2.0,3.0,Sometimes,no,2.102976,no,0.0,0.0,Sometimes,Automobile,Obesity_Type_I,0.276865671641791
Female,0.6382978723404256,0.2641509433962268,0.27686567164179093,0.455026455026455,yes,yes,2.0,3.0,Sometimes,no,2.091934,no,0.0,0.0,Sometimes,Automobile,Obesity_Type_I,0.276865671641791
Male,0.08510638297872342,0.6981132075471699,0.517910447761194,0.5211640211640213,yes,yes,2.0,2.164839,Sometimes,no,2.094479,no,1.0,0.676557,Sometimes,Public_Transportation,Obesity_Type_I,0.5179104477611941
Male,0.08510638297872342,0.6415094339622645,0.5164179104477611,0.5476190476190477,yes,yes,2.0,2.141839,Sometimes,no,2.939847,no,1.0,0.103056,Sometimes,Public_Transportation,Obesity_Type_I,0.5164179104477612
Male,0.34042553191489366,0.716981132075472,0.5208955223880596,0.5185185185185186,yes,yes,2.0,2.877583,Sometimes,no,2.358038,no,0.877295,1.817146,Sometimes,Automobile,Obesity_Type_I,0.5208955223880597
Female,0.08510638297872342,0.4150943396226414,0.3522388059701493,0.4735449735449735,yes,yes,2.609123,3.0,Sometimes,no,1.955053,no,1.186013,0.0,no,Public_Transportation,Obesity_Type_I,0.3522388059701493
Male,0.23404255319148937,0.35849056603773555,0.3902985074626865,0.5555555555555556,yes,yes,1.036159,3.0,Sometimes,no,1.0,no,0.344013,0.329367,Sometimes,Automobile,Obesity_Type_I,0.3902985074626866
Male,0.3191489361702128,0.4339622641509435,0.38059701492537307,0.49735449735449744,yes,yes,1.851262,3.0,Sometimes,no,2.11267,no,0.388269,0.0,Sometimes,Automobile,Obesity_Type_I,0.3805970149253731
Female,0.08510638297872342,0.30188679245283057,0.33955223880597013,0.5185185185185186,yes,yes,2.0,3.0,Sometimes,no,1.051735,no,1.0,0.0,no,Public_Transportation,Obesity_Type_I,0.33955223880597013
Male,0.14893617021276595,0.4528301886792452,0.42835820895522386,0.5476190476190477,yes,yes,2.0,2.95833,Sometimes,no,2.0,no,0.0,1.595306,no,Public_Transportation,Obesity_Type_I,0.4283582089552239
Male,0.10638297872340424,0.4716981132075473,0.44925373134328356,0.5634920634920635,yes,yes,2.0,2.119826,Sometimes,no,2.0,no,0.0,1.882539,no,Public_Transportation,Obesity_Type_I,0.4492537313432836
Female,0.08510638297872342,0.28301886792452846,0.3223880597014926,0.5052910052910053,yes,yes,2.501236,3.0,Sometimes,no,1.220331,no,0.245003,0.537202,no,Public_Transportation,Obesity_Type_I,0.32238805970149254
Male,0.08510638297872342,0.6603773584905661,0.4902985074626866,0.5105820105820106,yes,yes,2.0,3.0,Sometimes,no,3.0,no,1.783858,0.0,no,Public_Transportation,Obesity_Type_I,0.4902985074626866
Male,0.25531914893617025,0.7358490566037736,0.49253731343283574,0.4735449735449735,yes,yes,3.0,3.0,Sometimes,no,2.925029,no,2.0,1.758865,Sometimes,Public_Transportation,Obesity_Type_I,0.4925373134328358
Male,0.25531914893617025,0.6792452830188682,0.49999999999999994,0.5105820105820106,yes,yes,3.0,3.0,Sometimes,no,2.858171,no,1.813318,0.680215,Sometimes,Public_Transportation,Obesity_Type_I,0.5
Male,0.4893617021276596,0.6415094339622645,0.45970149253731335,0.4894179894179894,yes,yes,2.031185,2.992606,Sometimes,no,2.852254,no,2.00123,0.36037,Frequently,Automobile,Obesity_Type_I,0.4597014925373134
Male,0.5106382978723404,0.6415094339622645,0.4559701492537313,0.4841269841269842,yes,yes,2.014194,2.050121,Sometimes,no,2.184707,no,2.000561,0.853891,Frequently,Automobile,Obesity_Type_I,0.4559701492537313
Female,0.34042553191489366,0.15094339622641506,0.291044776119403,0.5343915343915345,yes,yes,2.028225,1.923607,Sometimes,no,1.798917,no,0.0,0.0,no,Public_Transportation,Obesity_Type_I,0.291044776119403
Female,0.3191489361702128,0.2452830188679247,0.30373134328358214,0.5,yes,yes,2.0,1.0,Sometimes,no,2.0,no,0.005405,0.0,no,Public_Transportation,Obesity_Type_I,0.3037313432835821
Female,0.5957446808510638,0.37735849056603765,0.3552238805970149,0.5026455026455027,yes,yes,2.81646,2.27374,Sometimes,no,1.722063,no,0.0,0.0,no,Automobile,Obesity_Type_I,0.3552238805970149
Female,0.7021276595744681,0.35849056603773555,0.3208955223880597,0.4576719576719577,yes,yes,2.037585,1.418985,Sometimes,no,1.827351,no,0.0,0.0,no,Automobile,Obesity_Type_I,0.3208955223880597
Female,0.19148936170212766,0.3396226415094339,0.3238805970149254,0.4735449735449735,yes,yes,1.853314,1.320768,Sometimes,no,2.135552,no,0.248034,1.727828,Sometimes,Public_Transportation,Obesity_Type_I,0.32388059701492544
Female,0.19148936170212766,0.28301886792452846,0.3208955223880597,0.49735449735449744,yes,yes,1.00876,1.0,Sometimes,no,2.0,no,0.0,0.585912,Sometimes,Public_Transportation,Obesity_Type_I,0.3208955223880597
Male,0.19148936170212766,0.37735849056603765,0.41641791044776116,0.5714285714285715,yes,yes,2.0,3.0,Sometimes,no,1.490613,no,0.654316,1.0,no,Public_Transportation,Obesity_Type_I,0.41641791044776116
Male,0.19148936170212766,0.4716981132075473,0.41791044776119396,0.5238095238095237,yes,yes,2.0,3.0,Sometimes,no,2.02127,no,1.814869,1.066603,no,Public_Transportation,Obesity_Type_I,0.417910447761194
Male,0.19148936170212766,0.37735849056603765,0.3738805970149253,0.5211640211640213,yes,yes,2.103335,2.964024,Sometimes,no,3.0,no,0.632947,1.0,no,Public_Transportation,Obesity_Type_I,0.3738805970149253
Male,0.21276595744680848,0.3962264150943393,0.38059701492537307,0.5211640211640213,yes,yes,2.0,3.0,Sometimes,no,3.0,no,0.603638,0.969085,no,Public_Transportation,Obesity_Type_I,0.3805970149253731
Female,0.19148936170212766,0.3396226415094339,0.3253731343283582,0.4735449735449735,yes,yes,2.060922,2.933409,Sometimes,no,2.235282,no,0.380633,0.0026,no,Public_Transportation,Obesity_Type_I,0.3253731343283582
Female,0.19148936170212766,0.3396226415094339,0.33955223880597013,0.5,yes,yes,2.058687,2.962004,Sometimes,no,2.010596,no,0.851059,0.630866,no,Public_Transportation,Obesity_Type_I,0.33955223880597013
Female,0.5106382978723404,0.20754716981132093,0.30373134328358214,0.5238095238095237,yes,yes,2.0,3.0,Sometimes,no,1.274774,no,0.0,0.0,Sometimes,Automobile,Obesity_Type_I,0.3037313432835821
Female,0.5106382978723404,0.20754716981132093,0.3059701492537313,0.5264550264550264,yes,yes,2.533605,1.271624,Sometimes,no,1.893691,no,1.296535,0.0,Sometimes,Automobile,Obesity_Type_I,0.30597014925373134
Male,0.19148936170212766,0.5660377358490565,0.4201492537313432,0.47883597883597895,yes,yes,2.0,3.0,Sometimes,no,3.0,no,3.0,2.0,no,Public_Transportation,Obesity_Type_I,0.42014925373134326
Male,0.19148936170212766,0.5660377358490565,0.4201492537313432,0.47619047619047616,yes,yes,2.0,3.0,Sometimes,no,3.0,no,3.0,2.0,no,Public_Transportation,Obesity_Type_I,0.42014925373134326
Female,0.14893617021276595,0.37735849056603765,0.3664179104477611,0.5132275132275133,yes,yes,2.457547,1.00061,Sometimes,no,3.0,no,1.361533,1.0,no,Public_Transportation,Obesity_Type_I,0.3664179104477612
Female,0.19148936170212766,0.37735849056603765,0.36343283582089553,0.507936507936508,yes,yes,2.983851,1.068443,Sometimes,no,2.854161,no,1.103209,1.0,no,Public_Transportation,Obesity_Type_I,0.36343283582089553
Female,0.04255319148936171,0.37735849056603765,0.3477611940298507,0.48677248677248675,yes,yes,2.954996,3.0,Sometimes,no,1.0,no,2.091862,1.06053,no,Public_Transportation,Obesity_Type_I,0.34776119402985073
Female,0.06382978723404253,0.3396226415094339,0.3492537313432836,0.5052910052910053,yes,yes,2.061969,3.0,Sometimes,no,1.229171,no,2.392047,1.256119,no,Public_Transportation,Obesity_Type_I,0.3492537313432836
Male,0.3191489361702128,0.6037735849056602,0.5194029850746269,0.5740740740740742,yes,yes,3.0,3.0,Sometimes,no,1.163264,no,1.866023,1.604608,Sometimes,Automobile,Obesity_Type_I,0.5194029850746268
Male,0.34042553191489366,0.5849056603773586,0.5201492537313432,0.5873015873015874,yes,yes,3.0,3.0,Sometimes,no,1.271178,no,1.944728,0.0,Sometimes,Automobile,Obesity_Type_I,0.5201492537313434
Female,0.6382978723404256,0.28301886792452846,0.2865671641791045,0.46031746031746035,yes,yes,2.0,3.0,Sometimes,no,2.117346,no,0.0,0.0,no,Automobile,Obesity_Type_I,0.2865671641791045
Female,0.5744680851063829,0.22641509433962304,0.30223880597014924,0.5105820105820106,yes,yes,2.0,3.0,Sometimes,no,2.952506,no,0.0,0.0,no,Automobile,Obesity_Type_I,0.30223880597014924
Male,0.19148936170212766,0.4716981132075473,0.40746268656716417,0.5105820105820106,yes,yes,2.0,3.0,Sometimes,no,1.746197,no,0.455216,0.335158,no,Public_Transportation,Obesity_Type_I,0.4074626865671641
Male,0.19148936170212766,0.5471698113207548,0.40597014925373137,0.47619047619047616,yes,yes,2.0,3.0,Sometimes,no,1.249307,no,0.973465,1.0,no,Public_Transportation,Obesity_Type_I,0.40597014925373137
Female,0.5106382978723404,0.3396226415094339,0.3059701492537313,0.45238095238095244,yes,yes,2.450784,2.952821,Sometimes,no,1.335192,no,0.180276,0.0,Sometimes,Automobile,Obesity_Type_I,0.30597014925373134
Female,0.5106382978723404,0.3207547169811322,0.3059701492537313,0.46825396825396826,yes,yes,2.972426,3.0,Sometimes,no,1.636326,no,0.0,0.0,Sometimes,Automobile,Obesity_Type_I,0.30597014925373134
Male,0.3829787234042553,0.4150943396226414,0.38059701492537307,0.507936507936508,yes,yes,2.467002,1.851088,Sometimes,no,2.104054,no,1.991565,0.0,Sometimes,Automobile,Obesity_Type_I,0.3805970149253731
Male,0.3829787234042553,0.4339622641509435,0.38059701492537307,0.5026455026455027,yes,yes,2.934671,2.119682,Sometimes,no,2.041462,no,0.578074,0.0,Sometimes,Automobile,Obesity_Type_I,0.3805970149253731
Male,0.17021276595744683,0.4716981132075473,0.42238805970149246,0.5317460317460319,yes,yes,2.0,2.970675,Sometimes,no,2.0,no,0.0,0.169294,no,Public_Transportation,Obesity_Type_I,0.4223880597014925
Male,0.17021276595744683,0.509433962264151,0.4111940298507462,0.49470899470899476,yes,yes,2.0,2.966803,Sometimes,no,2.0,no,0.0,1.281541,no,Public_Transportation,Obesity_Type_I,0.4111940298507462
Male,0.46808510638297873,0.4150943396226414,0.38507462686567157,0.5158730158730159,yes,yes,2.903545,1.508685,Sometimes,no,2.450069,no,1.45473,0.0,Sometimes,Automobile,Obesity_Type_I,0.3850746268656716
Male,0.5531914893617021,0.6415094339622645,0.44029850746268656,0.4656084656084657,yes,yes,2.043359,2.209314,Sometimes,no,2.785804,no,1.259613,0.669616,Sometimes,Automobile,Obesity_Type_I,0.44029850746268656
Male,0.21276595744680848,0.6037735849056602,0.43582089552238806,0.47883597883597895,yes,yes,2.0,3.0,Sometimes,no,2.973729,no,2.491642,1.36595,no,Public_Transportation,Obesity_Type_I,0.4358208955223881
Male,0.19148936170212766,0.5849056603773586,0.43880597014925365,0.4894179894179894,yes,yes,2.0,3.0,Sometimes,no,2.988771,no,2.429923,1.978043,no,Public_Transportation,Obesity_Type_I,0.4388059701492537
Male,0.44680851063829785,0.6226415094339623,0.4723880597014925,0.5105820105820106,yes,yes,2.787589,1.114564,Sometimes,no,3.0,no,2.710338,0.572185,Sometimes,Automobile,Obesity_Type_I,0.4723880597014925
Male,0.36170212765957444,0.6792452830188682,0.494776119402985,0.5052910052910053,yes,yes,2.39728,2.036794,Sometimes,no,2.659419,no,1.062011,1.771135,Sometimes,Automobile,Obesity_Type_I,0.49477611940298505
Female,0.19148936170212766,0.30188679245283057,0.3283582089552239,0.5052910052910053,yes,yes,2.150054,2.988539,Sometimes,no,2.768325,no,2.08515,0.0,no,Public_Transportation,Obesity_Type_I,0.3283582089552239
Female,0.19148936170212766,0.3396226415094339,0.3291044776119402,0.4841269841269842,yes,yes,2.977585,1.630506,Sometimes,no,2.839319,no,1.091474,0.889517,no,Public_Transportation,Obesity_Type_I,0.3291044776119403
Female,0.19148936170212766,0.3396226415094339,0.3283582089552239,0.4841269841269842,yes,yes,2.274491,1.0,Sometimes,no,2.2695,no,0.946461,1.73107,Sometimes,Public_Transportation,Obesity_Type_I,0.3283582089552239
Female,0.17021276595744683,0.30188679245283057,0.32462686567164173,0.5026455026455027,yes,yes,1.557287,1.0,Sometimes,no,2.371015,no,0.288032,2.0,Sometimes,Public_Transportation,Obesity_Type_I,0.3246268656716418
Female,0.5744680851063829,0.22641509433962304,0.3141791044776118,0.5291005291005292,yes,yes,2.152264,2.977999,Sometimes,no,1.513199,no,0.0,0.0,Sometimes,Automobile,Obesity_Type_I,0.3141791044776119
Female,0.5744680851063829,0.18867924528301883,0.3059701492537313,0.5396825396825397,yes,yes,2.0,3.0,Sometimes,no,1.326165,no,0.0,0.0,Sometimes,Automobile,Obesity_Type_I,0.30597014925373134
Male,0.3191489361702128,0.4339622641509435,0.38059701492537307,0.49735449735449744,yes,yes,2.08841,2.644692,Sometimes,no,2.773236,no,1.252472,0.0,Sometimes,Automobile,Obesity_Type_I,0.3805970149253731
Male,0.36170212765957444,0.4528301886792452,0.38059701492537307,0.4920634920634921,yes,yes,2.180047,2.733077,Sometimes,no,2.77962,no,1.454129,0.0,Sometimes,Automobile,Obesity_Type_I,0.3805970149253731
Female,0.19148936170212766,0.2452830188679247,0.291044776119403,0.48677248677248675,yes,yes,2.0,1.0,Sometimes,no,2.0,no,0.876101,0.0,no,Public_Transportation,Obesity_Type_I,0.291044776119403
Female,0.21276595744680848,0.2641509433962268,0.29925373134328354,0.48677248677248675,yes,yes,2.0,1.0,Sometimes,no,2.0,no,0.852446,0.0,no,Public_Transportation,Obesity_Type_I,0.29925373134328354
Male,0.06382978723404253,0.49056603773584895,0.4544776119402985,0.5582010582010583,yes,yes,2.0,3.0,Sometimes,no,2.0,no,0.067491,0.894105,no,Public_Transportation,Obesity_Type_I,0.45447761194029856
Male,0.08510638297872342,0.509433962264151,0.45074626865671646,0.544973544973545,yes,yes,2.0,3.0,Sometimes,no,2.0,no,1.579431,0.839862,no,Public_Transportation,Obesity_Type_I,0.45074626865671646
Female,0.19148936170212766,0.3207547169811322,0.3208955223880597,0.47883597883597895,yes,yes,1.826885,1.0,Sometimes,no,2.0,no,0.0,0.459274,no,Public_Transportation,Obesity_Type_I,0.3208955223880597
Female,0.19148936170212766,0.3207547169811322,0.3208955223880597,0.47883597883597895,yes,yes,1.754401,1.0,Sometimes,no,2.0,no,0.0,0.301909,no,Public_Transportation,Obesity_Type_I,0.3208955223880597
Male,0.10638297872340424,0.7735849056603774,0.551492537313433,0.5238095238095237,yes,yes,2.0,2.427137,Sometimes,no,2.574073,no,1.0,2.0,Sometimes,Public_Transportation,Obesity_Type_I,0.5514925373134328
Male,0.14893617021276595,0.7735849056603774,0.5910447761194031,0.5634920634920635,yes,yes,2.0,3.0,Sometimes,no,3.0,no,0.788585,1.220029,Sometimes,Public_Transportation,Obesity_Type_I,0.591044776119403
Female,0.10638297872340424,0.4339622641509435,0.385820895522388,0.5052910052910053,yes,yes,1.524428,3.0,Sometimes,no,1.383831,no,0.130417,1.0,Sometimes,Public_Transportation,Obesity_Type_I,0.3858208955223881
Female,0.14893617021276595,0.509433962264151,0.4022388059701493,0.4841269841269842,yes,yes,1.164062,3.0,Sometimes,no,1.157395,no,0.0,0.320851,Sometimes,Public_Transportation,Obesity_Type_I,0.40223880597014927
Male,0.19148936170212766,0.6603773584905661,0.5037313432835822,0.5264550264550264,yes,yes,2.123159,3.0,Sometimes,no,2.415343,no,0.295178,0.569852,Sometimes,Public_Transportation,Obesity_Type_I,0.503731343283582
Male,0.17021276595744683,0.6981132075471699,0.49999999999999994,0.5026455026455027,yes,yes,2.0,3.0,Sometimes,no,2.745242,no,0.0,0.80898,Sometimes,Public_Transportation,Obesity_Type_I,0.5
Male,0.14893617021276595,0.6415094339622645,0.49253731343283574,0.5238095238095237,yes,yes,2.259679,3.0,Sometimes,no,1.026143,no,0.268801,0.077818,Sometimes,Public_Transportation,Obesity_Type_I,0.4925373134328358
Male,0.17021276595744683,0.6226415094339623,0.49253731343283574,0.5291005291005292,yes,yes,2.044326,3.0,Sometimes,no,2.35818,no,0.349371,0.0,Sometimes,Public_Transportation,Obesity_Type_I,0.4925373134328358
Male,0.08510638297872342,0.6226415094339623,0.5238805970149254,0.5634920634920635,yes,yes,2.0,1.867836,Sometimes,no,2.438398,no,1.0,0.802305,no,Public_Transportation,Obesity_Type_I,0.5238805970149254
Male,0.08510638297872342,0.7358490566037736,0.5238805970149254,0.5052910052910053,yes,yes,2.0,1.548407,Sometimes,no,2.191401,no,1.0,1.676944,no,Public_Transportation,Obesity_Type_I,0.5238805970149254
Female,0.10638297872340424,0.3396226415094339,0.3208955223880597,0.47089947089947093,yes,yes,2.843456,2.937989,Sometimes,no,1.001995,no,0.0,1.554404,no,Public_Transportation,Obesity_Type_I,0.3208955223880597
Female,0.08510638297872342,0.37735849056603765,0.32313432835820893,0.4576719576719577,yes,yes,2.864776,3.0,Sometimes,no,1.876915,no,0.631565,0.186414,no,Public_Transportation,Obesity_Type_I,0.32313432835820893
Male,0.17021276595744683,0.5660377358490565,0.49253731343283574,0.5582010582010583,yes,yes,2.871137,3.0,Sometimes,no,2.627569,no,1.0,0.0,Sometimes,Public_Transportation,Obesity_Type_I,0.4925373134328358
Male,0.17021276595744683,0.5849056603773586,0.49253731343283574,0.5502645502645502,yes,yes,2.282803,3.0,Sometimes,no,2.104264,no,1.0,0.0,Sometimes,Public_Transportation,Obesity_Type_I,0.4925373134328358
Male,0.12765957446808512,0.9245283018867925,0.6171641791044775,0.507936507936508,yes,yes,2.0,3.0,Sometimes,no,3.0,no,1.0,1.014808,Sometimes,Public_Transportation,Obesity_Type_I,0.6171641791044776
Male,0.12765957446808512,1.0,0.6097014925373134,0.4735449735449735,yes,yes,2.0,3.0,Sometimes,no,3.0,no,0.767013,1.0,Sometimes,Public_Transportation,Obesity_Type_I,0.6097014925373134
Female,0.5319148936170213,0.2641509433962268,0.3059701492537313,0.49735449735449744,yes,yes,2.020502,1.237454,Sometimes,no,1.93142,no,1.967973,0.0,Sometimes,Automobile,Obesity_Type_I,0.30597014925373134
Female,0.5106382978723404,0.28301886792452846,0.3059701492537313,0.4841269841269842,yes,yes,2.020785,1.169173,Sometimes,no,1.972551,no,1.903338,0.0,Sometimes,Automobile,Obesity_Type_I,0.30597014925373134
Male,0.10638297872340424,0.4716981132075473,0.4425373134328358,0.5529100529100529,yes,yes,2.0,2.391753,Sometimes,no,2.0,no,0.0,1.119877,no,Public_Transportation,Obesity_Type_I,0.4425373134328358
Male,0.06382978723404253,0.49056603773584895,0.4514925373134328,0.5608465608465609,yes,yes,2.0,3.0,Sometimes,no,2.0,no,1.73209,0.048617,no,Public_Transportation,Obesity_Type_I,0.45149253731343286
Female,0.5319148936170213,0.15094339622641506,0.2701492537313433,0.5105820105820106,yes,yes,2.0,3.0,Sometimes,no,1.084442,no,0.0,0.0,Sometimes,Automobile,Obesity_Type_I,0.2701492537313433
Female,0.5319148936170213,0.09433962264150964,0.2805970149253731,0.5555555555555556,yes,yes,2.0,3.0,Sometimes,no,1.0,no,0.0,0.0,Sometimes,Automobile,Obesity_Type_I,0.2805970149253731
Male,0.08510638297872342,0.6226415094339623,0.517910447761194,0.5555555555555556,yes,yes,2.0,2.475444,Sometimes,no,2.655795,no,1.0,0.169879,no,Public_Transportation,Obesity_Type_I,0.5179104477611941
Male,0.08510638297872342,0.6415094339622645,0.5164179104477611,0.5476190476190477,yes,yes,2.0,2.478794,Sometimes,no,2.967064,no,1.0,0.4346,no,Public_Transportation,Obesity_Type_I,0.5164179104477612
Male,0.34042553191489366,0.6792452830188682,0.5253731343283583,0.5343915343915345,yes,yes,2.407817,2.070033,Sometimes,no,1.796257,no,1.234483,0.178708,Sometimes,Automobile,Obesity_Type_I,0.5253731343283583
Male,0.36170212765957444,0.6415094339622645,0.526865671641791,0.5608465608465609,yes,yes,2.21498,2.282392,Sometimes,no,1.179942,no,1.771754,0.537659,Sometimes,Automobile,Obesity_Type_I,0.526865671641791
Female,0.08510638297872342,0.4528301886792452,0.38059701492537307,0.4920634920634921,yes,yes,2.737149,3.0,Sometimes,no,1.997195,no,1.352663,0.468483,Sometimes,Public_Transportation,Obesity_Type_I,0.3805970149253731
Female,0.08510638297872342,0.4716981132075473,0.3917910447761194,0.4894179894179894,yes,yes,1.899793,3.0,Sometimes,no,1.439962,no,0.9529,0.838847,Sometimes,Public_Transportation,Obesity_Type_I,0.3917910447761194
Male,0.36170212765957444,0.4150943396226414,0.37835820895522393,0.5105820105820106,yes,yes,2.274164,1.049534,Sometimes,no,1.358172,no,1.482411,0.0,Sometimes,Automobile,Obesity_Type_I,0.37835820895522393
Male,0.3191489361702128,0.4150943396226414,0.373134328358209,0.5052910052910053,yes,yes,1.897796,3.0,Sometimes,no,1.193039,no,0.011519,0.0,Sometimes,Automobile,Obesity_Type_I,0.373134328358209
Female,0.08510638297872342,0.37735849056603765,0.3373134328358209,0.4735449735449735,yes,yes,2.85916,3.0,Sometimes,no,1.0,no,1.020525,0.786066,no,Public_Transportation,Obesity_Type_I,0.33731343283582094
Female,0.08510638297872342,0.37735849056603765,0.34253731343283583,0.4814814814814815,yes,yes,2.0,3.0,Sometimes,no,1.039313,no,1.0,0.0,no,Public_Transportation,Obesity_Type_I,0.3425373134328359
Male,0.14893617021276595,0.4716981132075473,0.44029850746268656,0.5502645502645502,yes,yes,2.0,1.66338,Sometimes,no,2.0,no,0.0,1.865851,no,Public_Transportation,Obesity_Type_I,0.44029850746268656
Male,0.14893617021276595,0.4528301886792452,0.4514925373134328,0.5740740740740742,yes,yes,2.0,1.672751,Sometimes,no,2.0,no,0.0,1.946173,no,Public_Transportation,Obesity_Type_I,0.45149253731343286
Female,0.08510638297872342,0.3207547169811322,0.3238805970149254,0.4841269841269842,yes,yes,2.340405,3.0,Sometimes,no,1.655245,no,1.006884,0.548539,no,Public_Transportation,Obesity_Type_I,0.32388059701492544
Female,0.08510638297872342,0.3396226415094339,0.32462686567164173,0.4735449735449735,yes,yes,2.921576,3.0,Sometimes,no,1.003636,no,1.000227,0.905596,no,Public_Transportation,Obesity_Type_I,0.3246268656716418
Male,0.12765957446808512,0.7358490566037736,0.494776119402985,0.4814814814814815,yes,yes,2.0,3.0,Sometimes,no,2.793505,no,2.21939,0.202902,no,Public_Transportation,Obesity_Type_I,0.49477611940298505
Male,0.14893617021276595,0.6603773584905661,0.4828358208955224,0.5052910052910053,yes,yes,2.0,3.0,Sometimes,no,2.401315,no,2.891986,0.0,no,Public_Transportation,Obesity_Type_I,0.4828358208955224
Male,0.25531914893617025,0.6981132075471699,0.4932835820895522,0.4920634920634921,yes,yes,3.0,3.0,Sometimes,no,2.110611,no,1.890907,1.58483,Sometimes,Public_Transportation,Obesity_Type_I,0.4932835820895522
Male,0.25531914893617025,0.716981132075472,0.4962686567164179,0.4894179894179894,yes,yes,3.0,3.0,Sometimes,no,2.480277,no,1.796779,1.596562,Sometimes,Public_Transportation,Obesity_Type_I,0.4962686567164179
Male,0.25531914893617025,0.716981132075472,0.49552238805970156,0.4894179894179894,yes,yes,3.0,3.0,Sometimes,no,2.224914,no,1.781589,1.59405,Sometimes,Public_Transportation,Obesity_Type_I,0.49552238805970156
Male,0.25531914893617025,0.6981132075471699,0.49850746268656715,0.49735449735449744,yes,yes,2.92711,3.0,Sometimes,no,2.151496,no,1.166064,1.509831,Sometimes,Public_Transportation,Obesity_Type_I,0.49850746268656715
Male,0.34042553191489366,0.716981132075472,0.49402985074626865,0.4814814814814815,yes,yes,2.805533,3.0,Sometimes,no,1.882847,no,2.0,0.70778,Sometimes,Automobile,Obesity_Type_I,0.49402985074626865
Male,0.4042553191489362,0.6226415094339623,0.48358208955223875,0.5185185185185186,yes,yes,2.902469,1.734762,Sometimes,no,2.600238,no,2.113992,0.584755,Sometimes,Automobile,Obesity_Type_I,0.4835820895522388
Male,0.5319148936170213,0.6226415094339623,0.48208955223880595,0.5185185185185186,yes,yes,2.845961,1.92822,Sometimes,no,2.642273,no,2.999918,1.0,Frequently,Automobile,Obesity_Type_I,0.48208955223880595
Male,0.5531914893617021,0.6226415094339623,0.4276119402985074,0.46031746031746035,yes,yes,2.252698,2.475228,Sometimes,no,2.923856,no,2.165429,0.616045,Frequently,Automobile,Obesity_Type_I,0.42761194029850746
Female,0.4042553191489362,0.20754716981132093,0.2880597014925373,0.5026455026455027,yes,yes,2.02091,2.093831,Sometimes,no,1.506518,no,0.0,0.0,Sometimes,Automobile,Obesity_Type_I,0.2880597014925373
Female,0.25531914893617025,0.20754716981132093,0.2940298507462687,0.507936507936508,yes,yes,2.108163,1.231915,Sometimes,no,1.808127,no,0.0,0.0,Sometimes,Automobile,Obesity_Type_I,0.2940298507462687
Female,0.19148936170212766,0.28301886792452846,0.31119402985074623,0.49470899470899476,yes,yes,1.518966,1.0,Sometimes,no,2.0,no,0.0,1.094046,no,Public_Transportation,Obesity_Type_I,0.3111940298507463
Female,0.23404255319148937,0.3207547169811322,0.31865671641791044,0.47883597883597895,yes,yes,2.260543,1.374791,Sometimes,no,1.947935,no,0.0,0.078607,no,Public_Transportation,Obesity_Type_I,0.3186567164179105
Female,0.6170212765957447,0.22641509433962304,0.32014925373134334,0.5343915343915345,yes,yes,2.522183,1.326982,Sometimes,no,1.872673,no,1.048507,0.0,no,Automobile,Obesity_Type_I,0.32014925373134334
Female,0.6382978723404256,0.2452830188679247,0.3134328358208955,0.5105820105820106,yes,yes,2.186322,2.900915,Sometimes,no,2.471033,no,0.256113,0.0,no,Automobile,Obesity_Type_I,0.31343283582089554
Female,0.6170212765957447,0.2452830188679247,0.32014925373134334,0.5211640211640213,yes,yes,2.76632,1.317884,Sometimes,no,1.889341,no,0.990642,0.0,no,Automobile,Obesity_Type_I,0.32014925373134334
Female,0.5531914893617021,0.22641509433962304,0.30671641791044774,0.5132275132275133,yes,yes,2.071622,2.977909,Sometimes,no,1.468297,no,0.0,0.0,no,Automobile,Obesity_Type_I,0.30671641791044774
Female,0.19148936170212766,0.3396226415094339,0.3208955223880597,0.4735449735449735,yes,yes,1.918251,1.355752,Sometimes,no,1.998108,no,0.0,1.382906,Sometimes,Public_Transportation,Obesity_Type_I,0.3208955223880597
Female,0.19148936170212766,0.3207547169811322,0.32313432835820893,0.4841269841269842,yes,yes,1.967061,1.0,Sometimes,no,2.548651,no,0.249264,1.516731,Sometimes,Public_Transportation,Obesity_Type_I,0.32313432835820893
Female,0.19148936170212766,0.30188679245283057,0.3253731343283582,0.49735449735449744,yes,yes,2.964419,1.0,Sometimes,no,2.977516,no,0.742113,2.0,Sometimes,Public_Transportation,Obesity_Type_I,0.3253731343283582
Female,0.19148936170212766,0.3396226415094339,0.3238805970149254,0.47883597883597895,yes,yes,2.640801,1.015488,Sometimes,no,2.022355,no,0.244749,0.289218,Sometimes,Public_Transportation,Obesity_Type_I,0.32388059701492544
Male,0.19148936170212766,0.5283018867924527,0.44029850746268656,0.5238095238095237,yes,yes,2.0,2.986172,Sometimes,no,2.364208,no,2.492402,1.632506,no,Public_Transportation,Obesity_Type_I,0.44029850746268656
Male,0.19148936170212766,0.5283018867924527,0.44328358208955226,0.5238095238095237,yes,yes,2.0,2.993623,Sometimes,no,2.326635,no,2.236586,1.529423,no,Public_Transportation,Obesity_Type_I,0.44328358208955226
Female,0.14893617021276595,0.37735849056603765,0.3664179104477611,0.5132275132275133,yes,yes,2.870152,1.001383,Sometimes,no,3.0,no,1.322558,1.0,no,Public_Transportation,Obesity_Type_I,0.3664179104477612
Female,0.14893617021276595,0.37735849056603765,0.3656716417910448,0.5105820105820106,yes,yes,2.482575,1.001542,Sometimes,no,3.0,no,1.751656,1.0,no,Public_Transportation,Obesity_Type_I,0.3656716417910448
Female,0.19148936170212766,0.4150943396226414,0.3507462686567164,0.4735449735449735,yes,yes,2.290095,2.590283,Sometimes,no,2.506296,no,0.312254,1.0,no,Public_Transportation,Obesity_Type_I,0.35074626865671643
Female,0.19148936170212766,0.4150943396226414,0.3477611940298507,0.46825396825396826,yes,yes,2.074843,1.773916,Sometimes,no,2.428271,no,0.035091,1.0,no,Public_Transportation,Obesity_Type_I,0.34776119402985073
Female,0.19148936170212766,0.30188679245283057,0.3373134328358209,0.5132275132275133,yes,yes,2.14128,2.989112,Sometimes,no,2.519841,no,2.11137,0.013483,no,Public_Transportation,Obesity_Type_I,0.33731343283582094
Female,0.19148936170212766,0.37735849056603765,0.3365671641791044,0.4735449735449735,yes,yes,2.334474,1.496776,Sometimes,no,2.776724,no,0.782416,0.167728,no,Public_Transportation,Obesity_Type_I,0.3365671641791044
Female,0.5319148936170213,0.15094339622641506,0.2880597014925373,0.5291005291005292,yes,yes,2.0,3.0,Sometimes,no,1.186996,no,0.0,0.0,Sometimes,Automobile,Obesity_Type_I,0.2880597014925373
Female,0.4893617021276596,0.1320754716981134,0.2776119402985075,0.5238095238095237,yes,yes,2.0,2.994046,Sometimes,no,1.603549,no,1.335857,0.0,Sometimes,Automobile,Obesity_Type_I,0.2776119402985075
Male,0.19148936170212766,0.4716981132075473,0.41791044776119396,0.5238095238095237,yes,yes,2.0,3.0,Sometimes,no,2.133469,no,1.030199,1.082838,no,Public_Transportation,Obesity_Type_I,0.417910447761194
Male,0.19148936170212766,0.509433962264151,0.4156716417910448,0.5,yes,yes,2.0,3.0,Sometimes,no,2.183149,no,1.932386,0.212767,no,Public_Transportation,Obesity_Type_I,0.4156716417910448
Male,0.19148936170212766,0.6037735849056602,0.4261194029850746,0.46825396825396826,yes,yes,2.0,3.0,Sometimes,no,3.0,no,3.0,2.0,no,Public_Transportation,Obesity_Type_I,0.42611940298507456
Male,0.21276595744680848,0.6226415094339623,0.43880597014925365,0.47619047619047616,yes,yes,2.0,3.0,Sometimes,no,3.0,no,3.0,2.0,no,Public_Transportation,Obesity_Type_I,0.4388059701492537
Female,0.17021276595744683,0.35849056603773555,0.3664179104477611,0.5185185185185186,yes,yes,2.693859,1.000283,Sometimes,no,3.0,no,1.201403,1.612432,no,Public_Transportation,Obesity_Type_I,0.3664179104477612
Female,0.14893617021276595,0.35849056603773555,0.3664179104477611,0.5211640211640213,yes,yes,2.607747,1.000414,Sometimes,no,3.0,no,1.269169,1.460564,no,Public_Transportation,Obesity_Type_I,0.3664179104477612
Female,0.08510638297872342,0.35849056603773555,0.321641791044776,0.46031746031746035,yes,yes,2.66889,3.0,Sometimes,no,1.172593,no,0.886448,1.252677,no,Public_Transportation,Obesity_Type_I,0.3216417910447761
Female,0.10638297872340424,0.37735849056603765,0.3208955223880597,0.45238095238095244,yes,yes,3.0,3.0,Sometimes,no,1.0,no,0.215187,1.195929,no,Public_Transportation,Obesity_Type_I,0.3208955223880597
Male,0.25531914893617025,0.6226415094339623,0.5037313432835822,0.5476190476190477,yes,yes,3.0,3.0,Sometimes,no,1.911379,no,1.911096,1.032392,Sometimes,Public_Transportation,Obesity_Type_I,0.503731343283582
Male,0.25531914893617025,0.6792452830188682,0.5119402985074626,0.5211640211640213,yes,yes,2.921225,3.0,Sometimes,no,2.869439,no,0.181753,0.133523,Sometimes,Public_Transportation,Obesity_Type_I,0.5119402985074627
Female,0.5531914893617021,0.20754716981132093,0.2880597014925373,0.5,yes,yes,2.0,3.0,Sometimes,no,1.572371,no,0.0,0.0,Sometimes,Automobile,Obesity_Type_I,0.2880597014925373
Female,0.5106382978723404,0.20754716981132093,0.28880597014925374,0.5052910052910053,yes,yes,2.0,3.0,Sometimes,no,1.440629,no,0.0,0.0,Sometimes,Automobile,Obesity_Type_I,0.28880597014925374
Male,0.21276595744680848,0.37735849056603765,0.3895522388059702,0.537037037037037,yes,yes,1.492834,3.0,Sometimes,no,1.005367,no,0.922739,0.733221,no,Automobile,Obesity_Type_I,0.3895522388059702
Male,0.19148936170212766,0.4339622641509435,0.3888059701492537,0.5105820105820106,yes,yes,1.220024,3.0,Sometimes,no,1.046254,no,0.520989,0.61599,no,Automobile,Obesity_Type_I,0.38880597014925367
Female,0.5106382978723404,0.18867924528301883,0.3059701492537313,0.5343915343915345,yes,yes,2.667676,1.135278,Sometimes,no,1.399629,no,1.648883,0.0,Sometimes,Automobile,Obesity_Type_I,0.30597014925373134
Female,0.5106382978723404,0.20754716981132093,0.3059701492537313,0.5264550264550264,yes,yes,2.569075,2.463113,Sometimes,no,1.567366,no,0.359134,0.0,Sometimes,Automobile,Obesity_Type_I,0.30597014925373134
Male,0.3829787234042553,0.4150943396226414,0.38059701492537307,0.507936507936508,yes,yes,2.949242,1.782109,Sometimes,no,2.210997,no,1.992719,0.0,Sometimes,Automobile,Obesity_Type_I,0.3805970149253731
Male,0.34042553191489366,0.4339622641509435,0.38059701492537307,0.5,yes,yes,2.104772,2.376374,Sometimes,no,2.218691,no,1.52184,0.0,Sometimes,Automobile,Obesity_Type_I,0.3805970149253731
Male,0.17021276595744683,0.3962264150943393,0.412686567164179,0.5555555555555556,yes,yes,2.0,2.976098,Sometimes,no,2.0,no,0.0,1.39322,no,Public_Transportation,Obesity_Type_I,0.41268656716417906
Male,0.17021276595744683,0.4150943396226414,0.4141791044776119,0.5529100529100529,yes,yes,2.0,2.968098,Sometimes,no,2.0,no,0.0,1.292476,no,Public_Transportation,Obesity_Type_I,0.4141791044776119
Male,0.5531914893617021,0.6415094339622645,0.45820895522388067,0.4894179894179894,yes,yes,2.871768,1.792695,Sometimes,no,2.691322,no,2.545707,0.903903,Frequently,Automobile,Obesity_Type_I,0.45820895522388067
Male,0.4893617021276596,0.6226415094339623,0.44626865671641786,0.4814814814814815,yes,yes,2.540949,1.116401,Sometimes,no,2.929123,no,2.787319,0.732881,Frequently,Automobile,Obesity_Type_I,0.4462686567164179
Male,0.19148936170212766,0.5660377358490565,0.4201492537313432,0.47883597883597895,yes,yes,2.0,3.0,Sometimes,no,2.530301,no,2.89118,1.287117,no,Public_Transportation,Obesity_Type_I,0.42014925373134326
Male,0.17021276595744683,0.509433962264151,0.44477611940298506,0.5396825396825397,yes,yes,2.0,2.984523,Sometimes,no,2.263551,no,2.819661,2.0,no,Public_Transportation,Obesity_Type_I,0.44477611940298506
Male,0.17021276595744683,0.5471698113207548,0.44179104477611936,0.5132275132275133,yes,yes,2.0,2.978103,Sometimes,no,2.668261,no,2.462269,1.402414,no,Public_Transportation,Obesity_Type_I,0.4417910447761194
Male,0.4893617021276596,0.6415094339622645,0.4649253731343283,0.4894179894179894,yes,yes,2.222282,1.578751,Sometimes,no,2.791604,no,2.352091,0.317846,Sometimes,Automobile,Obesity_Type_I,0.46492537313432836
Male,0.5106382978723404,0.6415094339622645,0.44925373134328356,0.47883597883597895,yes,yes,2.04516,1.874532,Sometimes,no,2.856521,no,2.005286,0.105408,Sometimes,Automobile,Obesity_Type_I,0.4492537313432836
Female,0.17021276595744683,0.30188679245283057,0.3343283582089552,0.5132275132275133,yes,yes,2.094184,2.735706,Sometimes,no,2.257922,no,2.230547,0.195339,no,Public_Transportation,Obesity_Type_I,0.3343283582089552
Female,0.19148936170212766,0.28301886792452846,0.3208955223880597,0.5,yes,yes,1.123672,1.014916,Sometimes,no,2.042078,no,1.846666,1.426103,no,Public_Transportation,Obesity_Type_I,0.3208955223880597
Female,0.17021276595744683,0.30188679245283057,0.32462686567164173,0.5026455026455027,yes,yes,2.049112,2.622055,Sometimes,no,2.280555,no,2.052896,0.896185,no,Public_Transportation,Obesity_Type_I,0.3246268656716418
Female,0.17021276595744683,0.30188679245283057,0.3238805970149254,0.5,yes,yes,1.880534,2.806566,Sometimes,no,2.313245,no,2.146778,0.196084,no,Public_Transportation,Obesity_Type_I,0.32388059701492544
Female,0.19148936170212766,0.3962264150943393,0.3253731343283582,0.4470899470899471,yes,yes,1.203754,1.355354,Sometimes,no,2.765593,no,0.128342,1.659476,Sometimes,Public_Transportation,Obesity_Type_I,0.3253731343283582
Female,0.19148936170212766,0.3962264150943393,0.32462686567164173,0.45238095238095244,yes,yes,2.73691,1.478334,Sometimes,no,2.677409,no,0.065264,0.40699,Sometimes,Public_Transportation,Obesity_Type_I,0.3246268656716418
Female,0.5319148936170213,0.18867924528301883,0.3059701492537313,0.537037037037037,yes,yes,2.736628,1.130751,Sometimes,no,1.385175,no,1.666965,0.0,Sometimes,Automobile,Obesity_Type_I,0.30597014925373134
Female,0.5744680851063829,0.18867924528301883,0.3059701492537313,0.537037037037037,yes,yes,2.0,1.099151,Sometimes,no,1.687611,no,1.874662,0.0,Sometimes,Automobile,Obesity_Type_I,0.30597014925373134
Female,0.5744680851063829,0.15094339622641506,0.3044776119402985,0.5582010582010583,yes,yes,2.0,3.0,Sometimes,no,1.0,no,0.0,0.0,Sometimes,Automobile,Obesity_Type_I,0.3044776119402985
Female,0.5319148936170213,0.1320754716981134,0.3044776119402985,0.5740740740740742,yes,yes,2.0,3.0,Sometimes,no,1.095134,no,0.0,0.0,Sometimes,Automobile,Obesity_Type_I,0.3044776119402985
Male,0.25531914893617025,0.3962264150943393,0.38059701492537307,0.5238095238095237,yes,yes,2.0,3.0,Sometimes,no,3.0,no,0.413643,0.920858,Sometimes,Automobile,Obesity_Type_I,0.3805970149253731
Male,0.276595744680851,0.4150943396226414,0.38059701492537307,0.5052910052910053,yes,yes,2.0,3.0,Sometimes,no,3.0,no,0.884935,0.12228,Sometimes,Automobile,Obesity_Type_I,0.3805970149253731
Female,0.21276595744680848,0.2452830188679247,0.29179104477611933,0.4814814814814815,yes,yes,2.0,1.0,Sometimes,no,2.0,no,0.057758,0.0,no,Public_Transportation,Obesity_Type_I,0.29179104477611933
Female,0.21276595744680848,0.20754716981132093,0.30970149253731344,0.5291005291005292,yes,yes,2.0,1.0,Sometimes,no,2.0,no,0.389717,0.0,no,Public_Transportation,Obesity_Type_I,0.30970149253731344
Male,0.14893617021276595,0.6226415094339623,0.47761194029850745,0.5132275132275133,yes,yes,2.0,3.0,Sometimes,no,1.618189,no,0.571648,0.0,no,Public_Transportation,Obesity_Type_I,0.47761194029850745
Male,0.17021276595744683,0.6226415094339623,0.48208955223880595,0.5264550264550264,yes,yes,2.121909,3.0,Sometimes,no,2.500556,no,1.20758,0.0,no,Public_Transportation,Obesity_Type_I,0.48208955223880595
Male,0.19148936170212766,0.5660377358490565,0.432089552238806,0.49735449735449744,yes,yes,2.0,3.0,Sometimes,no,2.714091,no,2.64102,1.224737,no,Public_Transportation,Obesity_Type_I,0.432089552238806
Male,0.17021276595744683,0.5471698113207548,0.4305970149253731,0.5,yes,yes,2.0,3.0,Sometimes,no,2.697661,no,2.614909,1.229474,no,Public_Transportation,Obesity_Type_I,0.43059701492537317
Female,0.19148936170212766,0.22641509433962304,0.2985074626865672,0.5026455026455027,yes,yes,2.0,1.0,Sometimes,no,2.0,no,0.402614,0.0,no,Public_Transportation,Obesity_Type_I,0.29850746268656714
Female,0.21276595744680848,0.2641509433962268,0.3104477611940298,0.5,yes,yes,2.0,1.0,Sometimes,no,2.0,no,0.011477,0.0,no,Public_Transportation,Obesity_Type_I,0.3104477611940298
Male,0.14893617021276595,0.6603773584905661,0.4977611940298507,0.5158730158730159,yes,yes,2.0,3.0,Sometimes,no,2.290368,no,0.001086,0.544128,Sometimes,Public_Transportation,Obesity_Type_I,0.49776119402985075
Male,0.14893617021276595,0.6415094339622645,0.49701492537313424,0.5264550264550264,yes,yes,2.0,3.0,Sometimes,no,1.025275,no,0.00203,0.175587,Sometimes,Public_Transportation,Obesity_Type_I,0.4970149253731343
Male,0.17021276595744683,0.7924528301886795,0.571641791044776,0.5291005291005292,yes,yes,2.0,2.358455,Sometimes,no,2.515765,no,0.98232,1.157466,Sometimes,Public_Transportation,Obesity_Type_I,0.5716417910447761
Male,0.08510638297872342,0.7735849056603774,0.5388059701492538,0.507936507936508,yes,yes,2.0,1.706551,Sometimes,no,2.039514,no,1.0,2.0,Sometimes,Public_Transportation,Obesity_Type_I,0.5388059701492538
Female,0.08510638297872342,0.4528301886792452,0.38059701492537307,0.48677248677248675,yes,yes,2.642744,3.0,Sometimes,no,1.904054,no,1.645654,0.363549,Sometimes,Public_Transportation,Obesity_Type_I,0.3805970149253731
Female,0.08510638297872342,0.4339622641509435,0.3873134328358209,0.5052910052910053,yes,yes,2.387426,3.0,Sometimes,no,1.77962,no,0.743005,0.920162,Sometimes,Public_Transportation,Obesity_Type_I,0.3873134328358209
Female,0.12765957446808512,0.5471698113207548,0.4097014925373134,0.47883597883597895,yes,yes,1.996638,3.0,Sometimes,no,1.033199,no,0.584793,0.518297,Sometimes,Public_Transportation,Obesity_Type_I,0.40970149253731347
Female,0.08510638297872342,0.4528301886792452,0.3992537313432835,0.507936507936508,yes,yes,2.107854,3.0,Sometimes,no,1.383894,no,1.030526,0.831412,Sometimes,Public_Transportation,Obesity_Type_I,0.39925373134328357
Male,0.17021276595744683,0.6415094339622645,0.4932835820895522,0.5264550264550264,yes,yes,2.253707,3.0,Sometimes,no,2.524432,no,0.58216,0.175694,Sometimes,Public_Transportation,Obesity_Type_I,0.4932835820895522
Male,0.19148936170212766,0.5471698113207548,0.49253731343283574,0.5714285714285715,yes,yes,2.393837,3.0,Sometimes,no,2.01499,no,0.978815,0.41322,Sometimes,Public_Transportation,Obesity_Type_I,0.4925373134328358
Male,0.17021276595744683,0.6603773584905661,0.5022388059701492,0.5211640211640213,yes,yes,2.348745,3.0,Sometimes,no,2.096751,no,0.544564,0.67688,Sometimes,Public_Transportation,Obesity_Type_I,0.5022388059701492
Male,0.19148936170212766,0.6037735849056602,0.49999999999999994,0.544973544973545,yes,yes,2.312825,3.0,Sometimes,no,2.073497,no,0.614466,0.579541,Sometimes,Public_Transportation,Obesity_Type_I,0.5
Male,0.14893617021276595,0.6226415094339623,0.49253731343283574,0.5291005291005292,yes,yes,2.0,3.0,Sometimes,no,1.234943,no,0.008368,0.0,Sometimes,Public_Transportation,Obesity_Type_I,0.4925373134328358
Male,0.14893617021276595,0.6226415094339623,0.4768656716417911,0.5158730158730159,yes,yes,2.0,3.0,Sometimes,no,1.613829,no,1.251665,0.0,Sometimes,Public_Transportation,Obesity_Type_I,0.4768656716417911
Male,0.17021276595744683,0.6415094339622645,0.5022388059701492,0.5343915343915345,yes,yes,2.490776,3.0,Sometimes,no,2.654517,no,0.112454,0.756339,Sometimes,Public_Transportation,Obesity_Type_I,0.5022388059701492
Male,0.17021276595744683,0.6981132075471699,0.4962686567164179,0.5,yes,yes,2.078082,3.0,Sometimes,no,2.895614,no,0.06275,0.261793,Sometimes,Public_Transportation,Obesity_Type_I,0.4962686567164179
Male,0.08510638297872342,0.6792452830188682,0.5208955223880596,0.537037037037037,yes,yes,2.0,1.24884,Sometimes,no,2.416213,no,1.0,1.546738,no,Public_Transportation,Obesity_Type_I,0.5208955223880597
Male,0.08510638297872342,0.6792452830188682,0.5208955223880596,0.5343915343915345,yes,yes,2.0,1.250548,Sometimes,no,2.121176,no,1.0,0.741069,no,Public_Transportation,Obesity_Type_I,0.5208955223880597
Male,0.08510638297872342,0.6792452830188682,0.5216417910447761,0.5343915343915345,yes,yes,2.0,1.202179,Sometimes,no,2.36293,no,1.0,1.47574,no,Public_Transportation,Obesity_Type_I,0.5216417910447761
Male,0.08510638297872342,0.6603773584905661,0.5216417910447761,0.544973544973545,yes,yes,2.0,1.194815,Sometimes,no,2.434832,no,1.0,1.541455,no,Public_Transportation,Obesity_Type_I,0.5216417910447761
Female,0.10638297872340424,0.3396226415094339,0.3208955223880597,0.47089947089947093,yes,yes,2.805512,2.880817,Sometimes,no,1.001307,no,0.0,1.376597,Sometimes,Public_Transportation,Obesity_Type_I,0.3208955223880597
Female,0.10638297872340424,0.3207547169811322,0.32761194029850743,0.48677248677248675,yes,yes,1.276858,2.918124,Sometimes,no,1.403784,no,0.552511,1.560402,Sometimes,Public_Transportation,Obesity_Type_I,0.3276119402985075
Female,0.19148936170212766,0.3207547169811322,0.31567164179104473,0.47619047619047616,yes,yes,2.396265,1.073421,Sometimes,no,1.979833,no,0.022598,0.061282,no,Public_Transportation,Obesity_Type_I,0.31567164179104473
Female,0.19148936170212766,0.3207547169811322,0.3253731343283582,0.4920634920634921,yes,yes,2.663866,1.416309,Sometimes,no,2.379275,no,0.256323,0.598244,no,Public_Transportation,Obesity_Type_I,0.3253731343283582
Male,0.17021276595744683,0.6037735849056602,0.49253731343283574,0.5423280423280423,yes,yes,2.685484,3.0,Sometimes,no,2.649459,no,1.0,0.0,Sometimes,Public_Transportation,Obesity_Type_I,0.4925373134328358
Male,0.17021276595744683,0.6792452830188682,0.4977611940298507,0.5132275132275133,yes,yes,2.055209,3.0,Sometimes,no,2.885852,no,0.903369,0.14451,Sometimes,Public_Transportation,Obesity_Type_I,0.49776119402985075
Male,0.14893617021276595,0.8113207547169807,0.585820895522388,0.5317460317460319,yes,yes,2.0,2.18162,Sometimes,no,2.325091,no,0.891444,1.223661,Sometimes,Public_Transportation,Obesity_Type_I,0.585820895522388
Male,0.12765957446808512,0.8113207547169807,0.551492537313433,0.5026455026455027,yes,yes,2.0,2.152733,Sometimes,no,2.53369,no,0.917563,1.285838,Sometimes,Public_Transportation,Obesity_Type_I,0.5514925373134328
Male,0.17021276595744683,0.9056603773584904,0.5910447761194031,0.49470899470899476,yes,yes,2.0,3.0,Sometimes,no,3.0,no,0.743593,1.0,Sometimes,Public_Transportation,Obesity_Type_I,0.591044776119403
Male,0.14893617021276595,0.7735849056603774,0.5701492537313433,0.537037037037037,yes,yes,2.0,3.0,Sometimes,no,3.0,no,0.987591,1.914531,Sometimes,Public_Transportation,Obesity_Type_I,0.5701492537313433
Female,0.5319148936170213,0.22641509433962304,0.3059701492537313,0.5185185185185186,yes,yes,2.025479,1.046144,Sometimes,no,1.941224,no,1.983265,0.0,Sometimes,Automobile,Obesity_Type_I,0.30597014925373134
Female,0.5106382978723404,0.22641509433962304,0.3059701492537313,0.5185185185185186,yes,yes,2.002564,1.974233,Sometimes,no,1.935398,no,1.649299,0.0,Sometimes,Automobile,Obesity_Type_I,0.30597014925373134
Female,0.5106382978723404,0.1320754716981134,0.2835820895522388,0.5423280423280423,yes,yes,2.0,2.880794,Sometimes,no,1.61837,no,0.120165,0.0,Sometimes,Automobile,Obesity_Type_I,0.2835820895522388
Female,0.4893617021276596,0.18867924528301883,0.27686567164179093,0.49470899470899476,yes,yes,2.0,2.765213,Sometimes,no,1.551266,no,1.350001,0.0,Sometimes,Automobile,Obesity_Type_I,0.276865671641791
Male,0.10638297872340424,0.49056603773584895,0.42985074626865666,0.5264550264550264,yes,yes,2.0,2.967089,Sometimes,no,2.0,no,0.0,0.467048,no,Public_Transportation,Obesity_Type_I,0.42985074626865666
Male,0.06382978723404253,0.509433962264151,0.43582089552238806,0.5238095238095237,yes,yes,2.0,3.0,Sometimes,no,2.0,no,0.0,0.931721,no,Public_Transportation,Obesity_Type_I,0.4358208955223881
Female,0.5319148936170213,0.20754716981132093,0.28134328358208954,0.48677248677248675,yes,yes,2.0,3.0,Sometimes,no,1.440526,no,0.0,0.0,Sometimes,Automobile,Obesity_Type_I,0.2813432835820896
Female,0.4893617021276596,0.09433962264150964,0.27089552238805964,0.537037037037037,yes,yes,2.0,3.0,Sometimes,no,1.759803,no,0.0,0.0,Sometimes,Automobile,Obesity_Type_I,0.2708955223880597
Female,0.5744680851063829,0.16981132075471717,0.28432835820895513,0.5105820105820106,yes,yes,2.0,3.0,Sometimes,no,2.090413,no,0.0,0.0,Sometimes,Automobile,Obesity_Type_I,0.2843283582089552
Female,0.6382978723404256,0.2641509433962268,0.2835820895522388,0.46031746031746035,yes,yes,2.0,3.0,Sometimes,no,2.806922,no,0.0,0.0,Sometimes,Automobile,Obesity_Type_I,0.2835820895522388
Male,0.08510638297872342,0.6415094339622645,0.5149253731343284,0.5502645502645502,yes,yes,2.0,2.37985,Sometimes,no,2.616138,no,1.0,0.652485,no,Public_Transportation,Obesity_Type_I,0.5149253731343284
Male,0.08510638297872342,0.6226415094339623,0.5149253731343284,0.5555555555555556,yes,yes,2.0,2.655265,Sometimes,no,2.297896,no,1.0,0.552665,no,Public_Transportation,Obesity_Type_I,0.5149253731343284
Male,0.08510638297872342,0.6603773584905661,0.5171641791044777,0.5423280423280423,yes,yes,2.0,1.941307,Sometimes,no,2.708168,no,1.0,1.425852,no,Public_Transportation,Obesity_Type_I,0.5171641791044775
Male,0.08510638297872342,0.6603773584905661,0.5171641791044777,0.537037037037037,yes,yes,2.0,1.709546,Sometimes,no,2.530157,no,1.0,0.6454,no,Public_Transportation,Obesity_Type_I,0.5171641791044775
Male,0.3191489361702128,0.6603773584905661,0.5164179104477611,0.537037037037037,yes,yes,2.385502,2.883984,Sometimes,no,2.140544,no,1.144876,1.767468,Sometimes,Automobile,Obesity_Type_I,0.5164179104477612
Male,0.2978723404255319,0.716981132075472,0.5082089552238804,0.5026455026455027,yes,yes,2.465575,2.935381,Sometimes,no,2.480555,no,1.00183,1.670313,Sometimes,Automobile,Obesity_Type_I,0.5082089552238805
Female,0.08510638297872342,0.4528301886792452,0.3798507462686567,0.48677248677248675,yes,yes,2.818502,3.0,Sometimes,no,1.991251,no,1.492967,0.0,no,Public_Transportation,Obesity_Type_I,0.3798507462686568
Female,0.08510638297872342,0.4150943396226414,0.3477611940298507,0.46825396825396826,yes,yes,2.081238,3.0,Sometimes,no,1.18363,no,1.17177,0.0,no,Public_Transportation,Obesity_Type_I,0.34776119402985073
Male,0.19148936170212766,0.37735849056603765,0.4052238805970149,0.5608465608465609,yes,yes,1.368978,3.0,Sometimes,no,1.953152,no,0.104707,0.22183,no,Automobile,Obesity_Type_I,0.4052238805970149
Male,0.21276595744680848,0.3962264150943393,0.385820895522388,0.5264550264550264,yes,yes,1.712848,3.0,Sometimes,no,1.162153,no,0.458981,0.885532,no,Automobile,Obesity_Type_I,0.3858208955223881
Male,0.3191489361702128,0.35849056603773555,0.3761194029850747,0.5343915343915345,yes,yes,1.3307,3.0,Sometimes,no,1.880967,no,0.322013,0.0,Sometimes,Automobile,Obesity_Type_I,0.3761194029850747
Male,0.2978723404255319,0.4150943396226414,0.38059701492537307,0.5052910052910053,yes,yes,1.961069,3.0,Sometimes,no,2.652327,no,0.56931,0.319008,Sometimes,Automobile,Obesity_Type_I,0.3805970149253731
Female,0.08510638297872342,0.3207547169811322,0.3291044776119402,0.49735449735449744,yes,yes,2.976509,3.0,Sometimes,no,1.022705,no,1.02569,0.313016,no,Public_Transportation,Obesity_Type_I,0.3291044776119403
Female,0.08510638297872342,0.28301886792452846,0.3238805970149254,0.5052910052910053,yes,yes,2.319648,3.0,Sometimes,no,1.107164,no,0.692123,0.30402,no,Public_Transportation,Obesity_Type_I,0.32388059701492544
Male,0.14893617021276595,0.4716981132075473,0.4305970149253731,0.5396825396825397,yes,yes,2.0,2.961192,Sometimes,no,2.623344,no,0.981686,1.35537,no,Public_Transportation,Obesity_Type_I,0.43059701492537317
Male,0.14893617021276595,0.49056603773584895,0.41791044776119396,0.5158730158730159,yes,yes,2.0,2.973476,Sometimes,no,2.0,no,0.0,1.331527,no,Public_Transportation,Obesity_Type_I,0.417910447761194
Male,0.12765957446808512,0.4716981132075473,0.44477611940298506,0.5608465608465609,yes,yes,2.0,2.392811,Sometimes,no,2.0,no,0.0,1.80931,no,Public_Transportation,Obesity_Type_I,0.44477611940298506
Male,0.14893617021276595,0.49056603773584895,0.4544776119402985,0.5634920634920635,yes,yes,2.0,1.293342,Sometimes,no,2.0,no,0.0,1.917679,no,Public_Transportation,Obesity_Type_I,0.45447761194029856
Female,0.10638297872340424,0.30188679245283057,0.3223880597014926,0.4920634920634921,yes,yes,1.261288,2.930044,Sometimes,no,1.166655,no,0.133398,0.95174,no,Public_Transportation,Obesity_Type_I,0.32238805970149254
Female,0.10638297872340424,0.30188679245283057,0.3208955223880597,0.49735449735449744,yes,yes,2.76533,3.0,Sometimes,no,1.048584,no,0.192559,0.720411,no,Public_Transportation,Obesity_Type_I,0.3208955223880597
Male,0.10638297872340424,0.6603773584905661,0.48805970149253736,0.5052910052910053,yes,yes,2.0,3.0,Sometimes,no,3.0,no,2.2405,0.0,no,Public_Transportation,Obesity_Type_I,0.48805970149253736
Male,0.12765957446808512,0.6415094339622645,0.48656716417910445,0.5211640211640213,yes,yes,2.0,3.0,Sometimes,no,2.15157,no,1.605983,0.0,no,Public_Transportation,Obesity_Type_I,0.4865671641791045
Male,0.34042553191489366,0.5849056603773586,0.5470149253731342,0.6190476190476191,yes,yes,2.317734,3.0,Sometimes,no,2.152736,no,0.0,1.108145,no,Automobile,Obesity_Type_II,0.5470149253731343
Male,0.23404255319148937,0.6415094339622645,0.567910447761194,0.6084656084656085,yes,yes,1.588114,3.0,Sometimes,no,2.115967,no,1.541072,0.0,no,Automobile,Obesity_Type_II,0.567910447761194
Male,0.4893617021276596,0.4716981132075473,0.5141791044776121,0.6375661375661377,yes,yes,2.549782,3.985442,Sometimes,no,1.0,no,1.976582,0.0,no,Public_Transportation,Obesity_Type_II,0.514179104477612
Male,0.4042553191489362,0.4716981132075473,0.47611940298507455,0.6031746031746031,yes,yes,2.795086,2.129909,Sometimes,no,1.0,no,1.989316,0.0,no,Public_Transportation,Obesity_Type_II,0.4761194029850746
Male,0.2978723404255319,0.8679245283018866,0.6701492537313434,0.5925925925925926,yes,yes,2.206276,3.0,Sometimes,no,1.813082,no,1.94984,0.0,Sometimes,Public_Transportation,Obesity_Type_II,0.6701492537313434
Male,0.34042553191489366,0.6981132075471699,0.6201492537313431,0.6322751322751323,yes,yes,2.0,3.0,Sometimes,no,1.984323,no,0.793262,0.0,Sometimes,Public_Transportation,Obesity_Type_II,0.6201492537313432
Male,0.276595744680851,0.6037735849056602,0.5910447761194031,0.6507936507936509,yes,no,2.18354,3.0,Sometimes,no,2.277937,no,0.68183,0.0,Sometimes,Automobile,Obesity_Type_II,0.591044776119403
Male,0.42553191489361697,0.6037735849056602,0.6059701492537313,0.6666666666666667,yes,no,2.962415,3.0,Sometimes,no,2.172649,no,1.097905,0.0,Sometimes,Automobile,Obesity_Type_II,0.6059701492537314
Male,0.25531914893617025,0.6037735849056602,0.5761194029850747,0.6322751322751323,yes,yes,2.442536,3.0,Sometimes,no,2.174371,no,0.0,1.928972,Sometimes,Public_Transportation,Obesity_Type_II,0.5761194029850747
Male,0.2978723404255319,0.6415094339622645,0.55,0.5820105820105821,yes,yes,1.99124,3.0,Sometimes,no,2.0,no,0.0,0.292956,Sometimes,Public_Transportation,Obesity_Type_II,0.55
Male,0.2978723404255319,0.716981132075472,0.6111940298507463,0.6164021164021164,yes,yes,3.0,3.0,Sometimes,no,3.0,no,0.691369,1.415536,Sometimes,Public_Transportation,Obesity_Type_II,0.6111940298507463
Male,0.23404255319148937,0.8301886792452828,0.6141791044776119,0.5582010582010583,yes,yes,2.408561,3.0,Sometimes,no,2.851904,no,1.320065,0.0,Sometimes,Public_Transportation,Obesity_Type_II,0.6141791044776119
Male,0.36170212765957444,0.5660377358490565,0.6044776119402986,0.6931216931216932,yes,yes,2.758394,3.0,Sometimes,yes,2.174248,no,1.079524,1.358163,Sometimes,Automobile,Obesity_Type_II,0.6044776119402985
Male,0.36170212765957444,0.7924528301886795,0.6708955223880597,0.6269841269841271,yes,yes,2.956297,3.0,Sometimes,yes,1.2751,no,0.901924,1.875023,Sometimes,Automobile,Obesity_Type_II,0.6708955223880597
Male,0.23404255319148937,0.5849056603773586,0.5470149253731342,0.6190476190476191,yes,yes,1.369529,3.0,Sometimes,no,2.0,no,1.596576,0.0026,Sometimes,Public_Transportation,Obesity_Type_II,0.5470149253731343
Male,0.23404255319148937,0.5849056603773586,0.5843283582089551,0.6613756613756614,yes,yes,1.392665,3.0,Sometimes,no,2.0,no,1.097983,0.630866,Sometimes,Public_Transportation,Obesity_Type_II,0.5843283582089552
Male,0.5744680851063829,0.5660377358490565,0.5791044776119403,0.6640211640211642,yes,yes,2.0,2.831771,Sometimes,no,1.725226,no,0.356288,0.0,Sometimes,Automobile,Obesity_Type_II,0.5791044776119403
Male,0.2978723404255319,0.4716981132075473,0.46716417910447755,0.5820105820105821,yes,yes,2.630401,1.0,Sometimes,no,1.0,no,0.245354,0.315261,Sometimes,Automobile,Obesity_Type_II,0.46716417910447755
Male,0.19148936170212766,0.7547169811320757,0.6149253731343283,0.5952380952380952,yes,yes,3.0,2.595126,Sometimes,no,2.054072,no,0.835271,0.0,Sometimes,Public_Transportation,Obesity_Type_II,0.6149253731343284
Male,0.19148936170212766,0.7358490566037736,0.6194029850746268,0.6084656084656085,yes,yes,3.0,2.52751,Sometimes,no,1.645338,no,1.025438,0.0,Sometimes,Public_Transportation,Obesity_Type_II,0.6194029850746269
Male,0.21276595744680848,0.30188679245283057,0.4440298507462686,0.656084656084656,yes,yes,3.0,2.120936,Sometimes,no,1.0,no,1.543386,0.890213,no,Public_Transportation,Obesity_Type_II,0.44402985074626866
Male,0.12765957446808512,0.37735849056603765,0.5037313432835822,0.6931216931216932,yes,yes,2.869778,1.468948,Sometimes,no,1.656082,no,0.0,1.444033,no,Public_Transportation,Obesity_Type_II,0.503731343283582
Male,0.34042553191489366,0.5849056603773586,0.544776119402985,0.6137566137566138,yes,yes,1.868212,3.0,Sometimes,no,2.023328,no,0.0,0.613992,Sometimes,Automobile,Obesity_Type_II,0.5447761194029851
Male,0.23404255319148937,0.5849056603773586,0.5455223880597013,0.6164021164021164,yes,yes,1.108663,3.0,Sometimes,no,2.0,no,1.230219,0.001716,Sometimes,Automobile,Obesity_Type_II,0.5455223880597014
Male,0.36170212765957444,0.4150943396226414,0.46716417910447755,0.6190476190476191,yes,yes,2.907744,3.990925,Sometimes,no,1.0,no,1.99975,0.0,no,Public_Transportation,Obesity_Type_II,0.46716417910447755
Male,0.3191489361702128,0.4150943396226414,0.4455223880597015,0.5978835978835979,yes,yes,2.95801,2.834253,Sometimes,no,1.0,no,1.999886,0.0,no,Public_Transportation,Obesity_Type_II,0.4455223880597015
Male,0.36170212765957444,0.8679245283018866,0.6783582089552238,0.5925925925925926,yes,yes,2.197261,3.0,Sometimes,no,1.11184,no,0.906843,0.976473,Sometimes,Public_Transportation,Obesity_Type_II,0.6783582089552239
Male,0.34042553191489366,0.8490566037735849,0.6365671641791044,0.5661375661375662,yes,yes,2.048962,3.0,Sometimes,no,2.822871,no,1.066169,0.0,Sometimes,Public_Transportation,Obesity_Type_II,0.6365671641791044
Male,0.3829787234042553,0.5660377358490565,0.5902985074626865,0.6772486772486774,yes,yes,2.139196,3.0,Sometimes,no,2.04843,no,0.368026,0.360986,Sometimes,Automobile,Obesity_Type_II,0.5902985074626865
Male,0.4893617021276596,0.5660377358490565,0.6000000000000001,0.6878306878306879,yes,yes,2.72989,3.0,Sometimes,no,2.030084,no,0.592607,0.754417,Sometimes,Automobile,Obesity_Type_II,0.6000000000000001
Male,0.17021276595744683,0.6037735849056602,0.5761194029850747,0.6322751322751323,yes,yes,2.0,3.0,Sometimes,no,2.0,no,1.399183,1.0,Sometimes,Public_Transportation,Obesity_Type_II,0.5761194029850747
Male,0.21276595744680848,0.6415094339622645,0.5753731343283581,0.6111111111111112,yes,yes,1.994679,3.0,Sometimes,no,2.0,no,0.966617,0.739006,Sometimes,Public_Transportation,Obesity_Type_II,0.5753731343283581
Male,0.21276595744680848,0.716981132075472,0.6111940298507463,0.6164021164021164,yes,yes,2.403421,3.0,Sometimes,no,2.490613,no,2.0,0.707768,Sometimes,Public_Transportation,Obesity_Type_II,0.6111940298507463
Male,0.23404255319148937,0.716981132075472,0.6119402985074627,0.6137566137566138,yes,yes,3.0,3.0,Sometimes,no,3.0,no,1.110215,0.396352,Sometimes,Public_Transportation,Obesity_Type_II,0.6119402985074627
Male,0.3829787234042553,0.6226415094339623,0.6134328358208956,0.6746031746031746,yes,yes,2.758394,3.0,Sometimes,no,2.161303,no,0.428173,0.716327,Sometimes,Automobile,Obesity_Type_II,0.6134328358208956
Male,0.36170212765957444,0.6037735849056602,0.5925373134328358,0.6587301587301588,yes,yes,2.964319,3.0,Sometimes,no,2.377257,no,0.614959,1.875023,Sometimes,Automobile,Obesity_Type_II,0.5925373134328359
Male,0.19148936170212766,0.5660377358490565,0.5850746268656717,0.6640211640211642,yes,yes,1.617093,3.0,Sometimes,no,2.0,no,1.818052,0.631825,Sometimes,Public_Transportation,Obesity_Type_II,0.5850746268656717
Male,0.19148936170212766,0.5660377358490565,0.5977611940298506,0.67989417989418,yes,yes,1.631144,3.0,Sometimes,no,2.0,no,1.593183,0.86374,Sometimes,Public_Transportation,Obesity_Type_II,0.5977611940298507
Male,0.5744680851063829,0.5660377358490565,0.5171641791044777,0.5925925925925926,yes,yes,2.317459,3.734323,Sometimes,no,1.0,no,1.628637,0.0,no,Automobile,Obesity_Type_II,0.5171641791044775
Male,0.44680851063829785,0.5283018867924527,0.4828358208955224,0.5687830687830688,yes,yes,2.501224,2.049565,Sometimes,no,1.0,no,1.746583,0.0,no,Automobile,Obesity_Type_II,0.4828358208955224
Male,0.17021276595744683,0.7547169811320757,0.6179104477611941,0.5978835978835979,yes,yes,3.0,2.272214,Sometimes,no,1.555534,no,0.348839,0.0,Sometimes,Public_Transportation,Obesity_Type_II,0.617910447761194
Male,0.17021276595744683,0.7547169811320757,0.621641791044776,0.6031746031746031,yes,yes,3.0,2.218285,Sometimes,no,1.340117,no,0.428259,0.0,Sometimes,Public_Transportation,Obesity_Type_II,0.6216417910447761
Male,0.21276595744680848,0.30188679245283057,0.45522388059701485,0.6825396825396826,yes,yes,3.0,1.418833,Sometimes,no,1.0,no,1.19102,1.384186,no,Public_Transportation,Obesity_Type_II,0.4552238805970149
Male,0.12765957446808512,0.30188679245283057,0.47910447761194025,0.7063492063492065,yes,yes,2.983042,1.109956,Sometimes,no,1.430444,no,0.0,1.690901,no,Public_Transportation,Obesity_Type_II,0.4791044776119403
Male,0.3191489361702128,0.5849056603773586,0.558955223880597,0.6269841269841271,yes,yes,2.323351,3.0,Sometimes,no,2.165048,no,0.0,1.493716,Sometimes,Automobile,Obesity_Type_II,0.558955223880597
Male,0.276595744680851,0.5849056603773586,0.5470149253731342,0.6190476190476191,yes,yes,1.428289,3.0,Sometimes,no,2.117733,no,0.485322,0.696948,Sometimes,Automobile,Obesity_Type_II,0.5470149253731343
Male,0.25531914893617025,0.6415094339622645,0.5701492537313433,0.6111111111111112,yes,yes,1.992889,3.0,Sometimes,no,2.141271,no,1.121038,0.0,Sometimes,Public_Transportation,Obesity_Type_II,0.5701492537313433
Male,0.23404255319148937,0.6037735849056602,0.5619402985074626,0.6269841269841271,yes,yes,1.562804,3.0,Sometimes,no,2.075493,no,1.553734,0.000436,Sometimes,Public_Transportation,Obesity_Type_II,0.5619402985074626
Male,0.36170212765957444,0.5283018867924527,0.5350746268656716,0.6402116402116403,yes,yes,1.794825,3.914454,Sometimes,no,1.972016,no,0.668963,0.0,no,Automobile,Obesity_Type_II,0.5350746268656716
Male,0.5744680851063829,0.5471698113207548,0.5291044776119402,0.6216931216931217,yes,yes,2.305349,3.169089,Sometimes,no,1.02161,no,0.908981,0.0,no,Automobile,Obesity_Type_II,0.5291044776119403
Male,0.42553191489361697,0.4716981132075473,0.48358208955223875,0.6058201058201058,yes,yes,2.576449,2.419656,Sometimes,no,1.0,no,1.982379,0.0,no,Public_Transportation,Obesity_Type_II,0.4835820895522388
Male,0.34042553191489366,0.4716981132075473,0.47761194029850745,0.5952380952380952,yes,yes,2.754645,2.175432,Sometimes,no,1.541733,no,0.358709,1.0739,no,Public_Transportation,Obesity_Type_II,0.47761194029850745
Male,0.36170212765957444,0.8679245283018866,0.6708955223880597,0.5925925925925926,yes,yes,2.633855,3.0,Sometimes,no,1.619305,no,1.847802,0.424612,Sometimes,Public_Transportation,Obesity_Type_II,0.6708955223880597
Male,0.3191489361702128,0.8679245283018866,0.6783582089552238,0.5978835978835979,yes,yes,2.200588,3.0,Sometimes,no,1.295697,no,1.058378,0.0,Sometimes,Public_Transportation,Obesity_Type_II,0.6783582089552239
Male,0.36170212765957444,0.6226415094339623,0.6089552238805969,0.6587301587301588,yes,yes,2.499108,3.0,Sometimes,no,2.040952,no,0.838739,0.489854,Sometimes,Automobile,Obesity_Type_II,0.608955223880597
Male,0.36170212765957444,0.6226415094339623,0.6082089552238805,0.6587301587301588,yes,yes,2.05687,3.0,Sometimes,no,2.358088,no,0.093418,1.759954,Sometimes,Automobile,Obesity_Type_II,0.6082089552238806
Male,0.276595744680851,0.7735849056603774,0.6059701492537313,0.5714285714285715,yes,yes,2.247795,3.0,Sometimes,no,2.816015,no,0.712726,0.0,Sometimes,Public_Transportation,Obesity_Type_II,0.6059701492537314
Male,0.276595744680851,0.6792452830188682,0.5917910447761194,0.6084656084656085,yes,yes,2.239634,3.0,Sometimes,no,2.684264,no,0.979306,0.0,Sometimes,Public_Transportation,Obesity_Type_II,0.5917910447761194
Male,0.4893617021276596,0.5660377358490565,0.5910447761194031,0.6772486772486774,yes,yes,2.09283,3.0,Sometimes,no,2.077704,no,0.598655,0.0,Sometimes,Automobile,Obesity_Type_II,0.591044776119403
Male,0.3191489361702128,0.6981132075471699,0.6074626865671642,0.6216931216931217,yes,yes,2.9673,3.0,Sometimes,no,2.530035,no,1.045107,0.947866,Sometimes,Automobile,Obesity_Type_II,0.6074626865671642
Male,0.25531914893617025,0.6037735849056602,0.5604477611940297,0.6243386243386244,yes,yes,2.225731,3.0,Sometimes,no,2.154326,no,1.266866,0.390178,Sometimes,Public_Transportation,Obesity_Type_II,0.5604477611940298
Male,0.23404255319148937,0.5849056603773586,0.5708955223880596,0.6402116402116403,yes,yes,2.178308,3.0,Sometimes,no,2.165804,no,1.420675,1.875683,Sometimes,Public_Transportation,Obesity_Type_II,0.5708955223880597
Male,0.34042553191489366,0.6226415094339623,0.5477611940298508,0.5952380952380952,yes,yes,2.065752,3.0,Sometimes,no,2.078297,no,0.0,0.677354,Sometimes,Automobile,Obesity_Type_II,0.5477611940298508
Male,0.276595744680851,0.6226415094339623,0.5522388059701493,0.5978835978835979,yes,yes,2.263245,3.0,Sometimes,no,2.092509,no,0.0,1.836853,Sometimes,Automobile,Obesity_Type_II,0.5522388059701493
Male,0.25531914893617025,0.7924528301886795,0.6111940298507463,0.5687830687830688,yes,yes,2.443538,3.0,Sometimes,no,2.939492,no,1.208142,0.738935,Sometimes,Public_Transportation,Obesity_Type_II,0.6111940298507463
Male,0.2978723404255319,0.6603773584905661,0.5977611940298506,0.6269841269841271,yes,yes,2.744994,3.0,Sometimes,no,2.478838,no,0.684487,0.677909,Sometimes,Public_Transportation,Obesity_Type_II,0.5977611940298507
Male,0.19148936170212766,0.8113207547169807,0.6141791044776119,0.5661375661375662,yes,yes,2.630137,2.806298,Sometimes,no,1.970508,no,1.304291,0.0,Sometimes,Public_Transportation,Obesity_Type_II,0.6141791044776119
Male,0.21276595744680848,0.6226415094339623,0.6089552238805969,0.6666666666666667,yes,yes,2.113843,3.0,Sometimes,no,2.316069,no,1.804157,0.357314,Sometimes,Public_Transportation,Obesity_Type_II,0.608955223880597
Male,0.3829787234042553,0.6037735849056602,0.6052238805970149,0.6746031746031746,yes,yes,2.821727,3.0,Sometimes,no,2.173279,no,1.096556,0.232858,Sometimes,Automobile,Obesity_Type_II,0.6052238805970149
Male,0.34042553191489366,0.5849056603773586,0.5925373134328358,0.6666666666666667,yes,yes,2.312528,3.0,Sometimes,no,2.208068,no,1.07672,1.035711,Sometimes,Automobile,Obesity_Type_II,0.5925373134328359
Male,0.36170212765957444,0.6981132075471699,0.6529850746268657,0.6613756613756614,yes,yes,2.938801,3.0,Sometimes,yes,1.478994,no,0.946763,1.360463,Sometimes,Public_Transportation,Obesity_Type_II,0.6529850746268657
Male,0.36170212765957444,0.7924528301886795,0.6425373134328358,0.6031746031746031,yes,yes,2.050619,3.0,Sometimes,yes,1.515183,no,0.849811,0.261901,Sometimes,Public_Transportation,Obesity_Type_II,0.6425373134328358
Male,0.23404255319148937,0.6037735849056602,0.553731343283582,0.6111111111111112,yes,yes,1.457758,3.0,Sometimes,no,2.020249,no,1.556709,0.00133,Sometimes,Public_Transportation,Obesity_Type_II,0.5537313432835821
Male,0.25531914893617025,0.6037735849056602,0.5604477611940297,0.6164021164021164,yes,yes,2.19331,3.0,Sometimes,no,2.089983,no,1.360994,0.857438,Sometimes,Public_Transportation,Obesity_Type_II,0.5604477611940298
Male,0.23404255319148937,0.7735849056603774,0.5865671641791044,0.5555555555555556,yes,yes,2.028571,3.0,Sometimes,no,2.530428,no,1.31257,0.066805,Sometimes,Public_Transportation,Obesity_Type_II,0.5865671641791045
Male,0.23404255319148937,0.716981132075472,0.5925373134328358,0.5899470899470899,yes,yes,1.455602,3.0,Sometimes,no,2.363307,no,1.144683,0.101026,Sometimes,Public_Transportation,Obesity_Type_II,0.5925373134328359
Male,0.5319148936170213,0.6037735849056602,0.5932835820895521,0.6613756613756614,yes,yes,2.177896,2.987652,Sometimes,no,1.745095,no,0.656548,0.0,Sometimes,Automobile,Obesity_Type_II,0.5932835820895522
Male,0.5319148936170213,0.6037735849056602,0.5843283582089551,0.6455026455026455,yes,yes,2.252382,2.842848,Sometimes,no,1.879381,no,0.919388,0.0,Sometimes,Automobile,Obesity_Type_II,0.5843283582089552
Male,0.25531914893617025,0.4150943396226414,0.4828358208955224,0.634920634920635,yes,yes,2.668949,1.134321,Sometimes,no,1.279443,no,0.11243,1.135503,no,Public_Transportation,Obesity_Type_II,0.4828358208955224
Male,0.3829787234042553,0.4716981132075473,0.4753731343283582,0.5925925925925926,yes,yes,2.723953,1.924168,Sometimes,no,1.0,no,1.622055,0.069367,no,Public_Transportation,Obesity_Type_II,0.4753731343283582
Male,0.19148936170212766,0.7358490566037736,0.612686567164179,0.6005291005291007,yes,yes,3.0,2.701689,Sometimes,no,2.738485,no,0.992253,0.0,Sometimes,Public_Transportation,Obesity_Type_II,0.612686567164179
Male,0.21276595744680848,0.6226415094339623,0.594776119402985,0.6481481481481481,yes,yes,2.736298,2.992903,Sometimes,no,2.045561,no,0.854957,0.428452,Sometimes,Public_Transportation,Obesity_Type_II,0.5947761194029851
Male,0.21276595744680848,0.7924528301886795,0.6179104477611941,0.5740740740740742,yes,yes,2.722161,2.658837,Sometimes,no,2.375707,no,1.299469,0.0,Sometimes,Public_Transportation,Obesity_Type_II,0.617910447761194
Male,0.19148936170212766,0.5849056603773586,0.6044776119402986,0.6851851851851851,yes,yes,2.971574,2.80742,Sometimes,no,1.962646,no,1.583832,0.504816,Sometimes,Public_Transportation,Obesity_Type_II,0.6044776119402985
Male,0.21276595744680848,0.3207547169811322,0.4619402985074627,0.6772486772486774,yes,yes,2.871016,1.834472,Sometimes,no,1.016585,no,0.236168,0.974939,no,Public_Transportation,Obesity_Type_II,0.4619402985074627
Male,0.36170212765957444,0.35849056603773555,0.45522388059701485,0.634920634920635,yes,yes,2.96405,2.123138,Sometimes,no,1.0,no,1.699181,0.620465,no,Public_Transportation,Obesity_Type_II,0.4552238805970149
Male,0.12765957446808512,0.4716981132075473,0.48955223880597004,0.6111111111111112,yes,yes,2.653721,1.265463,Sometimes,no,1.368457,no,0.218356,0.768071,no,Public_Transportation,Obesity_Type_II,0.4895522388059701
Male,0.23404255319148937,0.3962264150943393,0.4888059701492537,0.6613756613756614,yes,yes,2.859097,1.340361,Sometimes,no,1.530508,no,0.174475,1.261705,no,Public_Transportation,Obesity_Type_II,0.48880597014925375
Male,0.34042553191489366,0.5849056603773586,0.544776119402985,0.6137566137566138,yes,yes,1.572036,3.0,Sometimes,no,2.003563,no,0.0,0.340196,Sometimes,Automobile,Obesity_Type_II,0.5447761194029851
Male,0.34042553191489366,0.5849056603773586,0.5455223880597013,0.6164021164021164,yes,yes,1.387489,3.0,Sometimes,no,2.017712,no,0.0,0.731257,Sometimes,Automobile,Obesity_Type_II,0.5455223880597014
Male,0.21276595744680848,0.3207547169811322,0.45522388059701485,0.6613756613756614,yes,yes,2.941929,3.989492,Sometimes,no,1.014135,no,1.958694,0.687342,no,Public_Transportation,Obesity_Type_II,0.4552238805970149
Male,0.23404255319148937,0.3207547169811322,0.43731343283582086,0.634920634920635,yes,yes,2.973569,2.650088,Sometimes,no,1.003063,no,1.981154,0.157007,no,Public_Transportation,Obesity_Type_II,0.43731343283582086
Male,0.34042553191489366,0.8867924528301887,0.6791044776119404,0.5899470899470899,yes,yes,2.041376,3.0,Sometimes,no,1.120213,no,1.05545,0.0,Sometimes,Public_Transportation,Obesity_Type_II,0.6791044776119403
Male,0.34042553191489366,0.8679245283018866,0.6731343283582087,0.5899470899470899,yes,yes,2.02472,3.0,Sometimes,no,1.800335,no,1.196368,0.0,Sometimes,Public_Transportation,Obesity_Type_II,0.6731343283582089
Male,0.4893617021276596,0.5660377358490565,0.5902985074626865,0.6772486772486774,yes,yes,2.133964,3.0,Sometimes,no,2.008361,no,0.202029,0.200516,Sometimes,Automobile,Obesity_Type_II,0.5902985074626865
Male,0.5319148936170213,0.5660377358490565,0.5970149253731343,0.6851851851851851,yes,yes,2.702457,3.0,Sometimes,no,2.005194,no,0.325313,0.419055,Sometimes,Automobile,Obesity_Type_II,0.5970149253731343
Male,0.19148936170212766,0.6226415094339623,0.5574626865671641,0.6005291005291007,yes,yes,1.760038,3.0,Sometimes,no,2.003531,no,1.089061,0.072264,Sometimes,Public_Transportation,Obesity_Type_II,0.5574626865671642
Male,0.19148936170212766,0.6415094339622645,0.5761194029850747,0.6137566137566138,yes,yes,1.996646,3.0,Sometimes,no,2.0,no,1.600536,0.739684,Sometimes,Public_Transportation,Obesity_Type_II,0.5761194029850747
Male,0.23404255319148937,0.716981132075472,0.6119402985074627,0.6111111111111112,yes,yes,2.644094,3.0,Sometimes,no,2.740525,no,2.0,0.500936,Sometimes,Public_Transportation,Obesity_Type_II,0.6119402985074627
Male,0.23404255319148937,0.6603773584905661,0.6119402985074627,0.6481481481481481,yes,yes,2.475892,3.0,Sometimes,no,2.949356,no,1.866839,0.100048,Sometimes,Public_Transportation,Obesity_Type_II,0.6119402985074627
Male,0.3829787234042553,0.5660377358490565,0.6044776119402986,0.6931216931216932,yes,yes,2.941627,3.0,Sometimes,no,2.318134,no,0.582686,1.588046,Sometimes,Automobile,Obesity_Type_II,0.6044776119402985
Male,0.3829787234042553,0.5849056603773586,0.5932835820895521,0.6666666666666667,yes,yes,2.998441,3.0,Sometimes,no,2.462916,no,0.554646,1.99219,Sometimes,Automobile,Obesity_Type_II,0.5932835820895522
Male,0.19148936170212766,0.716981132075472,0.6134328358208956,0.6190476190476191,yes,yes,2.397284,2.89292,Sometimes,no,1.983973,no,1.859667,0.0026,Sometimes,Public_Transportation,Obesity_Type_II,0.6134328358208956
Male,0.19148936170212766,0.7358490566037736,0.6074626865671642,0.5978835978835979,yes,yes,2.382705,2.938902,Sometimes,no,1.999278,no,1.686229,0.630866,Sometimes,Public_Transportation,Obesity_Type_II,0.6074626865671642
Male,0.5744680851063829,0.5660377358490565,0.5291044776119402,0.6058201058201058,yes,yes,2.176317,2.986637,Sometimes,no,1.015672,no,0.94141,0.0,no,Automobile,Obesity_Type_II,0.5291044776119403
Male,0.5744680851063829,0.5660377358490565,0.5731343283582089,0.656084656084656,yes,yes,2.0,2.701521,Sometimes,no,1.142644,no,0.514225,0.0,no,Automobile,Obesity_Type_II,0.573134328358209
Male,0.17021276595744683,0.7547169811320757,0.6201492537313431,0.6005291005291007,yes,yes,3.0,2.014671,Sometimes,no,1.292786,no,0.145687,0.0,Sometimes,Public_Transportation,Obesity_Type_II,0.6201492537313432
Male,0.17021276595744683,0.7547169811320757,0.6238805970149253,0.6031746031746031,yes,yes,3.0,1.971659,Sometimes,no,1.179254,no,0.178856,0.0,Sometimes,Public_Transportation,Obesity_Type_II,0.6238805970149254
Male,0.21276595744680848,0.30188679245283057,0.45970149253731335,0.6851851851851851,yes,yes,2.877743,1.311797,Sometimes,no,1.000463,no,0.182249,1.4312,no,Public_Transportation,Obesity_Type_II,0.4597014925373134
Male,0.21276595744680848,0.28301886792452846,0.45223880597014915,0.6825396825396826,yes,yes,3.0,1.262831,Sometimes,no,1.0,no,0.883171,1.382995,no,Public_Transportation,Obesity_Type_II,0.4522388059701492
Male,0.34042553191489366,0.6037735849056602,0.5485074626865671,0.6058201058201058,yes,yes,2.303041,3.0,Sometimes,no,2.065817,no,0.0,0.725222,Sometimes,Automobile,Obesity_Type_II,0.5485074626865671
Male,0.3191489361702128,0.5849056603773586,0.5477611940298508,0.6190476190476191,yes,yes,2.323003,3.0,Sometimes,no,2.155558,no,0.0,1.251554,Sometimes,Automobile,Obesity_Type_II,0.5477611940298508
Male,0.23404255319148937,0.6415094339622645,0.5671641791044777,0.6084656084656085,yes,yes,1.99953,3.0,Sometimes,no,2.111908,no,1.453042,0.849503,Sometimes,Public_Transportation,Obesity_Type_II,0.5671641791044776
Male,0.23404255319148937,0.6037735849056602,0.5664179104477611,0.6243386243386244,yes,yes,1.585183,3.0,Sometimes,no,2.101841,no,1.543961,7.3e-05,Sometimes,Public_Transportation,Obesity_Type_II,0.5664179104477612
Male,0.5531914893617021,0.509433962264151,0.5246268656716417,0.6322751322751323,yes,yes,2.281963,3.770379,Sometimes,no,1.0,no,1.330519,0.0,no,Automobile,Obesity_Type_II,0.5246268656716417
Male,0.42553191489361697,0.4716981132075473,0.5074626865671641,0.634920634920635,yes,yes,2.561638,2.87747,Sometimes,no,1.0,no,1.980401,0.0,no,Automobile,Obesity_Type_II,0.5074626865671642
Male,0.4042553191489362,0.4716981132075473,0.47761194029850745,0.6031746031746031,yes,yes,2.600217,2.175153,Sometimes,no,1.0,no,1.985536,0.0,no,Public_Transportation,Obesity_Type_II,0.47761194029850745
Male,0.34042553191489366,0.4716981132075473,0.47611940298507455,0.6005291005291007,yes,yes,2.79166,2.13229,Sometimes,no,1.254589,no,0.652736,1.040713,no,Public_Transportation,Obesity_Type_II,0.4761194029850746
Male,0.34042553191489366,0.8679245283018866,0.6768656716417909,0.5978835978835979,yes,yes,2.08868,3.0,Sometimes,no,1.520215,no,1.857351,0.0,Sometimes,Public_Transportation,Obesity_Type_II,0.676865671641791
Male,0.3191489361702128,0.8679245283018866,0.6783582089552238,0.5978835978835979,yes,yes,2.206119,3.0,Sometimes,no,1.483856,no,1.113169,0.0,Sometimes,Public_Transportation,Obesity_Type_II,0.6783582089552239
Male,0.34042553191489366,0.6603773584905661,0.612686567164179,0.6428571428571428,yes,yes,2.328469,3.0,Sometimes,no,2.001208,no,0.800487,0.176678,Sometimes,Automobile,Obesity_Type_II,0.612686567164179
Male,0.34042553191489366,0.7735849056603774,0.6320895522388059,0.6031746031746031,yes,yes,2.002784,3.0,Sometimes,no,2.292906,no,1.034031,0.0,Sometimes,Automobile,Obesity_Type_II,0.632089552238806
Male,0.276595744680851,0.6981132075471699,0.5917910447761194,0.6005291005291007,yes,yes,1.975675,3.0,Sometimes,no,2.357969,no,0.704236,0.010721,Sometimes,Public_Transportation,Obesity_Type_II,0.5917910447761194
Male,0.276595744680851,0.6415094339622645,0.5910447761194031,0.6269841269841271,yes,yes,2.002076,3.0,Sometimes,no,2.338373,no,0.897562,0.081156,Sometimes,Public_Transportation,Obesity_Type_II,0.591044776119403
Male,0.4042553191489362,0.5660377358490565,0.5917910447761194,0.6772486772486774,yes,yes,2.218599,3.0,Sometimes,no,2.104337,no,0.766007,0.262118,Sometimes,Automobile,Obesity_Type_II,0.5917910447761194
Male,0.3829787234042553,0.5660377358490565,0.6052238805970149,0.6878306878306879,yes,yes,2.9673,3.0,Sometimes,no,2.530035,no,0.955317,1.339232,Sometimes,Automobile,Obesity_Type_II,0.6052238805970149
Male,0.25531914893617025,0.6037735849056602,0.567910447761194,0.6243386243386244,yes,yes,2.392179,3.0,Sometimes,no,2.16467,no,1.079934,1.073026,Sometimes,Public_Transportation,Obesity_Type_II,0.567910447761194
Male,0.25531914893617025,0.6037735849056602,0.5731343283582089,0.6322751322751323,yes,yes,2.381164,3.0,Sometimes,no,2.170225,no,1.211048,1.89933,Sometimes,Public_Transportation,Obesity_Type_II,0.573134328358209
Male,0.34042553191489366,0.6415094339622645,0.5485074626865671,0.5873015873015874,yes,yes,2.008245,3.0,Sometimes,no,2.040137,no,0.0,0.474216,Sometimes,Automobile,Obesity_Type_II,0.5485074626865671
Male,0.276595744680851,0.6415094339622645,0.55,0.5925925925925926,yes,yes,2.155182,3.0,Sometimes,no,2.049079,no,0.0,1.74992,Sometimes,Automobile,Obesity_Type_II,0.55
Male,0.2978723404255319,0.6981132075471699,0.6104477611940298,0.6243386243386244,yes,yes,2.969233,3.0,Sometimes,no,2.807984,no,0.982134,1.191998,Sometimes,Public_Transportation,Obesity_Type_II,0.6104477611940299
Male,0.276595744680851,0.7358490566037736,0.6074626865671642,0.5925925925925926,yes,yes,2.765063,3.0,Sometimes,no,2.867206,no,0.706777,0.677909,Sometimes,Public_Transportation,Obesity_Type_II,0.6074626865671642
Male,0.23404255319148937,0.7924528301886795,0.6134328358208956,0.5687830687830688,yes,yes,2.630137,3.0,Sometimes,no,2.960088,no,1.356468,0.0,Sometimes,Public_Transportation,Obesity_Type_II,0.6134328358208956
Male,0.23404255319148937,0.6603773584905661,0.6111940298507463,0.6481481481481481,yes,yes,2.195964,3.0,Sometimes,no,2.514872,no,1.664722,0.127673,Sometimes,Public_Transportation,Obesity_Type_II,0.6111940298507463
Male,0.34042553191489366,0.5849056603773586,0.5977611940298506,0.6772486772486774,yes,yes,2.619987,3.0,Sometimes,no,2.194746,no,1.076926,1.090995,Sometimes,Automobile,Obesity_Type_II,0.5977611940298507
Male,0.36170212765957444,0.5849056603773586,0.5940298507462687,0.6719576719576719,yes,yes,2.918113,3.0,Sometimes,no,2.240463,no,1.076248,1.480875,Sometimes,Automobile,Obesity_Type_II,0.5940298507462686
Male,0.36170212765957444,0.8301886792452828,0.6731343283582087,0.6137566137566138,yes,yes,2.889485,3.0,Sometimes,yes,1.279771,no,0.941424,0.008343,Sometimes,Public_Transportation,Obesity_Type_II,0.6731343283582089
Male,0.36170212765957444,0.7924528301886795,0.6604477611940298,0.6216931216931217,yes,yes,2.939727,3.0,Sometimes,yes,1.344122,no,0.923428,1.432336,Sometimes,Public_Transportation,Obesity_Type_II,0.6604477611940298
Male,0.23404255319148937,0.5849056603773586,0.5462686567164179,0.6164021164021164,yes,yes,1.264234,3.0,Sometimes,no,2.0,no,1.333435,0.002168,Sometimes,Public_Transportation,Obesity_Type_II,0.5462686567164179
Male,0.23404255319148937,0.5849056603773586,0.553731343283582,0.6190476190476191,yes,yes,1.517912,3.0,Sometimes,no,2.038958,no,1.590255,0.00164,Sometimes,Public_Transportation,Obesity_Type_II,0.5537313432835821
Male,0.21276595744680848,0.6037735849056602,0.5850746268656717,0.6428571428571428,yes,yes,2.23372,2.993634,Sometimes,no,2.028368,no,0.863158,0.449886,Sometimes,Public_Transportation,Obesity_Type_II,0.5850746268656717
Male,0.23404255319148937,0.6037735849056602,0.5873134328358209,0.6507936507936509,yes,yes,1.475906,2.999346,Sometimes,no,2.01943,no,1.046878,0.460866,Sometimes,Public_Transportation,Obesity_Type_II,0.5873134328358209
Male,0.5531914893617021,0.5849056603773586,0.5873134328358209,0.6613756613756614,yes,yes,2.032883,2.976211,Sometimes,no,1.726109,no,0.477855,0.0,Sometimes,Automobile,Obesity_Type_II,0.5873134328358209
Male,0.5531914893617021,0.5849056603773586,0.5820895522388059,0.6507936507936509,yes,yes,2.046651,2.842035,Sometimes,no,1.732072,no,0.584272,0.0,Sometimes,Automobile,Obesity_Type_II,0.582089552238806
Male,0.276595744680851,0.4339622641509435,0.4768656716417911,0.6216931216931217,yes,yes,2.667229,1.09749,Sometimes,no,1.225958,no,0.206954,1.003011,no,Public_Transportation,Obesity_Type_II,0.4768656716417911
Male,0.34042553191489366,0.4716981132075473,0.45671641791044776,0.5740740740740742,yes,yes,2.819934,1.91863,Sometimes,no,1.0,no,1.39302,0.553311,no,Public_Transportation,Obesity_Type_II,0.45671641791044776
Male,0.19148936170212766,0.7547169811320757,0.6171641791044775,0.5978835978835979,yes,yes,3.0,2.510135,Sometimes,no,1.693362,no,0.769709,0.0,Sometimes,Public_Transportation,Obesity_Type_II,0.6171641791044776
Male,0.21276595744680848,0.7924528301886795,0.6171641791044775,0.5793650793650794,yes,yes,2.954417,2.65772,Sometimes,no,2.104696,no,0.870056,0.0,Sometimes,Public_Transportation,Obesity_Type_II,0.6171641791044776
Male,0.19148936170212766,0.7924528301886795,0.6179104477611941,0.5793650793650794,yes,yes,2.826251,2.604998,Sometimes,no,1.842173,no,1.284798,0.0,Sometimes,Public_Transportation,Obesity_Type_II,0.617910447761194
Male,0.19148936170212766,0.7547169811320757,0.6149253731343283,0.5952380952380952,yes,yes,3.0,2.567567,Sometimes,no,2.011023,no,0.916478,0.0,Sometimes,Public_Transportation,Obesity_Type_II,0.6149253731343284
Male,0.21276595744680848,0.3207547169811322,0.4440298507462686,0.6507936507936509,yes,yes,2.95841,2.434347,Sometimes,no,1.0,no,1.930033,0.754023,no,Public_Transportation,Obesity_Type_II,0.44402985074626866
Male,0.276595744680851,0.37735849056603765,0.45223880597014915,0.6269841269841271,yes,yes,2.935157,1.845858,Sometimes,no,1.0,no,1.089891,0.715993,no,Public_Transportation,Obesity_Type_II,0.4522388059701492
Male,0.12765957446808512,0.3207547169811322,0.4873134328358209,0.7089947089947091,yes,yes,2.870895,1.627555,Sometimes,no,1.375728,no,0.210181,1.163117,no,Public_Transportation,Obesity_Type_II,0.48731343283582085
Male,0.19148936170212766,0.35849056603773555,0.4873134328358209,0.67989417989418,yes,yes,2.869833,1.569176,Sometimes,no,1.533682,no,0.167943,1.368262,no,Public_Transportation,Obesity_Type_II,0.48731343283582085
Male,0.2978723404255319,0.6415094339622645,0.5462686567164179,0.5846560846560848,yes,yes,1.878251,3.0,Sometimes,no,2.022933,no,0.0,0.325445,Sometimes,Automobile,Obesity_Type_II,0.5462686567164179
Male,0.34042553191489366,0.5849056603773586,0.544776119402985,0.6137566137566138,yes,yes,1.750809,3.0,Sometimes,no,2.002871,no,0.0,0.114457,Sometimes,Automobile,Obesity_Type_II,0.5447761194029851
Male,0.23404255319148937,0.5849056603773586,0.5529850746268656,0.6164021164021164,yes,yes,1.168856,3.0,Sometimes,no,2.013205,no,1.246223,0.00159,Sometimes,Public_Transportation,Obesity_Type_II,0.5529850746268656
Male,0.23404255319148937,0.6037735849056602,0.5462686567164179,0.6058201058201058,yes,yes,1.443674,3.0,Sometimes,no,2.002194,no,1.386151,0.001337,Sometimes,Public_Transportation,Obesity_Type_II,0.5462686567164179
Male,0.3829787234042553,0.4339622641509435,0.47014925373134325,0.6137566137566138,yes,yes,2.826036,2.371658,Sometimes,no,1.0,no,1.996487,0.0,no,Public_Transportation,Obesity_Type_II,0.4701492537313433
Male,0.36170212765957444,0.4150943396226414,0.458955223880597,0.6111111111111112,yes,yes,2.9553,2.378211,Sometimes,no,1.0,no,1.738267,0.394533,no,Public_Transportation,Obesity_Type_II,0.458955223880597
Male,0.2978723404255319,0.4528301886792452,0.4514925373134328,0.5820105820105821,yes,yes,2.774562,2.301129,Sometimes,no,1.0,no,1.621733,0.138314,no,Public_Transportation,Obesity_Type_II,0.45149253731343286
Male,0.2978723404255319,0.4528301886792452,0.4529850746268657,0.5740740740740742,yes,yes,2.772027,2.454432,Sometimes,no,1.0,no,0.858554,0.051268,no,Public_Transportation,Obesity_Type_II,0.4529850746268657
Male,0.36170212765957444,0.8301886792452828,0.6738805970149255,0.6190476190476191,yes,yes,2.499626,3.0,Sometimes,yes,1.125338,no,0.94522,1.022505,Sometimes,Public_Transportation,Obesity_Type_II,0.6738805970149254
Male,0.36170212765957444,0.8867924528301887,0.6791044776119404,0.5925925925925926,yes,yes,2.108638,3.0,Sometimes,yes,1.014876,no,0.987521,0.047473,Sometimes,Public_Transportation,Obesity_Type_II,0.6791044776119403
Male,0.34042553191489366,0.7358490566037736,0.6350746268656715,0.6243386243386244,yes,yes,2.467548,3.0,Sometimes,no,2.66029,no,0.994422,0.310394,Sometimes,Public_Transportation,Obesity_Type_II,0.6350746268656716
Male,0.36170212765957444,0.7924528301886795,0.628358208955224,0.5899470899470899,yes,yes,2.585942,3.0,Sometimes,no,2.302506,no,0.597863,0.111925,Sometimes,Public_Transportation,Obesity_Type_II,0.6283582089552239
Male,0.3829787234042553,0.5660377358490565,0.5985074626865672,0.6825396825396826,yes,yes,2.14961,3.0,Sometimes,no,2.133876,no,0.393452,0.345887,Sometimes,Automobile,Obesity_Type_II,0.5985074626865672
Male,0.36170212765957444,0.5849056603773586,0.5910447761194031,0.6719576719576719,yes,yes,2.938616,3.0,Sometimes,no,2.06039,no,0.371508,1.333559,Sometimes,Automobile,Obesity_Type_II,0.591044776119403
Male,0.5106382978723404,0.5660377358490565,0.5888059701492538,0.6693121693121693,yes,yes,2.535154,2.915921,Sometimes,no,1.8924,no,0.693732,0.06741,Sometimes,Automobile,Obesity_Type_II,0.5888059701492537
Male,0.5106382978723404,0.5849056603773586,0.594776119402985,0.6693121693121693,yes,yes,2.611222,2.992083,Sometimes,no,1.796376,no,0.641954,0.20281,Sometimes,Automobile,Obesity_Type_II,0.5947761194029851
Male,0.17021276595744683,0.5849056603773586,0.576865671641791,0.6534391534391536,yes,yes,1.800122,3.0,Sometimes,no,2.0,no,1.689525,0.764452,Sometimes,Public_Transportation,Obesity_Type_II,0.576865671641791
Male,0.19148936170212766,0.6037735849056602,0.5798507462686566,0.6455026455026455,yes,yes,1.482722,3.0,Sometimes,no,2.0,no,1.112504,0.690353,Sometimes,Public_Transportation,Obesity_Type_II,0.5798507462686567
Male,0.23404255319148937,0.6415094339622645,0.5701492537313433,0.6111111111111112,yes,yes,1.735664,3.0,Sometimes,no,2.041536,no,1.392406,0.39174,Sometimes,Public_Transportation,Obesity_Type_II,0.5701492537313433
Male,0.21276595744680848,0.6037735849056602,0.5761194029850747,0.6402116402116403,yes,yes,1.655684,3.0,Sometimes,no,2.0,no,0.976425,0.690082,Sometimes,Public_Transportation,Obesity_Type_II,0.5761194029850747
Male,0.21276595744680848,0.7358490566037736,0.6119402985074627,0.6005291005291007,yes,yes,2.598207,2.849347,Sometimes,no,2.006167,no,1.52001,0.295685,Sometimes,Public_Transportation,Obesity_Type_II,0.6119402985074627
Male,0.21276595744680848,0.6981132075471699,0.6104477611940298,0.6164021164021164,yes,yes,2.225149,3.0,Sometimes,no,2.357978,no,1.943743,0.682128,Sometimes,Public_Transportation,Obesity_Type_II,0.6104477611940299
Male,0.23404255319148937,0.716981132075472,0.6119402985074627,0.6137566137566138,yes,yes,3.0,3.0,Sometimes,no,3.0,no,1.685369,0.264969,Sometimes,Public_Transportation,Obesity_Type_II,0.6119402985074627
Male,0.23404255319148937,0.716981132075472,0.6119402985074627,0.6111111111111112,yes,yes,3.0,3.0,Sometimes,no,3.0,no,1.467863,0.343635,Sometimes,Public_Transportation,Obesity_Type_II,0.6119402985074627
Male,0.36170212765957444,0.6226415094339623,0.6104477611940298,0.6640211640211642,yes,yes,2.519592,3.0,Sometimes,no,2.229145,no,0.350717,1.140348,Sometimes,Automobile,Obesity_Type_II,0.6104477611940299
Male,0.36170212765957444,0.6226415094339623,0.6104477611940298,0.6640211640211642,yes,yes,2.111887,3.0,Sometimes,no,2.357373,no,0.425621,1.416353,Sometimes,Automobile,Obesity_Type_II,0.6104477611940299
Male,0.36170212765957444,0.5849056603773586,0.6000000000000001,0.6719576719576719,yes,yes,2.970983,3.0,Sometimes,no,2.828861,no,0.454944,1.915818,Sometimes,Automobile,Obesity_Type_II,0.6000000000000001
Male,0.36170212765957444,0.5660377358490565,0.5955223880597014,0.6772486772486774,yes,yes,2.907542,3.0,Sometimes,no,2.284494,no,0.647632,1.668318,Sometimes,Automobile,Obesity_Type_II,0.5955223880597015
Male,0.23404255319148937,0.5849056603773586,0.5850746268656717,0.6613756613756614,yes,yes,1.451337,3.0,Sometimes,no,2.0,no,1.384607,0.631217,Sometimes,Public_Transportation,Obesity_Type_II,0.5850746268656717
Male,0.21276595744680848,0.5849056603773586,0.5843283582089551,0.6613756613756614,yes,yes,1.537505,3.0,Sometimes,no,2.0,no,1.631912,0.631422,Sometimes,Public_Transportation,Obesity_Type_II,0.5843283582089552
Male,0.19148936170212766,0.5660377358490565,0.6000000000000001,0.6825396825396826,yes,yes,1.893428,3.0,Sometimes,no,2.0,no,1.917383,0.93648,Sometimes,Public_Transportation,Obesity_Type_II,0.6000000000000001
Male,0.19148936170212766,0.5849056603773586,0.5985074626865672,0.67989417989418,yes,yes,2.007845,2.954446,Sometimes,no,1.968796,no,1.587406,0.838947,Sometimes,Public_Transportation,Obesity_Type_II,0.5985074626865672
Male,0.5531914893617021,0.49056603773584895,0.5149253731343284,0.6375661375661377,yes,yes,2.487781,3.755976,Sometimes,no,1.0,no,1.860765,0.0,no,Automobile,Obesity_Type_II,0.5149253731343284
Male,0.4893617021276596,0.5471698113207548,0.5029850746268656,0.5820105820105821,yes,yes,2.541785,2.902639,Sometimes,no,1.0,no,1.668961,0.0,no,Automobile,Obesity_Type_II,0.5029850746268657
Male,0.42553191489361697,0.4339622641509435,0.4738805970149253,0.6164021164021164,yes,yes,2.813775,2.372705,Sometimes,no,1.0,no,1.979355,0.0,no,Public_Transportation,Obesity_Type_II,0.47388059701492535
Male,0.42553191489361697,0.49056603773584895,0.4783582089552238,0.5925925925925926,yes,yes,2.562687,2.100918,Sometimes,no,1.458545,no,1.167856,0.412329,no,Public_Transportation,Obesity_Type_II,0.47835820895522385
Male,0.19148936170212766,0.7547169811320757,0.6164179104477612,0.5952380952380952,yes,yes,3.0,2.272801,Sometimes,no,1.560064,no,0.79677,0.0,Sometimes,Public_Transportation,Obesity_Type_II,0.6164179104477612
Male,0.19148936170212766,0.7547169811320757,0.6171641791044775,0.5925925925925926,yes,yes,2.922511,2.692889,Sometimes,no,1.809531,no,0.478595,0.0,Sometimes,Public_Transportation,Obesity_Type_II,0.6171641791044776
Male,0.19148936170212766,0.7547169811320757,0.6201492537313431,0.6031746031746031,yes,yes,3.0,2.280545,Sometimes,no,1.591597,no,0.932783,0.0,Sometimes,Public_Transportation,Obesity_Type_II,0.6201492537313432
Male,0.17021276595744683,0.7924528301886795,0.6156716417910448,0.5740740740740742,yes,yes,2.836055,2.675411,Sometimes,no,1.711666,no,0.93732,0.0,Sometimes,Public_Transportation,Obesity_Type_II,0.6156716417910447
Male,0.21276595744680848,0.30188679245283057,0.46119402985074626,0.6878306878306879,yes,yes,2.880759,1.487674,Sometimes,no,1.01378,no,1.00109,1.09838,no,Public_Transportation,Obesity_Type_II,0.46119402985074626
Male,0.21276595744680848,0.28301886792452846,0.45671641791044776,0.6878306878306879,yes,yes,3.0,1.02075,Sometimes,no,1.0,no,0.233056,1.707421,no,Public_Transportation,Obesity_Type_II,0.45671641791044776
Male,0.12765957446808512,0.3207547169811322,0.48059701492537316,0.6984126984126984,yes,yes,2.766441,1.240424,Sometimes,no,1.413218,no,0.165269,0.862587,no,Public_Transportation,Obesity_Type_II,0.48059701492537316
Male,0.19148936170212766,0.30188679245283057,0.45970149253731335,0.6825396825396826,yes,yes,2.997524,1.154318,Sometimes,no,1.238057,no,1.1293,1.665621,no,Public_Transportation,Obesity_Type_II,0.4597014925373134
Male,0.3191489361702128,0.5849056603773586,0.5559701492537312,0.6269841269841271,yes,yes,2.320201,3.0,Sometimes,no,2.164784,no,0.0,1.465479,Sometimes,Automobile,Obesity_Type_II,0.5559701492537313
Male,0.34042553191489366,0.5849056603773586,0.553731343283582,0.6190476190476191,yes,yes,2.181057,3.0,Sometimes,no,2.08554,no,0.0,1.439004,Sometimes,Automobile,Obesity_Type_II,0.5537313432835821
Male,0.276595744680851,0.5849056603773586,0.5470149253731342,0.6111111111111112,yes,yes,1.924632,3.0,Sometimes,no,2.006595,no,0.1768,0.511694,Sometimes,Automobile,Obesity_Type_II,0.5470149253731343
Male,0.23404255319148937,0.5849056603773586,0.5470149253731342,0.6190476190476191,yes,yes,1.397468,3.0,Sometimes,no,2.01897,no,0.665439,0.062167,Sometimes,Automobile,Obesity_Type_II,0.5470149253731343
Male,0.25531914893617025,0.6226415094339623,0.5694029850746267,0.6164021164021164,yes,yes,2.191429,3.0,Sometimes,no,2.102709,no,1.32534,0.380979,Sometimes,Public_Transportation,Obesity_Type_II,0.5694029850746268
Male,0.25531914893617025,0.6415094339622645,0.5634328358208955,0.6058201058201058,yes,yes,2.100177,3.0,Sometimes,no,2.099687,no,1.281165,0.247332,Sometimes,Public_Transportation,Obesity_Type_II,0.5634328358208955
Male,0.25531914893617025,0.6037735849056602,0.5611940298507463,0.6243386243386244,yes,yes,2.075321,3.0,Sometimes,no,2.144838,no,1.501754,0.276319,Sometimes,Public_Transportation,Obesity_Type_II,0.5611940298507463
Male,0.25531914893617025,0.6037735849056602,0.5604477611940297,0.6243386243386244,yes,yes,1.626369,3.0,Sometimes,no,2.109697,no,1.352973,0.076693,Sometimes,Public_Transportation,Obesity_Type_II,0.5604477611940298
Male,0.34042553191489366,0.5849056603773586,0.5417910447761194,0.6111111111111112,yes,yes,1.263216,3.219347,Sometimes,no,1.981782,no,0.482625,0.0,Sometimes,Automobile,Obesity_Type_II,0.5417910447761194
Male,0.34042553191489366,0.5849056603773586,0.544776119402985,0.6137566137566138,yes,yes,1.067909,3.656401,Sometimes,no,1.98459,no,0.054238,0.0,Sometimes,Automobile,Obesity_Type_II,0.5447761194029851
Male,0.5744680851063829,0.5660377358490565,0.5283582089552239,0.6058201058201058,yes,yes,2.310751,3.220181,Sometimes,no,1.006643,no,1.15804,0.0,no,Automobile,Obesity_Type_II,0.5283582089552239
Male,0.5744680851063829,0.5471698113207548,0.5388059701492538,0.6216931216931217,yes,yes,2.294259,2.850948,Sometimes,no,1.87029,no,0.917014,0.0,no,Automobile,Obesity_Type_II,0.5388059701492538
Male,0.34042553191489366,0.4716981132075473,0.4828358208955224,0.6031746031746031,yes,yes,2.57649,2.187145,Sometimes,no,1.38107,no,1.928275,0.413663,no,Public_Transportation,Obesity_Type_II,0.4828358208955224
Male,0.4042553191489362,0.4716981132075473,0.4798507462686567,0.6058201058201058,yes,yes,2.679664,2.415522,Sometimes,no,1.0,no,1.987296,0.0,no,Public_Transportation,Obesity_Type_II,0.4798507462686567
Male,0.36170212765957444,0.4339622641509435,0.47014925373134325,0.6111111111111112,yes,yes,2.938687,2.138375,Sometimes,no,1.251715,no,1.181811,0.778375,no,Public_Transportation,Obesity_Type_II,0.4701492537313433
Male,0.34042553191489366,0.4716981132075473,0.47462686567164175,0.5925925925925926,yes,yes,2.654792,1.077331,Sometimes,no,1.345407,no,0.327418,0.386861,no,Public_Transportation,Obesity_Type_II,0.47462686567164175
Male,0.36170212765957444,0.8113207547169807,0.6582089552238806,0.6111111111111112,yes,yes,2.731368,3.0,Sometimes,yes,1.486824,no,1.485978,1.150439,Sometimes,Public_Transportation,Obesity_Type_II,0.6582089552238806
Male,0.36170212765957444,0.8679245283018866,0.6716417910447761,0.5925925925925926,yes,yes,2.22259,3.0,Sometimes,yes,1.591909,no,1.392026,0.917727,Sometimes,Public_Transportation,Obesity_Type_II,0.6716417910447762
Male,0.34042553191489366,0.8679245283018866,0.6731343283582087,0.5925925925925926,yes,yes,2.432355,3.0,Sometimes,no,1.336526,no,1.63812,0.090341,Sometimes,Public_Transportation,Obesity_Type_II,0.6731343283582089
Male,0.36170212765957444,0.8679245283018866,0.6731343283582087,0.5925925925925926,yes,yes,2.497548,3.0,Sometimes,no,1.362583,no,1.144076,0.173232,Sometimes,Public_Transportation,Obesity_Type_II,0.6731343283582089
Male,0.36170212765957444,0.6226415094339623,0.6089552238805969,0.6640211640211642,yes,yes,2.671238,3.0,Sometimes,no,2.145368,no,0.882709,0.593917,Sometimes,Automobile,Obesity_Type_II,0.608955223880597
Male,0.3829787234042553,0.6037735849056602,0.6059701492537313,0.6746031746031746,yes,yes,2.57691,3.0,Sometimes,no,2.080187,no,1.04268,0.376683,Sometimes,Automobile,Obesity_Type_II,0.6059701492537314
Male,0.36170212765957444,0.6226415094339623,0.6089552238805969,0.6587301587301588,yes,yes,2.341999,3.0,Sometimes,no,2.299878,no,0.565242,0.921991,Sometimes,Automobile,Obesity_Type_II,0.608955223880597
Male,0.36170212765957444,0.6037735849056602,0.6067164179104476,0.6746031746031746,yes,yes,2.117121,3.0,Sometimes,no,2.193008,no,0.992829,1.556052,Sometimes,Automobile,Obesity_Type_II,0.6067164179104477
Male,0.276595744680851,0.6981132075471699,0.6014925373134328,0.6164021164021164,yes,yes,2.247037,3.0,Sometimes,no,2.718408,no,0.763595,0.0,Sometimes,Public_Transportation,Obesity_Type_II,0.6014925373134328
Male,0.276595744680851,0.7358490566037736,0.6044776119402986,0.5925925925925926,yes,yes,2.244654,3.0,Sometimes,no,2.795752,no,0.839481,0.0,Sometimes,Public_Transportation,Obesity_Type_II,0.6044776119402985
Male,0.25531914893617025,0.7547169811320757,0.5865671641791044,0.5661375661375662,yes,yes,2.128574,3.0,Sometimes,no,2.531984,no,1.003294,0.026575,Sometimes,Public_Transportation,Obesity_Type_II,0.5865671641791045
Male,0.25531914893617025,0.716981132075472,0.5880597014925373,0.5873015873015874,yes,yes,2.068834,3.0,Sometimes,no,2.543841,no,1.217993,0.038253,Sometimes,Public_Transportation,Obesity_Type_II,0.5880597014925373
Male,0.5106382978723404,0.5660377358490565,0.5902985074626865,0.6772486772486774,yes,yes,2.073224,3.0,Sometimes,no,2.024035,no,0.131371,0.0,Sometimes,Automobile,Obesity_Type_II,0.5902985074626865
Male,0.5106382978723404,0.5849056603773586,0.5888059701492538,0.6587301587301588,yes,yes,2.145114,2.888193,Sometimes,no,2.038128,no,0.852344,0.0,Sometimes,Automobile,Obesity_Type_II,0.5888059701492537
Male,0.2978723404255319,0.6981132075471699,0.6097014925373134,0.6243386243386244,yes,yes,2.997951,3.0,Sometimes,no,2.715856,no,0.739881,0.972054,Sometimes,Automobile,Obesity_Type_II,0.6097014925373134
Male,0.2978723404255319,0.6792452830188682,0.6007462686567164,0.6269841269841271,yes,yes,2.911312,3.0,Sometimes,no,2.501808,no,0.94676,0.785701,Sometimes,Automobile,Obesity_Type_II,0.6007462686567164
Male,0.23404255319148937,0.6037735849056602,0.5611940298507463,0.6190476190476191,yes,yes,2.159033,3.0,Sometimes,no,2.116399,no,1.331526,0.052942,Sometimes,Public_Transportation,Obesity_Type_II,0.5611940298507463
Male,0.25531914893617025,0.6037735849056602,0.5619402985074626,0.6190476190476191,yes,yes,2.175276,3.0,Sometimes,no,2.128176,no,1.306476,0.079334,Sometimes,Public_Transportation,Obesity_Type_II,0.5619402985074626
Male,0.25531914893617025,0.5849056603773586,0.567910447761194,0.634920634920635,yes,yes,2.21965,3.0,Sometimes,no,2.165408,no,1.315045,0.688985,Sometimes,Public_Transportation,Obesity_Type_II,0.567910447761194
Male,0.25531914893617025,0.6037735849056602,0.5708955223880596,0.634920634920635,yes,yes,2.203962,3.0,Sometimes,no,2.15687,no,1.289421,1.220767,Sometimes,Public_Transportation,Obesity_Type_II,0.5708955223880597
Male,0.34042553191489366,0.6037735849056602,0.5470149253731342,0.6005291005291007,yes,yes,1.947495,3.0,Sometimes,no,2.042073,no,0.0,0.618087,Sometimes,Automobile,Obesity_Type_II,0.5470149253731343
Male,0.34042553191489366,0.5849056603773586,0.5477611940298508,0.6164021164021164,yes,yes,2.262292,3.0,Sometimes,no,2.115354,no,0.0,0.847587,Sometimes,Automobile,Obesity_Type_II,0.5477611940298508
Male,0.276595744680851,0.6226415094339623,0.553731343283582,0.6005291005291007,yes,yes,2.219186,3.0,Sometimes,no,2.092326,no,0.545919,1.74288,Sometimes,Automobile,Obesity_Type_II,0.5537313432835821
Male,0.2978723404255319,0.6037735849056602,0.553731343283582,0.6164021164021164,yes,yes,2.314175,3.0,Sometimes,no,2.151809,no,0.0,1.578517,Sometimes,Automobile,Obesity_Type_II,0.5537313432835821
Male,0.25531914893617025,0.8301886792452828,0.612686567164179,0.5582010582010583,yes,yes,2.423291,3.0,Sometimes,no,2.902682,no,1.243567,0.555591,Sometimes,Public_Transportation,Obesity_Type_II,0.612686567164179
Male,0.276595744680851,0.716981132075472,0.6111940298507463,0.6137566137566138,yes,yes,2.637202,3.0,Sometimes,no,2.966647,no,1.159598,0.758897,Sometimes,Public_Transportation,Obesity_Type_II,0.6111940298507463
Male,0.2978723404255319,0.6792452830188682,0.6074626865671642,0.6322751322751323,yes,yes,2.974006,3.0,Sometimes,no,2.565828,no,0.690269,1.339691,Sometimes,Public_Transportation,Obesity_Type_II,0.6074626865671642
Male,0.276595744680851,0.6792452830188682,0.6029850746268657,0.6216931216931217,yes,yes,2.347942,3.0,Sometimes,no,2.730663,no,0.689371,0.188693,Sometimes,Public_Transportation,Obesity_Type_II,0.6029850746268657
Male,0.19148936170212766,0.7735849056603774,0.6141791044776119,0.5846560846560848,yes,yes,2.654076,2.574108,Sometimes,no,1.78471,no,1.170537,0.0,Sometimes,Public_Transportation,Obesity_Type_II,0.6141791044776119
Male,0.19148936170212766,0.7924528301886795,0.6156716417910448,0.5793650793650794,yes,yes,2.739,2.740492,Sometimes,no,1.824561,no,1.094839,0.0,Sometimes,Public_Transportation,Obesity_Type_II,0.6156716417910447
Male,0.21276595744680848,0.6226415094339623,0.6111940298507463,0.6613756613756614,yes,yes,2.591292,2.956422,Sometimes,no,2.31083,no,1.48524,0.281815,Sometimes,Public_Transportation,Obesity_Type_II,0.6111940298507463
Male,0.21276595744680848,0.6415094339622645,0.6111940298507463,0.6481481481481481,yes,yes,2.611847,2.749334,Sometimes,no,2.364849,no,1.141708,0.063005,Sometimes,Public_Transportation,Obesity_Type_II,0.6111940298507463
Male,0.36170212765957444,0.5849056603773586,0.6044776119402986,0.6825396825396826,yes,yes,2.766612,3.0,Sometimes,no,2.173417,no,1.089344,1.198439,Sometimes,Automobile,Obesity_Type_II,0.6044776119402985
Male,0.36170212765957444,0.6037735849056602,0.6059701492537313,0.6666666666666667,yes,yes,2.777165,3.0,Sometimes,no,2.106861,no,0.925941,0.2916,Sometimes,Automobile,Obesity_Type_II,0.6059701492537314
Male,0.3829787234042553,0.5660377358490565,0.5917910447761194,0.6746031746031746,yes,yes,2.232836,3.0,Sometimes,no,2.146398,no,0.886817,0.47787,Sometimes,Automobile,Obesity_Type_II,0.5917910447761194
Male,0.34042553191489366,0.5849056603773586,0.5925373134328358,0.6666666666666667,yes,yes,2.571274,3.0,Sometimes,no,2.224164,no,1.018158,1.152899,Sometimes,Automobile,Obesity_Type_II,0.5925373134328359
Male,0.36170212765957444,0.7547169811320757,0.6425373134328358,0.6243386243386244,yes,yes,2.49619,3.0,Sometimes,yes,1.662117,no,0.992371,0.217632,Sometimes,Public_Transportation,Obesity_Type_II,0.6425373134328358
Male,0.36170212765957444,0.7358490566037736,0.6492537313432836,0.6375661375661377,yes,yes,2.151335,3.0,Sometimes,yes,1.491169,no,0.883542,0.527766,Sometimes,Public_Transportation,Obesity_Type_II,0.6492537313432836
Male,0.36170212765957444,0.716981132075472,0.6417910447761195,0.6481481481481481,yes,yes,2.01695,3.0,Sometimes,no,1.83412,no,0.797209,0.185499,Sometimes,Public_Transportation,Obesity_Type_II,0.6417910447761194
Male,0.36170212765957444,0.7735849056603774,0.6522388059701492,0.6216931216931217,yes,yes,2.927187,3.0,Sometimes,no,1.508796,no,0.902776,1.015467,Sometimes,Public_Transportation,Obesity_Type_II,0.6522388059701493
Male,0.23404255319148937,0.5849056603773586,0.5529850746268656,0.6164021164021164,yes,yes,1.412566,3.0,Sometimes,no,2.002495,no,1.592795,0.001867,Sometimes,Public_Transportation,Obesity_Type_II,0.5529850746268656
Male,0.23404255319148937,0.5849056603773586,0.5507462686567164,0.6190476190476191,yes,yes,1.289315,3.0,Sometimes,no,2.007348,no,1.376217,0.001518,Sometimes,Public_Transportation,Obesity_Type_II,0.5507462686567164
Male,0.23404255319148937,0.6037735849056602,0.5604477611940297,0.6164021164021164,yes,yes,1.624366,3.0,Sometimes,no,2.081719,no,1.538922,0.356868,Sometimes,Public_Transportation,Obesity_Type_II,0.5604477611940298
Male,0.23404255319148937,0.6037735849056602,0.5597014925373134,0.6164021164021164,yes,yes,1.528331,3.0,Sometimes,no,2.079353,no,1.522429,0.228598,Sometimes,Public_Transportation,Obesity_Type_II,0.5597014925373134
Male,0.25531914893617025,0.6603773584905661,0.5888059701492538,0.6216931216931217,yes,yes,2.037042,3.0,Sometimes,no,2.43699,no,1.016254,0.020044,Sometimes,Public_Transportation,Obesity_Type_II,0.5888059701492537
Male,0.23404255319148937,0.6415094339622645,0.5880597014925373,0.6296296296296295,yes,yes,2.191108,2.993856,Sometimes,no,2.444917,no,1.055854,0.145284,Sometimes,Public_Transportation,Obesity_Type_II,0.5880597014925373
Male,0.23404255319148937,0.6603773584905661,0.5917910447761194,0.6190476190476191,yes,yes,1.431346,3.0,Sometimes,no,2.098959,no,1.110868,0.196952,Sometimes,Public_Transportation,Obesity_Type_II,0.5917910447761194
Male,0.23404255319148937,0.7358490566037736,0.5925373134328358,0.5846560846560848,yes,yes,1.84199,3.0,Sometimes,no,2.503244,no,1.226019,0.078207,Sometimes,Public_Transportation,Obesity_Type_II,0.5925373134328359
Male,0.4893617021276596,0.5849056603773586,0.5925373134328358,0.6640211640211642,yes,yes,2.13683,2.993084,Sometimes,no,1.885926,no,0.615298,0.0,Sometimes,Automobile,Obesity_Type_II,0.5925373134328359
Male,0.5106382978723404,0.5660377358490565,0.5985074626865672,0.6825396825396826,yes,yes,2.499388,2.989791,Sometimes,no,1.959777,no,0.6081,0.64676,Sometimes,Automobile,Obesity_Type_II,0.5985074626865672
Male,0.5319148936170213,0.6037735849056602,0.5880597014925373,0.6534391534391536,yes,yes,2.230742,2.920373,Sometimes,no,1.831187,no,0.756277,0.0,Sometimes,Automobile,Obesity_Type_II,0.5880597014925373
Male,0.5106382978723404,0.6037735849056602,0.5902985074626865,0.656084656084656,yes,yes,2.240757,2.911568,Sometimes,no,1.895876,no,0.822186,0.0,Sometimes,Automobile,Obesity_Type_II,0.5902985074626865
Male,0.23404255319148937,0.28301886792452846,0.46268656716417905,0.6957671957671958,yes,yes,2.996186,1.134042,Sometimes,no,1.270166,no,0.073065,1.551934,no,Public_Transportation,Obesity_Type_II,0.4626865671641791
Male,0.276595744680851,0.4528301886792452,0.47910447761194025,0.6111111111111112,yes,yes,2.649406,1.120102,Sometimes,no,1.153286,no,0.216908,0.619012,no,Public_Transportation,Obesity_Type_II,0.4791044776119403
Male,0.42553191489361697,0.49056603773584895,0.4798507462686567,0.5873015873015874,yes,yes,2.525884,2.040582,Sometimes,no,1.0,no,1.67036,0.023959,no,Public_Transportation,Obesity_Type_II,0.4798507462686567
Male,0.4042553191489362,0.4716981132075473,0.47611940298507455,0.6005291005291007,yes,yes,2.736647,2.015675,Sometimes,no,1.0,no,1.977918,0.056351,no,Public_Transportation,Obesity_Type_II,0.4761194029850746
Male,0.21276595744680848,0.716981132075472,0.6119402985074627,0.6111111111111112,yes,yes,2.684335,2.711238,Sometimes,no,2.732331,no,1.156024,0.442456,Sometimes,Public_Transportation,Obesity_Type_II,0.6119402985074627
Male,0.19148936170212766,0.7547169811320757,0.6134328358208956,0.5978835978835979,yes,yes,3.0,2.695396,Sometimes,no,2.628816,no,0.975384,0.0,Sometimes,Public_Transportation,Obesity_Type_II,0.6134328358208956
Male,0.21276595744680848,0.6037735849056602,0.5977611940298506,0.656084656084656,yes,yes,2.425503,2.996834,Sometimes,no,2.017602,no,1.580263,0.531769,Sometimes,Public_Transportation,Obesity_Type_II,0.5977611940298507
Male,0.23404255319148937,0.6415094339622645,0.5925373134328358,0.634920634920635,yes,yes,1.469384,2.996444,Sometimes,no,2.067741,no,1.082236,0.150544,Sometimes,Public_Transportation,Obesity_Type_II,0.5925373134328359
Male,0.23404255319148937,0.7547169811320757,0.6141791044776119,0.5899470899470899,yes,yes,2.906269,2.894142,Sometimes,no,2.435489,no,1.266739,0.36216,Sometimes,Public_Transportation,Obesity_Type_II,0.6141791044776119
Male,0.21276595744680848,0.7924528301886795,0.6156716417910448,0.5714285714285715,yes,yes,2.808027,2.683061,Sometimes,no,2.640483,no,1.280191,0.0,Sometimes,Public_Transportation,Obesity_Type_II,0.6156716417910447
Male,0.19148936170212766,0.6981132075471699,0.6104477611940298,0.6216931216931217,yes,yes,2.636719,2.806341,Sometimes,no,1.967591,no,1.525384,0.315595,Sometimes,Public_Transportation,Obesity_Type_II,0.6104477611940299
Male,0.19148936170212766,0.6981132075471699,0.6067164179104476,0.6216931216931217,yes,yes,2.996717,2.791366,Sometimes,no,2.626309,no,1.194898,0.034897,Sometimes,Public_Transportation,Obesity_Type_II,0.6067164179104477
Male,0.21276595744680848,0.30188679245283057,0.45671641791044776,0.6746031746031746,yes,yes,2.880483,1.703299,Sometimes,no,1.006378,no,1.076729,1.058007,no,Public_Transportation,Obesity_Type_II,0.45671641791044776
Male,0.21276595744680848,0.30188679245283057,0.4559701492537313,0.6772486772486774,yes,yes,2.885693,1.685134,Sometimes,no,1.011849,no,0.503105,1.217929,no,Public_Transportation,Obesity_Type_II,0.4559701492537313
Male,0.36170212765957444,0.37735849056603765,0.4634328358208955,0.6375661375661377,yes,yes,2.913452,2.269799,Sometimes,no,1.0,no,1.889937,0.378818,no,Public_Transportation,Obesity_Type_II,0.4634328358208955
Male,0.36170212765957444,0.37735849056603765,0.47462686567164175,0.6481481481481481,yes,yes,2.919526,2.142328,Sometimes,no,1.175714,no,0.958555,0.636289,no,Public_Transportation,Obesity_Type_II,0.47462686567164175
Male,0.12765957446808512,0.3962264150943393,0.49701492537313424,0.6719576719576719,yes,yes,2.724121,1.437959,Sometimes,no,1.590418,no,0.029603,1.122118,no,Public_Transportation,Obesity_Type_II,0.4970149253731343
Male,0.14893617021276595,0.35849056603773555,0.4634328358208955,0.6455026455026455,yes,yes,2.801992,1.343117,Sometimes,no,1.128942,no,0.233987,0.81998,no,Public_Transportation,Obesity_Type_II,0.4634328358208955
Male,0.25531914893617025,0.3962264150943393,0.4873134328358209,0.656084656084656,yes,yes,2.748971,1.213431,Sometimes,no,1.448875,no,0.128548,1.239038,no,Public_Transportation,Obesity_Type_II,0.48731343283582085
Male,0.276595744680851,0.4528301886792452,0.47462686567164175,0.6058201058201058,yes,yes,2.680375,1.089048,Sometimes,no,1.366238,no,0.181324,1.041677,no,Public_Transportation,Obesity_Type_II,0.47462686567164175
Female,0.25531914893617025,0.30188679245283057,0.4708955223880596,0.6957671957671958,yes,yes,3.0,3.0,Sometimes,no,1.023328,no,0.05093,1.0,Sometimes,Public_Transportation,Obesity_Type_III,0.47089552238805965
Female,0.25531914893617025,0.2452830188679247,0.4932835820895522,0.7619047619047619,yes,yes,3.0,3.0,Sometimes,no,1.197667,no,0.0,0.534769,Sometimes,Public_Transportation,Obesity_Type_III,0.4932835820895522
Female,0.08510638297872342,0.6415094339622645,0.7380597014925372,0.7910052910052909,yes,yes,3.0,3.0,Sometimes,no,2.838893,no,1.990317,0.735868,Sometimes,Public_Transportation,Obesity_Type_III,0.7380597014925373
Female,0.08510638297872342,0.6603773584905661,0.8276119402985074,0.8783068783068784,yes,yes,3.0,3.0,Sometimes,no,2.181811,no,1.995582,0.939665,Sometimes,Public_Transportation,Obesity_Type_III,0.8276119402985075
Female,0.25531914893617025,0.3962264150943393,0.5440298507462686,0.7354497354497354,yes,yes,3.0,3.0,Sometimes,no,2.774014,no,0.0,0.138418,Sometimes,Public_Transportation,Obesity_Type_III,0.5440298507462688
Female,0.25531914893617025,0.28301886792452846,0.49552238805970156,0.746031746031746,yes,yes,3.0,3.0,Sometimes,no,1.031354,no,0.0,0.37465,Sometimes,Public_Transportation,Obesity_Type_III,0.49552238805970156
Female,0.25531914893617025,0.4339622641509435,0.49253731343283574,0.6402116402116403,yes,yes,3.0,3.0,Sometimes,no,1.66616,no,0.210351,0.73421,Sometimes,Public_Transportation,Obesity_Type_III,0.4925373134328358
Female,0.25531914893617025,0.4339622641509435,0.5291044776119402,0.6878306878306879,yes,yes,3.0,3.0,Sometimes,no,1.471664,no,0.143955,0.444532,Sometimes,Public_Transportation,Obesity_Type_III,0.5291044776119403
Female,0.17021276595744683,0.3962264150943393,0.6134328358208956,0.8253968253968256,yes,yes,3.0,3.0,Sometimes,no,1.347559,no,0.462951,0.31794,Sometimes,Public_Transportation,Obesity_Type_III,0.6134328358208956
Female,0.14893617021276595,0.4528301886792452,0.7074626865671643,0.8888888888888891,yes,yes,3.0,3.0,Sometimes,no,1.338241,no,1.92628,0.886135,Sometimes,Public_Transportation,Obesity_Type_III,0.7074626865671643
Female,0.25531914893617025,0.3207547169811322,0.5298507462686568,0.7619047619047619,yes,yes,3.0,3.0,Sometimes,no,2.679137,no,0.0,0.479348,Sometimes,Public_Transportation,Obesity_Type_III,0.5298507462686567
Female,0.25531914893617025,0.2452830188679247,0.5335820895522387,0.8227513227513228,yes,yes,3.0,3.0,Sometimes,no,2.578292,no,0.0,0.492394,Sometimes,Public_Transportation,Obesity_Type_III,0.5335820895522388
Female,0.14893617021276595,0.5283018867924527,0.6902985074626866,0.8201058201058202,yes,yes,3.0,3.0,Sometimes,no,1.302193,no,1.742453,0.94232,Sometimes,Public_Transportation,Obesity_Type_III,0.6902985074626866
Female,0.19148936170212766,0.3962264150943393,0.5634328358208955,0.7486772486772486,yes,yes,3.0,3.0,Sometimes,no,2.408442,no,0.194056,0.803141,Sometimes,Public_Transportation,Obesity_Type_III,0.5634328358208955
Female,0.14893617021276595,0.5660377358490565,0.6634328358208956,0.7645502645502646,yes,yes,3.0,3.0,Sometimes,no,1.705218,no,0.390937,0.998646,Sometimes,Public_Transportation,Obesity_Type_III,0.6634328358208955
Female,0.14893617021276595,0.5283018867924527,0.8440298507462685,1.0,yes,yes,3.0,3.0,Sometimes,no,2.374958,no,0.750111,0.671458,Sometimes,Public_Transportation,Obesity_Type_III,0.8440298507462686
Female,0.10638297872340424,0.5660377358490565,0.7074626865671643,0.8174603174603174,yes,yes,3.0,3.0,Sometimes,no,2.869234,no,1.465931,0.627886,Sometimes,Public_Transportation,Obesity_Type_III,0.7074626865671643
Female,0.21276595744680848,0.509433962264151,0.5634328358208955,0.67989417989418,yes,yes,3.0,3.0,Sometimes,no,2.987406,no,0.38926,0.526776,Sometimes,Public_Transportation,Obesity_Type_III,0.5634328358208955
Female,0.25531914893617025,0.3396226415094339,0.5440298507462686,0.7671957671957672,yes,yes,3.0,3.0,Sometimes,no,2.737091,no,0.0,0.037078,Sometimes,Public_Transportation,Obesity_Type_III,0.5440298507462688
Female,0.25531914893617025,0.35849056603773555,0.5440298507462686,0.753968253968254,yes,yes,3.0,3.0,Sometimes,no,2.623489,no,0.0,0.138563,Sometimes,Public_Transportation,Obesity_Type_III,0.5440298507462688
Female,0.25531914893617025,0.37735849056603765,0.49104477611940295,0.6693121693121693,yes,yes,3.0,3.0,Sometimes,no,2.612758,no,0.24629,0.802136,Sometimes,Public_Transportation,Obesity_Type_III,0.49104477611940295
Female,0.25531914893617025,0.3396226415094339,0.5111940298507462,0.7301587301587302,yes,yes,3.0,3.0,Sometimes,no,2.687378,no,0.0,0.410651,Sometimes,Public_Transportation,Obesity_Type_III,0.5111940298507462
Female,0.14893617021276595,0.5471698113207548,0.6858208955223881,0.8042328042328042,yes,yes,3.0,3.0,Sometimes,no,1.852692,no,1.46361,0.962336,Sometimes,Public_Transportation,Obesity_Type_III,0.6858208955223881
Female,0.21276595744680848,0.5471698113207548,0.6977611940298507,0.8174603174603174,yes,yes,3.0,3.0,Sometimes,no,2.86559,no,0.973864,0.58345,Sometimes,Public_Transportation,Obesity_Type_III,0.6977611940298507
Female,0.25531914893617025,0.2452830188679247,0.47014925373134325,0.7354497354497354,yes,yes,3.0,3.0,Sometimes,no,1.003563,no,0.008127,1.0,Sometimes,Public_Transportation,Obesity_Type_III,0.4701492537313433
Female,0.25531914893617025,0.30188679245283057,0.47761194029850745,0.7116402116402116,yes,yes,3.0,3.0,Sometimes,no,1.077253,no,0.162083,0.824607,Sometimes,Public_Transportation,Obesity_Type_III,0.47761194029850745
Female,0.08510638297872342,0.6981132075471699,0.7694029850746267,0.7883597883597884,yes,yes,3.0,3.0,Sometimes,no,2.714949,no,1.999773,0.813784,Sometimes,Public_Transportation,Obesity_Type_III,0.7694029850746268
Female,0.08510638297872342,0.716981132075472,0.848507462686567,0.8650793650793651,yes,yes,3.0,3.0,Sometimes,no,2.154949,no,1.999897,0.957463,Sometimes,Public_Transportation,Obesity_Type_III,0.8485074626865671
Female,0.25531914893617025,0.3962264150943393,0.544776119402985,0.7354497354497354,yes,yes,3.0,3.0,Sometimes,no,2.893117,no,0.0,0.01931,Sometimes,Public_Transportation,Obesity_Type_III,0.5447761194029851
Female,0.25531914893617025,0.35849056603773555,0.5388059701492538,0.753968253968254,yes,yes,3.0,3.0,Sometimes,no,2.70914,no,0.0,0.110518,Sometimes,Public_Transportation,Obesity_Type_III,0.5388059701492538
Female,0.25531914893617025,0.4150943396226414,0.48955223880597004,0.6481481481481481,yes,yes,3.0,3.0,Sometimes,no,1.570188,no,0.210351,0.881848,Sometimes,Public_Transportation,Obesity_Type_III,0.4895522388059701
Female,0.25531914893617025,0.4150943396226414,0.49104477611940295,0.6507936507936509,yes,yes,3.0,3.0,Sometimes,no,1.412049,no,0.143955,0.753077,Sometimes,Public_Transportation,Obesity_Type_III,0.49104477611940295
Female,0.14893617021276595,0.4150943396226414,0.6395522388059702,0.8412698412698412,yes,yes,3.0,3.0,Sometimes,no,1.15635,no,0.786828,0.366385,Sometimes,Public_Transportation,Obesity_Type_III,0.6395522388059701
Female,0.14893617021276595,0.4528301886792452,0.6776119402985075,0.8571428571428572,yes,yes,3.0,3.0,Sometimes,no,1.154698,no,1.71836,0.959218,Sometimes,Public_Transportation,Obesity_Type_III,0.6776119402985076
Female,0.25531914893617025,0.3207547169811322,0.5350746268656716,0.7671957671957672,yes,yes,3.0,3.0,Sometimes,no,2.691584,no,0.0,0.425473,Sometimes,Public_Transportation,Obesity_Type_III,0.5350746268656716
Female,0.25531914893617025,0.35849056603773555,0.535820895522388,0.7407407407407407,yes,yes,3.0,3.0,Sometimes,no,2.709654,no,0.0,0.25115,Sometimes,Public_Transportation,Obesity_Type_III,0.535820895522388
Female,0.17021276595744683,0.5283018867924527,0.7201492537313432,0.8492063492063493,yes,yes,3.0,3.0,Sometimes,no,1.485736,no,1.950374,0.869238,Sometimes,Public_Transportation,Obesity_Type_III,0.7201492537313433
Female,0.14893617021276595,0.5660377358490565,0.7059701492537314,0.8121693121693123,yes,yes,3.0,3.0,Sometimes,no,2.874336,no,1.624981,0.825609,Sometimes,Public_Transportation,Obesity_Type_III,0.7059701492537312
Female,0.14893617021276595,0.6792452830188682,0.7440298507462686,0.7724867724867726,yes,yes,3.0,3.0,Sometimes,no,2.641489,no,0.481555,0.735201,Sometimes,Public_Transportation,Obesity_Type_III,0.7440298507462686
Female,0.14893617021276595,0.6792452830188682,0.8723880597014926,0.9179894179894181,yes,yes,3.0,3.0,Sometimes,no,2.417122,no,0.952725,0.573958,Sometimes,Public_Transportation,Obesity_Type_III,0.8723880597014926
Female,0.08510638297872342,0.5660377358490565,0.7067164179104477,0.8174603174603174,yes,yes,3.0,3.0,Sometimes,no,2.900857,no,1.508897,0.625371,Sometimes,Public_Transportation,Obesity_Type_III,0.7067164179104477
Female,0.14893617021276595,0.5660377358490565,0.7082089552238806,0.806878306878307,yes,yes,3.0,3.0,Sometimes,no,2.95311,no,1.445148,0.67321,Sometimes,Public_Transportation,Obesity_Type_III,0.7082089552238806
Female,0.25531914893617025,0.3396226415094339,0.5440298507462686,0.7671957671957672,yes,yes,3.0,3.0,Sometimes,no,2.617988,no,0.0,0.156187,Sometimes,Public_Transportation,Obesity_Type_III,0.5440298507462688
Female,0.25531914893617025,0.35849056603773555,0.5432835820895523,0.753968253968254,yes,yes,3.0,3.0,Sometimes,no,2.55057,no,0.0,0.20482,Sometimes,Public_Transportation,Obesity_Type_III,0.5432835820895522
Female,0.25531914893617025,0.35849056603773555,0.49104477611940295,0.6851851851851851,yes,yes,3.0,3.0,Sometimes,no,2.653531,no,0.190061,0.692343,Sometimes,Public_Transportation,Obesity_Type_III,0.49104477611940295
Female,0.25531914893617025,0.3207547169811322,0.4917910447761194,0.716931216931217,yes,yes,3.0,3.0,Sometimes,no,1.698767,no,0.0,0.54396,Sometimes,Public_Transportation,Obesity_Type_III,0.49179104477611946
Female,0.19148936170212766,0.5849056603773586,0.7044776119402985,0.7989417989417991,yes,yes,3.0,3.0,Sometimes,no,2.84837,no,1.206059,0.766668,Sometimes,Public_Transportation,Obesity_Type_III,0.7044776119402986
Female,0.12765957446808512,0.5849056603773586,0.708955223880597,0.7962962962962963,yes,yes,3.0,3.0,Sometimes,no,2.835622,no,1.419473,0.816986,Sometimes,Public_Transportation,Obesity_Type_III,0.7089552238805971
Female,0.25531914893617025,0.30188679245283057,0.47313432835820896,0.7010582010582012,yes,yes,3.0,3.0,Sometimes,no,1.050564,no,0.026033,0.539074,Sometimes,Public_Transportation,Obesity_Type_III,0.473134328358209
Female,0.25531914893617025,0.3962264150943393,0.47611940298507455,0.6375661375661377,yes,yes,3.0,3.0,Sometimes,no,1.068493,no,0.112122,1.0,Sometimes,Public_Transportation,Obesity_Type_III,0.4761194029850746
Female,0.25531914893617025,0.28301886792452846,0.4917910447761194,0.7380952380952381,yes,yes,3.0,3.0,Sometimes,no,2.613928,no,0.0,0.553093,Sometimes,Public_Transportation,Obesity_Type_III,0.49179104477611946
Female,0.25531914893617025,0.3396226415094339,0.49253731343283574,0.6984126984126984,yes,yes,3.0,3.0,Sometimes,no,1.239833,no,0.162279,0.619235,Sometimes,Public_Transportation,Obesity_Type_III,0.4925373134328358
Female,0.08510638297872342,0.6037735849056602,0.7313432835820894,0.8121693121693123,yes,yes,3.0,3.0,Sometimes,no,2.861533,no,1.70464,0.655571,Sometimes,Public_Transportation,Obesity_Type_III,0.7313432835820896
Female,0.17021276595744683,0.6415094339622645,0.7373134328358208,0.7936507936507937,yes,yes,3.0,3.0,Sometimes,no,2.832659,no,1.505775,0.923005,Sometimes,Public_Transportation,Obesity_Type_III,0.737313432835821
Female,0.08510638297872342,0.6603773584905661,0.7626865671641789,0.806878306878307,yes,yes,3.0,3.0,Sometimes,no,2.418488,no,1.99507,0.893514,Sometimes,Public_Transportation,Obesity_Type_III,0.762686567164179
Female,0.12765957446808512,0.6415094339622645,0.8432835820895521,0.9153439153439153,yes,yes,3.0,3.0,Sometimes,no,2.304716,no,0.82666,0.914492,Sometimes,Public_Transportation,Obesity_Type_III,0.8432835820895522
Female,0.25531914893617025,0.35849056603773555,0.5440298507462686,0.7513227513227514,yes,yes,3.0,3.0,Sometimes,no,2.763005,no,0.0,0.101867,Sometimes,Public_Transportation,Obesity_Type_III,0.5440298507462688
Female,0.25531914893617025,0.35849056603773555,0.5417910447761194,0.7486772486772486,yes,yes,3.0,3.0,Sometimes,no,2.652616,no,0.0,0.250502,Sometimes,Public_Transportation,Obesity_Type_III,0.5417910447761194
Female,0.25531914893617025,0.3207547169811322,0.49253731343283574,0.7089947089947091,yes,yes,3.0,3.0,Sometimes,no,2.553198,no,0.0,0.393838,Sometimes,Public_Transportation,Obesity_Type_III,0.4925373134328358
Female,0.25531914893617025,0.30188679245283057,0.49552238805970156,0.7301587301587302,yes,yes,3.0,3.0,Sometimes,no,2.180566,no,0.0,0.519905,Sometimes,Public_Transportation,Obesity_Type_III,0.49552238805970156
Female,0.25531914893617025,0.3396226415094339,0.49104477611940295,0.7010582010582012,yes,yes,3.0,3.0,Sometimes,no,2.20979,no,0.114698,0.604422,Sometimes,Public_Transportation,Obesity_Type_III,0.49104477611940295
Female,0.23404255319148937,0.4339622641509435,0.49104477611940295,0.6322751322751323,yes,yes,3.0,3.0,Sometimes,no,1.444379,no,0.224482,0.912187,Sometimes,Public_Transportation,Obesity_Type_III,0.49104477611940295
Female,0.25531914893617025,0.3962264150943393,0.5365671641791045,0.7142857142857144,yes,yes,3.0,3.0,Sometimes,no,1.604075,no,0.029728,0.200122,Sometimes,Public_Transportation,Obesity_Type_III,0.5365671641791045
Female,0.25531914893617025,0.3962264150943393,0.5313432835820895,0.7195767195767198,yes,yes,3.0,3.0,Sometimes,no,1.528258,no,0.01586,0.436068,Sometimes,Public_Transportation,Obesity_Type_III,0.5313432835820896
Female,0.10638297872340424,0.4150943396226414,0.6402985074626866,0.8465608465608465,yes,yes,3.0,3.0,Sometimes,no,1.228838,no,0.792553,0.639561,Sometimes,Public_Transportation,Obesity_Type_III,0.6402985074626866
Female,0.14893617021276595,0.49056603773584895,0.6186567164179104,0.7619047619047619,yes,yes,3.0,3.0,Sometimes,no,1.615548,no,1.376534,0.926052,Sometimes,Public_Transportation,Obesity_Type_III,0.6186567164179105
Female,0.17021276595744683,0.5660377358490565,0.7074626865671643,0.806878306878307,yes,yes,3.0,3.0,Sometimes,no,1.94595,no,1.493018,0.906611,Sometimes,Public_Transportation,Obesity_Type_III,0.7074626865671643
Female,0.14893617021276595,0.49056603773584895,0.6932835820895522,0.843915343915344,yes,yes,3.0,3.0,Sometimes,no,1.709556,no,1.592494,0.925843,Sometimes,Public_Transportation,Obesity_Type_III,0.6932835820895523
Female,0.25531914893617025,0.3207547169811322,0.5298507462686568,0.7592592592592593,yes,yes,3.0,3.0,Sometimes,no,2.507461,no,0.0,0.368472,Sometimes,Public_Transportation,Obesity_Type_III,0.5298507462686567
Female,0.25531914893617025,0.35849056603773555,0.5373134328358209,0.7486772486772486,yes,yes,3.0,3.0,Sometimes,no,2.644135,no,0.0,0.357581,Sometimes,Public_Transportation,Obesity_Type_III,0.5373134328358209
Female,0.25531914893617025,0.3207547169811322,0.5395522388059701,0.7751322751322751,yes,yes,3.0,3.0,Sometimes,no,2.605685,no,0.0,0.199227,Sometimes,Public_Transportation,Obesity_Type_III,0.5395522388059701
Female,0.25531914893617025,0.3207547169811322,0.5298507462686568,0.7592592592592593,yes,yes,3.0,3.0,Sometimes,no,2.217348,no,0.001015,0.481031,Sometimes,Public_Transportation,Obesity_Type_III,0.5298507462686567
Female,0.14893617021276595,0.5471698113207548,0.6947761194029851,0.8148148148148149,yes,yes,3.0,3.0,Sometimes,no,1.657541,no,1.672639,0.629285,Sometimes,Public_Transportation,Obesity_Type_III,0.694776119402985
Female,0.17021276595744683,0.5283018867924527,0.7007462686567165,0.8280423280423279,yes,yes,3.0,3.0,Sometimes,no,1.817899,no,1.577824,0.930836,Sometimes,Public_Transportation,Obesity_Type_III,0.7007462686567164
Female,0.21276595744680848,0.4528301886792452,0.5634328358208955,0.7142857142857144,yes,yes,3.0,3.0,Sometimes,no,2.509535,no,0.334264,0.668172,Sometimes,Public_Transportation,Obesity_Type_III,0.5634328358208955
Female,0.21276595744680848,0.35849056603773555,0.5544776119402985,0.7777777777777777,yes,yes,3.0,3.0,Sometimes,no,2.578038,no,0.165422,0.463196,Sometimes,Public_Transportation,Obesity_Type_III,0.5544776119402984
Female,0.08510638297872342,0.5660377358490565,0.6664179104477612,0.76984126984127,yes,yes,3.0,3.0,Sometimes,no,2.501638,no,1.546179,0.66488,Sometimes,Public_Transportation,Obesity_Type_III,0.6664179104477613
Female,0.12765957446808512,0.5660377358490565,0.6746268656716419,0.7777777777777777,yes,yes,3.0,3.0,Sometimes,no,2.250711,no,0.64235,0.685129,Sometimes,Public_Transportation,Obesity_Type_III,0.6746268656716419
Female,0.14893617021276595,0.5660377358490565,0.785820895522388,0.9074074074074074,yes,yes,3.0,3.0,Sometimes,no,2.36651,no,1.247505,0.723366,Sometimes,Public_Transportation,Obesity_Type_III,0.7858208955223881
Female,0.14893617021276595,0.5660377358490565,0.8231343283582089,0.9444444444444446,yes,yes,3.0,3.0,Sometimes,no,2.309409,no,1.68291,0.70558,Sometimes,Public_Transportation,Obesity_Type_III,0.823134328358209
Female,0.10638297872340424,0.5471698113207548,0.698507462686567,0.8121693121693123,yes,yes,3.0,3.0,Sometimes,no,2.436261,no,1.464674,0.87092,Sometimes,Public_Transportation,Obesity_Type_III,0.6985074626865672
Female,0.17021276595744683,0.5660377358490565,0.7082089552238806,0.8148148148148149,yes,yes,3.0,3.0,Sometimes,no,2.833566,no,1.413239,0.862724,Sometimes,Public_Transportation,Obesity_Type_III,0.7082089552238806
Female,0.21276595744680848,0.4528301886792452,0.5507462686567164,0.6957671957671958,yes,yes,3.0,3.0,Sometimes,no,2.724099,no,0.336795,0.153462,Sometimes,Public_Transportation,Obesity_Type_III,0.5507462686567164
Female,0.25531914893617025,0.4150943396226414,0.551492537313433,0.7222222222222221,yes,yes,3.0,3.0,Sometimes,no,2.989389,no,0.36009,0.169016,Sometimes,Public_Transportation,Obesity_Type_III,0.5514925373134328
Female,0.25531914893617025,0.3396226415094339,0.5432835820895523,0.7671957671957672,yes,yes,3.0,3.0,Sometimes,no,2.55975,no,0.0,0.237307,Sometimes,Public_Transportation,Obesity_Type_III,0.5432835820895522
Female,0.25531914893617025,0.35849056603773555,0.5440298507462686,0.753968253968254,yes,yes,3.0,3.0,Sometimes,no,2.635454,no,0.0,0.088309,Sometimes,Public_Transportation,Obesity_Type_III,0.5440298507462688
Female,0.25531914893617025,0.35849056603773555,0.541044776119403,0.753968253968254,yes,yes,3.0,3.0,Sometimes,no,2.625537,no,0.0,0.162494,Sometimes,Public_Transportation,Obesity_Type_III,0.5410447761194029
Female,0.25531914893617025,0.37735849056603765,0.5440298507462686,0.7433862433862435,yes,yes,3.0,3.0,Sometimes,no,2.884077,no,0.0,0.096576,Sometimes,Public_Transportation,Obesity_Type_III,0.5440298507462688
Female,0.25531914893617025,0.28301886792452846,0.49253731343283574,0.7380952380952381,yes,yes,3.0,3.0,Sometimes,no,1.919473,no,0.027101,0.546137,Sometimes,Public_Transportation,Obesity_Type_III,0.4925373134328358
Female,0.25531914893617025,0.35849056603773555,0.49253731343283574,0.6851851851851851,yes,yes,3.0,3.0,Sometimes,no,2.310076,no,0.07115,0.733085,Sometimes,Public_Transportation,Obesity_Type_III,0.4925373134328358
Female,0.25531914893617025,0.3396226415094339,0.5067164179104477,0.7222222222222221,yes,yes,3.0,3.0,Sometimes,no,2.686824,no,0.0,0.540812,Sometimes,Public_Transportation,Obesity_Type_III,0.5067164179104479
Female,0.25531914893617025,0.3396226415094339,0.5171641791044777,0.7354497354497354,yes,yes,3.0,3.0,Sometimes,no,1.6213,no,0.090917,0.438216,Sometimes,Public_Transportation,Obesity_Type_III,0.5171641791044775
Female,0.14893617021276595,0.509433962264151,0.7052238805970148,0.8518518518518521,yes,yes,3.0,3.0,Sometimes,no,1.517215,no,1.486289,0.937492,Sometimes,Public_Transportation,Obesity_Type_III,0.7052238805970149
Female,0.14893617021276595,0.49056603773584895,0.6888059701492537,0.8465608465608465,yes,yes,3.0,3.0,Sometimes,no,1.796956,no,1.684582,0.887388,Sometimes,Public_Transportation,Obesity_Type_III,0.6888059701492538
Female,0.19148936170212766,0.509433962264151,0.7007462686567165,0.8386243386243388,yes,yes,3.0,3.0,Sometimes,no,2.085553,no,1.271651,0.587932,Sometimes,Public_Transportation,Obesity_Type_III,0.7007462686567164
Female,0.19148936170212766,0.5471698113207548,0.7052238805970148,0.8227513227513228,yes,yes,3.0,3.0,Sometimes,no,2.837797,no,1.343875,0.803156,Sometimes,Public_Transportation,Obesity_Type_III,0.7052238805970149
Female,0.25531914893617025,0.22641509433962304,0.47014925373134325,0.753968253968254,yes,yes,3.0,3.0,Sometimes,no,1.000544,no,0.001297,1.0,Sometimes,Public_Transportation,Obesity_Type_III,0.4701492537313433
Female,0.25531914893617025,0.2452830188679247,0.4708955223880596,0.7380952380952381,yes,yes,3.0,3.0,Sometimes,no,1.005864,no,0.02006,0.695838,Sometimes,Public_Transportation,Obesity_Type_III,0.47089552238805965
Female,0.12765957446808512,0.6226415094339623,0.862686567164179,0.9444444444444446,yes,yes,3.0,3.0,Sometimes,no,2.319559,no,1.97073,0.768375,Sometimes,Public_Transportation,Obesity_Type_III,0.862686567164179
Female,0.10638297872340424,0.6415094339622645,0.9097014925373135,0.9788359788359788,yes,yes,3.0,3.0,Sometimes,no,2.069257,no,1.986646,0.947091,Sometimes,Public_Transportation,Obesity_Type_III,0.9097014925373135
Female,0.25531914893617025,0.3962264150943393,0.544776119402985,0.732804232804233,yes,yes,3.0,3.0,Sometimes,no,2.956548,no,0.0,0.010056,Sometimes,Public_Transportation,Obesity_Type_III,0.5447761194029851
Female,0.25531914893617025,0.3962264150943393,0.544776119402985,0.732804232804233,yes,yes,3.0,3.0,Sometimes,no,2.777557,no,0.0,0.051858,Sometimes,Public_Transportation,Obesity_Type_III,0.5447761194029851
Female,0.25531914893617025,0.4339622641509435,0.48955223880597004,0.6322751322751323,yes,yes,3.0,3.0,Sometimes,no,1.295436,no,0.282063,0.929356,Sometimes,Public_Transportation,Obesity_Type_III,0.4895522388059701
Female,0.23404255319148937,0.4339622641509435,0.49104477611940295,0.634920634920635,yes,yes,3.0,3.0,Sometimes,no,1.241378,no,0.259427,0.852362,Sometimes,Public_Transportation,Obesity_Type_III,0.49104477611940295
Female,0.10638297872340424,0.509433962264151,0.6611940298507462,0.8015873015873016,yes,yes,3.0,3.0,Sometimes,no,1.313834,no,0.912334,0.707494,Sometimes,Public_Transportation,Obesity_Type_III,0.6611940298507463
Female,0.12765957446808512,0.4339622641509435,0.6447761194029851,0.8306878306878307,yes,yes,3.0,3.0,Sometimes,no,1.124366,no,0.877067,0.552006,Sometimes,Public_Transportation,Obesity_Type_III,0.6447761194029851
Female,0.25531914893617025,0.3207547169811322,0.535820895522388,0.76984126984127,yes,yes,3.0,3.0,Sometimes,no,2.673754,no,0.0,0.33929,Sometimes,Public_Transportation,Obesity_Type_III,0.535820895522388
Female,0.25531914893617025,0.3396226415094339,0.535820895522388,0.7566137566137567,yes,yes,3.0,3.0,Sometimes,no,2.70485,no,0.0,0.243338,Sometimes,Public_Transportation,Obesity_Type_III,0.535820895522388
Female,0.17021276595744683,0.5660377358490565,0.7276119402985073,0.8386243386243388,yes,yes,3.0,3.0,Sometimes,no,1.607531,no,1.963379,0.858392,Sometimes,Public_Transportation,Obesity_Type_III,0.7276119402985075
Female,0.14893617021276595,0.6226415094339623,0.7380597014925372,0.8042328042328042,yes,yes,3.0,3.0,Sometimes,no,2.748909,no,1.989171,0.832515,Sometimes,Public_Transportation,Obesity_Type_III,0.7380597014925373
Female,0.17021276595744683,0.6792452830188682,0.8462686567164179,0.8862433862433863,yes,yes,3.0,3.0,Sometimes,no,2.351207,no,0.246831,0.91336,Sometimes,Public_Transportation,Obesity_Type_III,0.8462686567164179
Female,0.17021276595744683,0.6603773584905661,0.907462686567164,0.962962962962963,yes,yes,3.0,3.0,Sometimes,no,2.404049,no,0.427905,0.639894,Sometimes,Public_Transportation,Obesity_Type_III,0.9074626865671641
Female,0.08510638297872342,0.5660377358490565,0.7059701492537314,0.8148148148148149,yes,yes,3.0,3.0,Sometimes,no,2.923792,no,1.536555,0.62535,Sometimes,Public_Transportation,Obesity_Type_III,0.7059701492537312
Female,0.12765957446808512,0.5660377358490565,0.7074626865671643,0.8121693121693123,yes,yes,3.0,3.0,Sometimes,no,2.955075,no,1.46046,0.655558,Sometimes,Public_Transportation,Obesity_Type_III,0.7074626865671643
Female,0.25531914893617025,0.3396226415094339,0.5417910447761194,0.7645502645502646,yes,yes,3.0,3.0,Sometimes,no,2.554007,no,0.0,0.252635,Sometimes,Public_Transportation,Obesity_Type_III,0.5417910447761194
Female,0.25531914893617025,0.35849056603773555,0.5417910447761194,0.7592592592592593,yes,yes,3.0,3.0,Sometimes,no,2.511399,no,0.0,0.258472,Sometimes,Public_Transportation,Obesity_Type_III,0.5417910447761194
Female,0.25531914893617025,0.3207547169811322,0.49104477611940295,0.716931216931217,yes,yes,3.0,3.0,Sometimes,no,2.653563,no,0.0,0.55415,Sometimes,Public_Transportation,Obesity_Type_III,0.49104477611940295
Female,0.25531914893617025,0.3396226415094339,0.4917910447761194,0.7037037037037037,yes,yes,3.0,3.0,Sometimes,no,2.588107,no,0.0,0.465607,Sometimes,Public_Transportation,Obesity_Type_III,0.49179104477611946
Female,0.17021276595744683,0.5849056603773586,0.7082089552238806,0.7936507936507937,yes,yes,3.0,3.0,Sometimes,no,2.32502,no,1.441791,0.918468,Sometimes,Public_Transportation,Obesity_Type_III,0.7082089552238806
Female,0.14893617021276595,0.5849056603773586,0.7082089552238806,0.7962962962962963,yes,yes,3.0,3.0,Sometimes,no,2.836791,no,1.46782,0.890527,Sometimes,Public_Transportation,Obesity_Type_III,0.7082089552238806
Female,0.25531914893617025,0.30188679245283057,0.4708955223880596,0.6984126984126984,yes,yes,3.0,3.0,Sometimes,no,1.019684,no,0.026033,1.0,Sometimes,Public_Transportation,Obesity_Type_III,0.47089552238805965
Female,0.25531914893617025,0.30188679245283057,0.47164179104477616,0.6984126984126984,yes,yes,3.0,3.0,Sometimes,no,1.032834,no,0.04525,0.922749,Sometimes,Public_Transportation,Obesity_Type_III,0.47164179104477616
Female,0.25531914893617025,0.3207547169811322,0.49253731343283574,0.7116402116402116,yes,yes,3.0,3.0,Sometimes,no,1.653049,no,0.139159,0.711331,Sometimes,Public_Transportation,Obesity_Type_III,0.4925373134328358
Female,0.25531914893617025,0.35849056603773555,0.49253731343283574,0.6851851851851851,yes,yes,3.0,3.0,Sometimes,no,1.204055,no,0.094851,0.603736,Sometimes,Public_Transportation,Obesity_Type_III,0.4925373134328358
Female,0.10638297872340424,0.6603773584905661,0.7388059701492538,0.7804232804232805,yes,yes,3.0,3.0,Sometimes,no,2.691591,no,1.168368,0.735372,Sometimes,Public_Transportation,Obesity_Type_III,0.7388059701492538
Female,0.17021276595744683,0.6415094339622645,0.7380597014925372,0.7962962962962963,yes,yes,3.0,3.0,Sometimes,no,2.531456,no,1.980738,0.835771,Sometimes,Public_Transportation,Obesity_Type_III,0.7380597014925373
Female,0.12765957446808512,0.6603773584905661,0.8388059701492536,0.8915343915343916,yes,yes,3.0,3.0,Sometimes,no,2.226081,no,1.881761,0.933964,Sometimes,Public_Transportation,Obesity_Type_III,0.8388059701492537
Female,0.08510638297872342,0.6792452830188682,0.8477611940298506,0.8915343915343916,yes,yes,3.0,3.0,Sometimes,no,2.164718,no,1.999631,0.941336,Sometimes,Public_Transportation,Obesity_Type_III,0.8477611940298507
Female,0.25531914893617025,0.37735849056603765,0.5440298507462686,0.7433862433862435,yes,yes,3.0,3.0,Sometimes,no,2.770732,no,0.0,0.125235,Sometimes,Public_Transportation,Obesity_Type_III,0.5440298507462688
Female,0.25531914893617025,0.37735849056603765,0.5440298507462686,0.7407407407407407,yes,yes,3.0,3.0,Sometimes,no,2.814517,no,0.0,0.101598,Sometimes,Public_Transportation,Obesity_Type_III,0.5440298507462688
Female,0.25531914893617025,0.3962264150943393,0.4932835820895522,0.6613756613756614,yes,yes,3.0,3.0,Sometimes,no,1.626467,no,0.010183,0.412806,Sometimes,Public_Transportation,Obesity_Type_III,0.4932835820895522
Female,0.25531914893617025,0.3396226415094339,0.49552238805970156,0.7089947089947091,yes,yes,3.0,3.0,Sometimes,no,1.48075,no,0.098043,0.663492,Sometimes,Public_Transportation,Obesity_Type_III,0.49552238805970156
Female,0.25531914893617025,0.4150943396226414,0.49104477611940295,0.6507936507936509,yes,yes,3.0,3.0,Sometimes,no,1.526416,no,0.180158,0.747909,Sometimes,Public_Transportation,Obesity_Type_III,0.49104477611940295
Female,0.25531914893617025,0.35849056603773555,0.49253731343283574,0.6851851851851851,yes,yes,3.0,3.0,Sometimes,no,1.482002,no,0.204108,0.657221,Sometimes,Public_Transportation,Obesity_Type_III,0.4925373134328358
Female,0.25531914893617025,0.3962264150943393,0.5291044776119402,0.7142857142857144,yes,yes,3.0,3.0,Sometimes,no,1.610472,no,0.029728,0.472343,Sometimes,Public_Transportation,Obesity_Type_III,0.5291044776119403
Female,0.25531914893617025,0.35849056603773555,0.5291044776119402,0.732804232804233,yes,yes,3.0,3.0,Sometimes,no,1.530992,no,0.01586,0.445495,Sometimes,Public_Transportation,Obesity_Type_III,0.5291044776119403
Female,0.14893617021276595,0.4339622641509435,0.6164179104477612,0.8015873015873016,yes,yes,3.0,3.0,Sometimes,no,1.484938,no,0.74225,0.604692,Sometimes,Public_Transportation,Obesity_Type_III,0.6164179104477612
Female,0.19148936170212766,0.3962264150943393,0.6097014925373134,0.8121693121693123,yes,yes,3.0,3.0,Sometimes,no,1.91039,no,0.217455,0.77582,Sometimes,Public_Transportation,Obesity_Type_III,0.6097014925373134
Female,0.14893617021276595,0.49056603773584895,0.7067164179104477,0.8624338624338626,yes,yes,3.0,3.0,Sometimes,no,1.411365,no,1.564618,0.910683,Sometimes,Public_Transportation,Obesity_Type_III,0.7067164179104477
Female,0.14893617021276595,0.509433962264151,0.7082089552238806,0.8544973544973544,yes,yes,3.0,3.0,Sometimes,no,2.41752,no,1.556155,0.873936,Sometimes,Public_Transportation,Obesity_Type_III,0.7082089552238806
Female,0.25531914893617025,0.3207547169811322,0.5298507462686568,0.7619047619047619,yes,yes,3.0,3.0,Sometimes,no,2.688229,no,0.0,0.451377,Sometimes,Public_Transportation,Obesity_Type_III,0.5298507462686567
Female,0.25531914893617025,0.3207547169811322,0.5328358208955224,0.7645502645502646,yes,yes,3.0,3.0,Sometimes,no,2.695094,no,0.0,0.413474,Sometimes,Public_Transportation,Obesity_Type_III,0.5328358208955224
Female,0.25531914893617025,0.3207547169811322,0.535820895522388,0.7751322751322751,yes,yes,3.0,3.0,Sometimes,no,2.618198,no,0.0,0.380695,Sometimes,Public_Transportation,Obesity_Type_III,0.535820895522388
Female,0.25531914893617025,0.28301886792452846,0.5305970149253731,0.7910052910052909,yes,yes,3.0,3.0,Sometimes,no,2.555189,no,0.0,0.462973,Sometimes,Public_Transportation,Obesity_Type_III,0.5305970149253731
Female,0.14893617021276595,0.5283018867924527,0.6932835820895522,0.8201058201058202,yes,yes,3.0,3.0,Sometimes,no,1.419136,no,1.700889,0.930888,Sometimes,Public_Transportation,Obesity_Type_III,0.6932835820895523
Female,0.14893617021276595,0.5283018867924527,0.6932835820895522,0.8227513227513228,yes,yes,3.0,3.0,Sometimes,no,1.422483,no,1.708971,0.673009,Sometimes,Public_Transportation,Obesity_Type_III,0.6932835820895523
Female,0.19148936170212766,0.4339622641509435,0.5634328358208955,0.732804232804233,yes,yes,3.0,3.0,Sometimes,no,2.426094,no,0.294763,0.737226,Sometimes,Public_Transportation,Obesity_Type_III,0.5634328358208955
Female,0.21276595744680848,0.35849056603773555,0.558955223880597,0.7804232804232805,yes,yes,3.0,3.0,Sometimes,no,2.495961,no,0.189831,0.652289,Sometimes,Public_Transportation,Obesity_Type_III,0.558955223880597
Female,0.14893617021276595,0.5471698113207548,0.6649253731343283,0.7777777777777777,yes,yes,3.0,3.0,Sometimes,no,1.797041,no,1.427413,0.966181,Sometimes,Public_Transportation,Obesity_Type_III,0.6649253731343283
Female,0.14893617021276595,0.5471698113207548,0.6701492537313434,0.7804232804232805,yes,yes,3.0,3.0,Sometimes,no,1.768111,no,0.616503,0.968151,Sometimes,Public_Transportation,Obesity_Type_III,0.6701492537313434
Female,0.12765957446808512,0.6415094339622645,0.8462686567164179,0.91005291005291,yes,yes,3.0,3.0,Sometimes,no,2.365188,no,1.256115,0.760091,Sometimes,Public_Transportation,Obesity_Type_III,0.8462686567164179
Female,0.12765957446808512,0.6792452830188682,0.8447761194029848,0.8835978835978837,yes,yes,3.0,3.0,Sometimes,no,2.299156,no,1.699056,0.729722,Sometimes,Public_Transportation,Obesity_Type_III,0.844776119402985
Female,0.10638297872340424,0.5471698113207548,0.7037313432835821,0.8148148148148149,yes,yes,3.0,3.0,Sometimes,no,2.684819,no,1.46525,0.804491,Sometimes,Public_Transportation,Obesity_Type_III,0.7037313432835822
Female,0.12765957446808512,0.5660377358490565,0.7082089552238806,0.8148148148148149,yes,yes,3.0,3.0,Sometimes,no,2.84174,no,1.429256,0.775378,Sometimes,Public_Transportation,Obesity_Type_III,0.7082089552238806
Female,0.21276595744680848,0.49056603773584895,0.5552238805970149,0.67989417989418,yes,yes,3.0,3.0,Sometimes,no,2.796894,no,0.382189,0.16779,Sometimes,Public_Transportation,Obesity_Type_III,0.555223880597015
Female,0.23404255319148937,0.4528301886792452,0.5559701492537312,0.7116402116402116,yes,yes,3.0,3.0,Sometimes,no,2.987718,no,0.387074,0.283804,Sometimes,Public_Transportation,Obesity_Type_III,0.5559701492537313
Female,0.25531914893617025,0.35849056603773555,0.5440298507462686,0.7592592592592593,yes,yes,3.0,3.0,Sometimes,no,2.675567,no,0.0,0.081929,Sometimes,Public_Transportation,Obesity_Type_III,0.5440298507462688
Female,0.25531914893617025,0.37735849056603765,0.5440298507462686,0.7380952380952381,yes,yes,3.0,3.0,Sometimes,no,2.770125,no,0.0,0.088236,Sometimes,Public_Transportation,Obesity_Type_III,0.5440298507462688
Female,0.25531914893617025,0.35849056603773555,0.5440298507462686,0.753968253968254,yes,yes,3.0,3.0,Sometimes,no,2.621877,no,0.0,0.153669,Sometimes,Public_Transportation,Obesity_Type_III,0.5440298507462688
Female,0.25531914893617025,0.35849056603773555,0.5440298507462686,0.7513227513227514,yes,yes,3.0,3.0,Sometimes,no,2.72005,no,0.0,0.127443,Sometimes,Public_Transportation,Obesity_Type_III,0.5440298507462688
Female,0.25531914893617025,0.3396226415094339,0.49104477611940295,0.6984126984126984,yes,yes,3.0,3.0,Sometimes,no,2.436097,no,0.129178,0.683736,Sometimes,Public_Transportation,Obesity_Type_III,0.49104477611940295
Female,0.25531914893617025,0.37735849056603765,0.49104477611940295,0.6746031746031746,yes,yes,3.0,3.0,Sometimes,no,2.535629,no,0.152713,0.7702,Sometimes,Public_Transportation,Obesity_Type_III,0.49104477611940295
Female,0.25531914893617025,0.30188679245283057,0.5074626865671641,0.7433862433862435,yes,yes,3.0,3.0,Sometimes,no,2.678779,no,0.0,0.508848,Sometimes,Public_Transportation,Obesity_Type_III,0.5074626865671642
Female,0.25531914893617025,0.3396226415094339,0.5052238805970148,0.7222222222222221,yes,yes,3.0,3.0,Sometimes,no,2.569713,no,0.0,0.396972,Sometimes,Public_Transportation,Obesity_Type_III,0.505223880597015
Female,0.14893617021276595,0.5283018867924527,0.6925373134328359,0.8253968253968256,yes,yes,3.0,3.0,Sometimes,no,1.759352,no,1.469928,0.950438,Sometimes,Public_Transportation,Obesity_Type_III,0.6925373134328359
Female,0.14893617021276595,0.509433962264151,0.6865671641791045,0.8253968253968256,yes,yes,3.0,3.0,Sometimes,no,1.837184,no,1.525165,0.926443,Sometimes,Public_Transportation,Obesity_Type_III,0.6865671641791045
Female,0.21276595744680848,0.5471698113207548,0.7,0.8121693121693123,yes,yes,3.0,3.0,Sometimes,no,2.856795,no,1.046463,0.586163,Sometimes,Public_Transportation,Obesity_Type_III,0.7000000000000001
Female,0.21276595744680848,0.5471698113207548,0.7029850746268655,0.8227513227513228,yes,yes,3.0,3.0,Sometimes,no,2.846259,no,1.295759,0.723154,Sometimes,Public_Transportation,Obesity_Type_III,0.7029850746268655
Female,0.25531914893617025,0.3207547169811322,0.47164179104477616,0.6825396825396826,yes,yes,3.0,3.0,Sometimes,no,1.067716,no,0.030541,1.0,Sometimes,Public_Transportation,Obesity_Type_III,0.47164179104477616
Female,0.25531914893617025,0.35849056603773555,0.4723880597014925,0.656084656084656,yes,yes,3.0,3.0,Sometimes,no,1.029241,no,0.075776,1.0,Sometimes,Public_Transportation,Obesity_Type_III,0.4723880597014925
Female,0.25531914893617025,0.2641509433962268,0.4768656716417911,0.7301587301587302,yes,yes,3.0,3.0,Sometimes,no,1.074412,no,0.006265,0.845633,Sometimes,Public_Transportation,Obesity_Type_III,0.4768656716417911
Female,0.25531914893617025,0.30188679245283057,0.4723880597014925,0.7037037037037037,yes,yes,3.0,3.0,Sometimes,no,1.030501,no,0.06582,0.991473,Sometimes,Public_Transportation,Obesity_Type_III,0.4723880597014925
Female,0.10638297872340424,0.6981132075471699,0.767910447761194,0.7936507936507937,yes,yes,3.0,3.0,Sometimes,no,2.699675,no,1.520818,0.76399,Sometimes,Public_Transportation,Obesity_Type_III,0.7679104477611941
Female,0.08510638297872342,0.6792452830188682,0.7559701492537314,0.7910052910052909,yes,yes,3.0,3.0,Sometimes,no,2.830247,no,1.783138,0.789064,Sometimes,Public_Transportation,Obesity_Type_III,0.7559701492537314
Female,0.12765957446808512,0.6981132075471699,0.8462686567164179,0.8756613756613758,yes,yes,3.0,3.0,Sometimes,no,2.305521,no,1.956278,0.92376,Sometimes,Public_Transportation,Obesity_Type_III,0.8462686567164179
Female,0.08510638297872342,0.6981132075471699,0.8380597014925373,0.8650793650793651,yes,yes,3.0,3.0,Sometimes,no,2.155926,no,1.999836,0.94603,Sometimes,Public_Transportation,Obesity_Type_III,0.8380597014925374
Female,0.25531914893617025,0.3962264150943393,0.5440298507462686,0.7354497354497354,yes,yes,3.0,3.0,Sometimes,no,2.784303,no,0.0,0.127775,Sometimes,Public_Transportation,Obesity_Type_III,0.5440298507462688
Female,0.25531914893617025,0.37735849056603765,0.544776119402985,0.746031746031746,yes,yes,3.0,3.0,Sometimes,no,2.786417,no,0.0,0.079673,Sometimes,Public_Transportation,Obesity_Type_III,0.5447761194029851
Female,0.25531914893617025,0.3207547169811322,0.5388059701492538,0.7724867724867726,yes,yes,3.0,3.0,Sometimes,no,2.707201,no,0.0,0.167272,Sometimes,Public_Transportation,Obesity_Type_III,0.5388059701492538
Female,0.25531914893617025,0.35849056603773555,0.5373134328358209,0.7486772486772486,yes,yes,3.0,3.0,Sometimes,no,2.709428,no,0.0,0.228486,Sometimes,Public_Transportation,Obesity_Type_III,0.5373134328358209
Female,0.23404255319148937,0.4339622641509435,0.49104477611940295,0.634920634920635,yes,yes,3.0,3.0,Sometimes,no,1.525127,no,0.220825,0.896105,Sometimes,Public_Transportation,Obesity_Type_III,0.49104477611940295
Female,0.25531914893617025,0.4150943396226414,0.48955223880597004,0.6481481481481481,yes,yes,3.0,3.0,Sometimes,no,1.554925,no,0.209586,0.823069,Sometimes,Public_Transportation,Obesity_Type_III,0.4895522388059701
Female,0.23404255319148937,0.4150943396226414,0.4902985074626866,0.6455026455026455,yes,yes,3.0,3.0,Sometimes,no,1.170515,no,0.264831,0.896842,Sometimes,Public_Transportation,Obesity_Type_III,0.4902985074626866
Female,0.25531914893617025,0.4150943396226414,0.49104477611940295,0.6507936507936509,yes,yes,3.0,3.0,Sometimes,no,1.436616,no,0.167086,0.764717,Sometimes,Public_Transportation,Obesity_Type_III,0.49104477611940295
Female,0.14893617021276595,0.4716981132075473,0.6529850746268657,0.8121693121693123,yes,yes,3.0,3.0,Sometimes,no,1.242832,no,0.530925,0.575969,Sometimes,Public_Transportation,Obesity_Type_III,0.6529850746268657
Female,0.14893617021276595,0.5283018867924527,0.6425373134328358,0.7566137566137567,yes,yes,3.0,3.0,Sometimes,no,1.54249,no,0.6277,0.450479,Sometimes,Public_Transportation,Obesity_Type_III,0.6425373134328358
Female,0.14893617021276595,0.49056603773584895,0.6865671641791045,0.843915343915344,yes,yes,3.0,3.0,Sometimes,no,1.205548,no,1.723934,0.952352,Sometimes,Public_Transportation,Obesity_Type_III,0.6865671641791045
Female,0.14893617021276595,0.509433962264151,0.6858208955223881,0.8306878306878307,yes,yes,3.0,3.0,Sometimes,no,1.301657,no,1.718543,0.947884,Sometimes,Public_Transportation,Obesity_Type_III,0.6858208955223881
Female,0.25531914893617025,0.3207547169811322,0.5373134328358209,0.7671957671957672,yes,yes,3.0,3.0,Sometimes,no,2.704315,no,0.0,0.322666,Sometimes,Public_Transportation,Obesity_Type_III,0.5373134328358209
Female,0.25531914893617025,0.2641509433962268,0.5343283582089551,0.806878306878307,yes,yes,3.0,3.0,Sometimes,no,2.639816,no,0.0,0.452236,Sometimes,Public_Transportation,Obesity_Type_III,0.5343283582089552
Female,0.25531914893617025,0.3396226415094339,0.535820895522388,0.7645502645502646,yes,yes,3.0,3.0,Sometimes,no,2.708927,no,0.0,0.278962,Sometimes,Public_Transportation,Obesity_Type_III,0.535820895522388
Female,0.25531914893617025,0.3207547169811322,0.535820895522388,0.7671957671957672,yes,yes,3.0,3.0,Sometimes,no,2.704827,no,0.0,0.269577,Sometimes,Public_Transportation,Obesity_Type_III,0.535820895522388
Female,0.17021276595744683,0.5283018867924527,0.7149253731343284,0.8492063492063493,yes,yes,3.0,3.0,Sometimes,no,1.3954,no,1.931173,0.878258,Sometimes,Public_Transportation,Obesity_Type_III,0.7149253731343285
Female,0.17021276595744683,0.5471698113207548,0.7186567164179105,0.843915343915344,yes,yes,3.0,3.0,Sometimes,no,2.611654,no,1.618512,0.868788,Sometimes,Public_Transportation,Obesity_Type_III,0.7186567164179105
Female,0.14893617021276595,0.5660377358490565,0.7082089552238806,0.8148148148148149,yes,yes,3.0,3.0,Sometimes,no,2.868167,no,1.48372,0.83509,Sometimes,Public_Transportation,Obesity_Type_III,0.7082089552238806
Female,0.14893617021276595,0.5660377358490565,0.7067164179104477,0.8121693121693123,yes,yes,3.0,3.0,Sometimes,no,2.247979,no,1.609938,0.849236,Sometimes,Public_Transportation,Obesity_Type_III,0.7067164179104477
Female,0.12765957446808512,0.6226415094339623,0.7373134328358208,0.8095238095238095,yes,yes,3.0,3.0,Sometimes,no,2.702789,no,1.606109,0.731213,Sometimes,Public_Transportation,Obesity_Type_III,0.737313432835821
Female,0.14893617021276595,0.5471698113207548,0.7216417910447759,0.8412698412698412,yes,yes,3.0,3.0,Sometimes,no,1.663213,no,1.094035,0.786665,Sometimes,Public_Transportation,Obesity_Type_III,0.721641791044776
Female,0.12765957446808512,0.6981132075471699,0.8582089552238805,0.8888888888888891,yes,yes,3.0,3.0,Sometimes,no,2.414739,no,1.917014,0.927982,Sometimes,Public_Transportation,Obesity_Type_III,0.8582089552238806
Female,0.14893617021276595,0.6603773584905661,0.8671641791044775,0.9232804232804233,yes,yes,3.0,3.0,Sometimes,no,2.351193,no,1.051889,0.686491,Sometimes,Public_Transportation,Obesity_Type_III,0.8671641791044775
Female,0.14893617021276595,0.5660377358490565,0.7059701492537314,0.8148148148148149,yes,yes,3.0,3.0,Sometimes,no,2.896088,no,1.612741,0.77319,Sometimes,Public_Transportation,Obesity_Type_III,0.7059701492537312
Female,0.10638297872340424,0.5849056603773586,0.7082089552238806,0.8015873015873016,yes,yes,3.0,3.0,Sometimes,no,2.862408,no,1.456933,0.742423,Sometimes,Public_Transportation,Obesity_Type_III,0.7082089552238806
Female,0.14893617021276595,0.5660377358490565,0.7059701492537314,0.806878306878307,yes,yes,3.0,3.0,Sometimes,no,2.887659,no,1.480919,0.779641,Sometimes,Public_Transportation,Obesity_Type_III,0.7059701492537312
Female,0.14893617021276595,0.5849056603773586,0.7082089552238806,0.7962962962962963,yes,yes,3.0,3.0,Sometimes,no,2.893062,no,1.408177,0.807457,Sometimes,Public_Transportation,Obesity_Type_III,0.7082089552238806
Female,0.25531914893617025,0.3396226415094339,0.5440298507462686,0.7645502645502646,yes,yes,3.0,3.0,Sometimes,no,2.619517,no,0.0,0.140368,Sometimes,Public_Transportation,Obesity_Type_III,0.5440298507462688
Female,0.25531914893617025,0.3396226415094339,0.5440298507462686,0.7645502645502646,yes,yes,3.0,3.0,Sometimes,no,2.682804,no,0.0,0.15171,Sometimes,Public_Transportation,Obesity_Type_III,0.5440298507462688
Female,0.25531914893617025,0.35849056603773555,0.5432835820895523,0.753968253968254,yes,yes,3.0,3.0,Sometimes,no,2.552388,no,0.0,0.196288,Sometimes,Public_Transportation,Obesity_Type_III,0.5432835820895522
Female,0.25531914893617025,0.35849056603773555,0.5432835820895523,0.753968253968254,yes,yes,3.0,3.0,Sometimes,no,2.617401,no,0.0,0.200379,Sometimes,Public_Transportation,Obesity_Type_III,0.5432835820895522
Female,0.25531914893617025,0.35849056603773555,0.49104477611940295,0.6904761904761905,yes,yes,3.0,3.0,Sometimes,no,2.654636,no,0.069238,0.629578,Sometimes,Public_Transportation,Obesity_Type_III,0.49104477611940295
Female,0.25531914893617025,0.3396226415094339,0.4917910447761194,0.7037037037037037,yes,yes,3.0,3.0,Sometimes,no,2.569364,no,0.159255,0.419446,Sometimes,Public_Transportation,Obesity_Type_III,0.49179104477611946
Female,0.25531914893617025,0.30188679245283057,0.4917910447761194,0.7275132275132277,yes,yes,3.0,3.0,Sometimes,no,1.322004,no,0.0,0.539876,Sometimes,Public_Transportation,Obesity_Type_III,0.49179104477611946
Female,0.25531914893617025,0.3207547169811322,0.49253731343283574,0.716931216931217,yes,yes,3.0,3.0,Sometimes,no,1.292479,no,0.0,0.541309,Sometimes,Public_Transportation,Obesity_Type_III,0.4925373134328358
Female,0.19148936170212766,0.5471698113207548,0.7052238805970148,0.8174603174603174,yes,yes,3.0,3.0,Sometimes,no,2.839069,no,1.231031,0.792496,Sometimes,Public_Transportation,Obesity_Type_III,0.7052238805970149
Female,0.19148936170212766,0.5849056603773586,0.7052238805970148,0.8015873015873016,yes,yes,3.0,3.0,Sometimes,no,2.843782,no,1.302507,0.773807,Sometimes,Public_Transportation,Obesity_Type_III,0.7052238805970149
Female,0.10638297872340424,0.5660377358490565,0.7067164179104477,0.8174603174603174,yes,yes,3.0,3.0,Sometimes,no,2.858389,no,1.444382,0.713823,Sometimes,Public_Transportation,Obesity_Type_III,0.7067164179104477
Female,0.10638297872340424,0.5660377358490565,0.7067164179104477,0.8148148148148149,yes,yes,3.0,3.0,Sometimes,no,2.864933,no,1.501647,0.786846,Sometimes,Public_Transportation,Obesity_Type_III,0.7067164179104477
Female,0.25531914893617025,0.30188679245283057,0.47313432835820896,0.6984126984126984,yes,yes,3.0,3.0,Sometimes,no,1.031701,no,0.03465,0.912345,Sometimes,Public_Transportation,Obesity_Type_III,0.473134328358209
Female,0.25531914893617025,0.28301886792452846,0.4723880597014925,0.716931216931217,yes,yes,3.0,3.0,Sometimes,no,1.000536,no,0.005939,0.566353,Sometimes,Public_Transportation,Obesity_Type_III,0.4723880597014925
Female,0.25531914893617025,0.30188679245283057,0.4753731343283582,0.7037037037037037,yes,yes,3.0,3.0,Sometimes,no,1.020313,no,0.108386,1.0,Sometimes,Public_Transportation,Obesity_Type_III,0.4753731343283582
Female,0.25531914893617025,0.3207547169811322,0.47462686567164175,0.6851851851851851,yes,yes,3.0,3.0,Sometimes,no,1.063422,no,0.051097,0.543118,Sometimes,Public_Transportation,Obesity_Type_III,0.47462686567164175
Female,0.25531914893617025,0.3207547169811322,0.4917910447761194,0.716931216931217,yes,yes,3.0,3.0,Sometimes,no,2.45126,no,0.043689,0.670402,Sometimes,Public_Transportation,Obesity_Type_III,0.49179104477611946
Female,0.25531914893617025,0.30188679245283057,0.4917910447761194,0.7275132275132277,yes,yes,3.0,3.0,Sometimes,no,2.613504,no,0.067985,0.778632,Sometimes,Public_Transportation,Obesity_Type_III,0.49179104477611946
Female,0.25531914893617025,0.3207547169811322,0.494776119402985,0.7142857142857144,yes,yes,3.0,3.0,Sometimes,no,1.042989,no,0.097114,0.42954,Sometimes,Public_Transportation,Obesity_Type_III,0.49477611940298505
Female,0.25531914893617025,0.30188679245283057,0.49253731343283574,0.7222222222222221,yes,yes,3.0,3.0,Sometimes,no,1.237557,no,0.083675,0.543761,Sometimes,Public_Transportation,Obesity_Type_III,0.4925373134328358
Female,0.10638297872340424,0.6415094339622645,0.7402985074626864,0.7989417989417991,yes,yes,3.0,3.0,Sometimes,no,2.83377,no,0.806422,0.672513,Sometimes,Public_Transportation,Obesity_Type_III,0.7402985074626864
Female,0.12765957446808512,0.6037735849056602,0.7395522388059701,0.8174603174603174,yes,yes,3.0,3.0,Sometimes,no,2.816052,no,1.571865,0.688058,Sometimes,Public_Transportation,Obesity_Type_III,0.7395522388059701
Female,0.14893617021276595,0.6415094339622645,0.7373134328358208,0.7910052910052909,yes,yes,3.0,3.0,Sometimes,no,2.682909,no,1.318743,0.900497,Sometimes,Public_Transportation,Obesity_Type_III,0.737313432835821
Female,0.17021276595744683,0.5849056603773586,0.7373134328358208,0.8333333333333335,yes,yes,3.0,3.0,Sometimes,no,2.640539,no,1.879818,0.885993,Sometimes,Public_Transportation,Obesity_Type_III,0.737313432835821
Female,0.08510638297872342,0.6792452830188682,0.7671641791044777,0.8042328042328042,yes,yes,3.0,3.0,Sometimes,no,2.472903,no,1.998047,0.840911,Sometimes,Public_Transportation,Obesity_Type_III,0.7671641791044777
Female,0.10638297872340424,0.5660377358490565,0.7723880597014925,0.8862433862433863,yes,yes,3.0,3.0,Sometimes,no,2.372058,no,1.324805,0.870795,Sometimes,Public_Transportation,Obesity_Type_III,0.7723880597014925
Female,0.12765957446808512,0.6792452830188682,0.8514925373134328,0.8994708994708995,yes,yes,3.0,3.0,Sometimes,no,2.387991,no,0.850715,0.656491,Sometimes,Public_Transportation,Obesity_Type_III,0.8514925373134328
Female,0.14893617021276595,0.6603773584905661,0.8470149253731343,0.9047619047619049,yes,yes,3.0,3.0,Sometimes,no,2.322003,no,0.886602,0.843283,Sometimes,Public_Transportation,Obesity_Type_III,0.8470149253731343
Female,0.25531914893617025,0.3396226415094339,0.5440298507462686,0.7645502645502646,yes,yes,3.0,3.0,Sometimes,no,2.737353,no,0.0,0.076094,Sometimes,Public_Transportation,Obesity_Type_III,0.5440298507462688
Female,0.25531914893617025,0.35849056603773555,0.5440298507462686,0.7566137566137567,yes,yes,3.0,3.0,Sometimes,no,2.739351,no,0.0,0.064769,Sometimes,Public_Transportation,Obesity_Type_III,0.5440298507462688
Female,0.25531914893617025,0.35849056603773555,0.5425373134328357,0.7513227513227514,yes,yes,3.0,3.0,Sometimes,no,2.632498,no,0.0,0.140792,Sometimes,Public_Transportation,Obesity_Type_III,0.5425373134328358
Female,0.25531914893617025,0.35849056603773555,0.5425373134328357,0.7513227513227514,yes,yes,3.0,3.0,Sometimes,no,2.632253,no,0.0,0.244205,Sometimes,Public_Transportation,Obesity_Type_III,0.5425373134328358
Female,0.25531914893617025,0.3207547169811322,0.4917910447761194,0.7116402116402116,yes,yes,3.0,3.0,Sometimes,no,2.57721,no,0.0,0.402075,Sometimes,Public_Transportation,Obesity_Type_III,0.49179104477611946
Female,0.25531914893617025,0.35849056603773555,0.49253731343283574,0.6904761904761905,yes,yes,3.0,3.0,Sometimes,no,2.419153,no,0.019404,0.597626,Sometimes,Public_Transportation,Obesity_Type_III,0.4925373134328358
Female,0.25531914893617025,0.30188679245283057,0.49552238805970156,0.732804232804233,yes,yes,3.0,3.0,Sometimes,no,2.609052,no,0.0,0.54859,Sometimes,Public_Transportation,Obesity_Type_III,0.49552238805970156
Female,0.25531914893617025,0.30188679245283057,0.49552238805970156,0.732804232804233,yes,yes,3.0,3.0,Sometimes,no,2.476002,no,0.0,0.546345,Sometimes,Public_Transportation,Obesity_Type_III,0.49552238805970156
Female,0.25531914893617025,0.3396226415094339,0.49104477611940295,0.7010582010582012,yes,yes,3.0,3.0,Sometimes,no,2.225139,no,0.035928,0.565315,Sometimes,Public_Transportation,Obesity_Type_III,0.49104477611940295
Female,0.25531914893617025,0.3396226415094339,0.49104477611940295,0.7010582010582012,yes,yes,3.0,3.0,Sometimes,no,2.556068,no,0.01682,0.58284,Sometimes,Public_Transportation,Obesity_Type_III,0.49104477611940295
Female,0.23404255319148937,0.4339622641509435,0.49104477611940295,0.6375661375661377,yes,yes,3.0,3.0,Sometimes,no,1.423073,no,0.197993,0.763359,Sometimes,Public_Transportation,Obesity_Type_III,0.49104477611940295
Female,0.23404255319148937,0.4528301886792452,0.49104477611940295,0.6322751322751323,yes,yes,3.0,3.0,Sometimes,no,1.299194,no,0.234303,0.946888,Sometimes,Public_Transportation,Obesity_Type_III,0.49104477611940295
Female,0.25531914893617025,0.3962264150943393,0.5365671641791045,0.716931216931217,yes,yes,3.0,3.0,Sometimes,no,1.679489,no,0.017804,0.21523,Sometimes,Public_Transportation,Obesity_Type_III,0.5365671641791045
Female,0.25531914893617025,0.4339622641509435,0.5343283582089551,0.6984126984126984,yes,yes,3.0,3.0,Sometimes,no,1.49583,no,0.109327,0.384129,Sometimes,Public_Transportation,Obesity_Type_III,0.5343283582089552
Female,0.25531914893617025,0.3207547169811322,0.5305970149253731,0.7592592592592593,yes,yes,3.0,3.0,Sometimes,no,1.81786,no,0.011161,0.447224,Sometimes,Public_Transportation,Obesity_Type_III,0.5305970149253731
Female,0.25531914893617025,0.3396226415094339,0.5305970149253731,0.7566137566137567,yes,yes,3.0,3.0,Sometimes,no,1.967707,no,0.01437,0.434073,Sometimes,Public_Transportation,Obesity_Type_III,0.5305970149253731
Female,0.10638297872340424,0.4339622641509435,0.6597014925373135,0.8465608465608465,yes,yes,3.0,3.0,Sometimes,no,1.441289,no,1.425712,0.662277,Sometimes,Public_Transportation,Obesity_Type_III,0.6597014925373135
Female,0.10638297872340424,0.4150943396226414,0.6499999999999999,0.8518518518518521,yes,yes,3.0,3.0,Sometimes,no,1.144539,no,0.922014,0.899673,Sometimes,Public_Transportation,Obesity_Type_III,0.6499999999999999
Female,0.14893617021276595,0.4528301886792452,0.6186567164179104,0.7883597883597884,yes,yes,3.0,3.0,Sometimes,no,1.353167,no,1.093679,0.534553,Sometimes,Public_Transportation,Obesity_Type_III,0.6186567164179105
Female,0.14893617021276595,0.4528301886792452,0.6253731343283582,0.7883597883597884,yes,yes,3.0,3.0,Sometimes,no,1.409444,no,0.933595,0.840393,Sometimes,Public_Transportation,Obesity_Type_III,0.6253731343283582
Female,0.17021276595744683,0.5849056603773586,0.7082089552238806,0.8042328042328042,yes,yes,3.0,3.0,Sometimes,no,1.959287,no,1.433151,0.911335,Sometimes,Public_Transportation,Obesity_Type_III,0.7082089552238806
Female,0.17021276595744683,0.5660377358490565,0.7037313432835821,0.8095238095238095,yes,yes,3.0,3.0,Sometimes,no,1.931163,no,1.562213,0.926565,Sometimes,Public_Transportation,Obesity_Type_III,0.7037313432835822
Female,0.14893617021276595,0.509433962264151,0.691044776119403,0.8333333333333335,yes,yes,3.0,3.0,Sometimes,no,1.651462,no,1.655993,0.939982,Sometimes,Public_Transportation,Obesity_Type_III,0.691044776119403
Female,0.14893617021276595,0.509433962264151,0.6932835820895522,0.8306878306878307,yes,yes,3.0,3.0,Sometimes,no,1.683448,no,1.645532,0.858059,Sometimes,Public_Transportation,Obesity_Type_III,0.6932835820895523
Female,0.25531914893617025,0.3207547169811322,0.5298507462686568,0.7592592592592593,yes,yes,3.0,3.0,Sometimes,no,2.395387,no,0.000272,0.461532,Sometimes,Public_Transportation,Obesity_Type_III,0.5298507462686567
Female,0.25531914893617025,0.3207547169811322,0.5298507462686568,0.7592592592592593,yes,yes,3.0,3.0,Sometimes,no,2.523793,no,0.0,0.383953,Sometimes,Public_Transportation,Obesity_Type_III,0.5298507462686567
Female,0.25531914893617025,0.3396226415094339,0.5388059701492538,0.7592592592592593,yes,yes,3.0,3.0,Sometimes,no,2.638896,no,0.0,0.224559,Sometimes,Public_Transportation,Obesity_Type_III,0.5388059701492538
Female,0.25531914893617025,0.35849056603773555,0.5365671641791045,0.746031746031746,yes,yes,3.0,3.0,Sometimes,no,2.666178,no,0.0,0.276907,Sometimes,Public_Transportation,Obesity_Type_III,0.5365671641791045
Female,0.25531914893617025,0.3396226415094339,0.5395522388059701,0.7645502645502646,yes,yes,3.0,3.0,Sometimes,no,2.495851,no,0.0,0.218645,Sometimes,Public_Transportation,Obesity_Type_III,0.5395522388059701
Female,0.25531914893617025,0.3207547169811322,0.541044776119403,0.7751322751322751,yes,yes,3.0,3.0,Sometimes,no,2.609188,no,0.0,0.17403,Sometimes,Public_Transportation,Obesity_Type_III,0.5410447761194029
Female,0.25531914893617025,0.3207547169811322,0.5298507462686568,0.7592592592592593,yes,yes,3.0,3.0,Sometimes,no,2.471721,no,9.6e-05,0.433463,Sometimes,Public_Transportation,Obesity_Type_III,0.5298507462686567
Female,0.25531914893617025,0.2641509433962268,0.5313432835820895,0.8042328042328042,yes,yes,3.0,3.0,Sometimes,no,2.447306,no,0.000454,0.486558,Sometimes,Public_Transportation,Obesity_Type_III,0.5313432835820896
Female,0.14893617021276595,0.5283018867924527,0.6947761194029851,0.8227513227513228,yes,yes,3.0,3.0,Sometimes,no,1.674061,no,1.683497,0.780199,Sometimes,Public_Transportation,Obesity_Type_III,0.694776119402985
Female,0.14893617021276595,0.509433962264151,0.6947761194029851,0.835978835978836,yes,yes,3.0,3.0,Sometimes,no,1.678791,no,1.68249,0.818871,Sometimes,Public_Transportation,Obesity_Type_III,0.694776119402985
Female,0.17021276595744683,0.509433962264151,0.696268656716418,0.8386243386243388,yes,yes,3.0,3.0,Sometimes,no,1.777805,no,1.584716,0.927341,Sometimes,Public_Transportation,Obesity_Type_III,0.696268656716418
Female,0.17021276595744683,0.4716981132075473,0.7022388059701492,0.8756613756613758,yes,yes,3.0,3.0,Sometimes,no,1.733306,no,1.773304,0.921136,Sometimes,Public_Transportation,Obesity_Type_III,0.7022388059701492
Female,0.21276595744680848,0.4339622641509435,0.5634328358208955,0.7275132275132277,yes,yes,3.0,3.0,Sometimes,no,2.435978,no,0.232742,0.692608,Sometimes,Public_Transportation,Obesity_Type_III,0.5634328358208955
Female,0.21276595744680848,0.4716981132075473,0.5634328358208955,0.7063492063492065,yes,yes,3.0,3.0,Sometimes,no,2.909675,no,0.360908,0.573887,Sometimes,Public_Transportation,Obesity_Type_III,0.5634328358208955
Female,0.21276595744680848,0.37735849056603765,0.5582089552238805,0.7619047619047619,yes,yes,3.0,3.0,Sometimes,no,2.75137,no,0.324913,0.516764,Sometimes,Public_Transportation,Obesity_Type_III,0.5582089552238806
Female,0.23404255319148937,0.4150943396226414,0.5522388059701493,0.7301587301587302,yes,yes,3.0,3.0,Sometimes,no,2.887909,no,0.312923,0.210997,Sometimes,Public_Transportation,Obesity_Type_III,0.5522388059701493
Female,0.10638297872340424,0.5660377358490565,0.6694029850746268,0.7724867724867726,yes,yes,3.0,3.0,Sometimes,no,2.411582,no,0.985287,0.675076,Sometimes,Public_Transportation,Obesity_Type_III,0.6694029850746268
Female,0.08510638297872342,0.5471698113207548,0.655223880597015,0.76984126984127,yes,yes,3.0,3.0,Sometimes,no,2.38639,no,1.544632,0.900067,Sometimes,Public_Transportation,Obesity_Type_III,0.6552238805970149
Female,0.12765957446808512,0.5660377358490565,0.6649253731343283,0.7671957671957672,yes,yes,3.0,3.0,Sometimes,no,2.232601,no,0.554323,0.836151,Sometimes,Public_Transportation,Obesity_Type_III,0.6649253731343283
Female,0.12765957446808512,0.509433962264151,0.6753731343283582,0.8201058201058202,yes,yes,3.0,3.0,Sometimes,no,1.755907,no,1.48809,0.857718,Sometimes,Public_Transportation,Obesity_Type_III,0.6753731343283582
Female,0.14893617021276595,0.5660377358490565,0.8082089552238807,0.9312169312169314,yes,yes,3.0,3.0,Sometimes,no,2.336349,no,1.4164,0.711724,Sometimes,Public_Transportation,Obesity_Type_III,0.8082089552238807
Female,0.12765957446808512,0.6981132075471699,0.7731343283582088,0.7962962962962963,yes,yes,3.0,3.0,Sometimes,no,2.562002,no,1.976427,0.740331,Sometimes,Public_Transportation,Obesity_Type_III,0.7731343283582089
Female,0.10638297872340424,0.6792452830188682,0.8320895522388059,0.873015873015873,yes,yes,3.0,3.0,Sometimes,no,2.305574,no,1.734424,0.863043,Sometimes,Public_Transportation,Obesity_Type_III,0.832089552238806
Female,0.14893617021276595,0.5471698113207548,0.8313432835820895,0.9708994708994709,yes,yes,3.0,3.0,Sometimes,no,2.319912,no,1.582675,0.680746,Sometimes,Public_Transportation,Obesity_Type_III,0.8313432835820896
Female,0.10638297872340424,0.5471698113207548,0.7074626865671643,0.8227513227513228,yes,yes,3.0,3.0,Sometimes,no,2.70196,no,1.465909,0.813235,Sometimes,Public_Transportation,Obesity_Type_III,0.7074626865671643
Female,0.08510638297872342,0.5471698113207548,0.7014925373134329,0.8148148148148149,yes,yes,3.0,3.0,Sometimes,no,2.474518,no,1.560261,0.662489,Sometimes,Public_Transportation,Obesity_Type_III,0.7014925373134329
Female,0.17021276595744683,0.5660377358490565,0.7074626865671643,0.8121693121693123,yes,yes,3.0,3.0,Sometimes,no,2.748569,no,1.427037,0.902825,Sometimes,Public_Transportation,Obesity_Type_III,0.7074626865671643
Female,0.17021276595744683,0.5660377358490565,0.708955223880597,0.8148148148148149,yes,yes,3.0,3.0,Sometimes,no,2.827773,no,1.412357,0.901071,Sometimes,Public_Transportation,Obesity_Type_III,0.7089552238805971
Female,0.21276595744680848,0.3962264150943393,0.5529850746268656,0.7380952380952381,yes,yes,3.0,3.0,Sometimes,no,2.632224,no,0.300964,0.26956,Sometimes,Public_Transportation,Obesity_Type_III,0.5529850746268656
Female,0.23404255319148937,0.4150943396226414,0.5492537313432835,0.7248677248677249,yes,yes,3.0,3.0,Sometimes,no,2.868679,no,0.115369,0.028583,Sometimes,Public_Transportation,Obesity_Type_III,0.5492537313432836
Female,0.25531914893617025,0.4150943396226414,0.5462686567164179,0.7222222222222221,yes,yes,3.0,3.0,Sometimes,no,2.930137,no,0.043101,0.138629,Sometimes,Public_Transportation,Obesity_Type_III,0.5462686567164179
Female,0.25531914893617025,0.3962264150943393,0.5455223880597013,0.7301587301587302,yes,yes,3.0,3.0,Sometimes,no,2.961899,no,0.259424,0.080128,Sometimes,Public_Transportation,Obesity_Type_III,0.5455223880597014
Female,0.25531914893617025,0.3396226415094339,0.5432835820895523,0.7645502645502646,yes,yes,3.0,3.0,Sometimes,no,2.550672,no,0.0,0.224655,Sometimes,Public_Transportation,Obesity_Type_III,0.5432835820895522
Female,0.25531914893617025,0.3396226415094339,0.5440298507462686,0.7645502645502646,yes,yes,3.0,3.0,Sometimes,no,2.584305,no,0.0,0.232108,Sometimes,Public_Transportation,Obesity_Type_III,0.5440298507462688
Female,0.25531914893617025,0.3396226415094339,0.5440298507462686,0.7645502645502646,yes,yes,3.0,3.0,Sometimes,no,2.621976,no,0.0,0.123861,Sometimes,Public_Transportation,Obesity_Type_III,0.5440298507462688
Female,0.25531914893617025,0.35849056603773555,0.5440298507462686,0.7513227513227514,yes,yes,3.0,3.0,Sometimes,no,2.722276,no,0.0,0.091711,Sometimes,Public_Transportation,Obesity_Type_III,0.5440298507462688
Female,0.25531914893617025,0.35849056603773555,0.5417910447761194,0.7513227513227514,yes,yes,3.0,3.0,Sometimes,no,2.634342,no,0.0,0.178301,Sometimes,Public_Transportation,Obesity_Type_III,0.5417910447761194
Female,0.25531914893617025,0.3396226415094339,0.5402985074626865,0.76984126984127,yes,yes,3.0,3.0,Sometimes,no,2.61939,no,0.0,0.171034,Sometimes,Public_Transportation,Obesity_Type_III,0.5402985074626866
Female,0.25531914893617025,0.37735849056603765,0.5440298507462686,0.7486772486772486,yes,yes,3.0,3.0,Sometimes,no,2.78678,no,0.0,0.09776,Sometimes,Public_Transportation,Obesity_Type_III,0.5440298507462688
Female,0.25531914893617025,0.35849056603773555,0.5440298507462686,0.7513227513227514,yes,yes,3.0,3.0,Sometimes,no,2.768141,no,0.0,0.094213,Sometimes,Public_Transportation,Obesity_Type_III,0.5440298507462688
Female,0.25531914893617025,0.3207547169811322,0.49253731343283574,0.716931216931217,yes,yes,3.0,3.0,Sometimes,no,1.71659,no,0.001272,0.545993,Sometimes,Public_Transportation,Obesity_Type_III,0.4925373134328358
Female,0.25531914893617025,0.3396226415094339,0.4917910447761194,0.7037037037037037,yes,yes,3.0,3.0,Sometimes,no,2.094901,no,0.07089,0.599441,Sometimes,Public_Transportation,Obesity_Type_III,0.49179104477611946
Female,0.25531914893617025,0.3396226415094339,0.49253731343283574,0.7063492063492065,yes,yes,3.0,3.0,Sometimes,no,2.347322,no,0.008013,0.503896,Sometimes,Public_Transportation,Obesity_Type_III,0.4925373134328358
Female,0.25531914893617025,0.30188679245283057,0.49253731343283574,0.732804232804233,yes,yes,3.0,3.0,Sometimes,no,2.331123,no,0.063383,0.561661,Sometimes,Public_Transportation,Obesity_Type_III,0.4925373134328358
Female,0.25531914893617025,0.3396226415094339,0.5156716417910447,0.732804232804233,yes,yes,3.0,3.0,Sometimes,no,1.757105,no,0.085119,0.465444,Sometimes,Public_Transportation,Obesity_Type_III,0.5156716417910447
Female,0.25531914893617025,0.3396226415094339,0.5104477611940299,0.7275132275132277,yes,yes,3.0,3.0,Sometimes,no,2.506631,no,0.025787,0.484165,Sometimes,Public_Transportation,Obesity_Type_III,0.5104477611940299
Female,0.25531914893617025,0.3396226415094339,0.508955223880597,0.7248677248677249,yes,yes,3.0,3.0,Sometimes,no,2.48707,no,0.067329,0.455823,Sometimes,Public_Transportation,Obesity_Type_III,0.508955223880597
Female,0.25531914893617025,0.3396226415094339,0.5156716417910447,0.7354497354497354,yes,yes,3.0,3.0,Sometimes,no,2.320068,no,0.045246,0.413106,Sometimes,Public_Transportation,Obesity_Type_III,0.5156716417910447
Female,0.14893617021276595,0.509433962264151,0.7014925373134329,0.8386243386243388,yes,yes,3.0,3.0,Sometimes,no,1.650612,no,1.537639,0.912457,Sometimes,Public_Transportation,Obesity_Type_III,0.7014925373134329
Female,0.17021276595744683,0.5283018867924527,0.7014925373134329,0.8280423280423279,yes,yes,3.0,3.0,Sometimes,no,1.610768,no,1.510398,0.931455,Sometimes,Public_Transportation,Obesity_Type_III,0.7014925373134329
Female,0.14893617021276595,0.5283018867924527,0.6888059701492537,0.8201058201058202,yes,yes,3.0,3.0,Sometimes,no,1.796267,no,1.728332,0.897924,Sometimes,Public_Transportation,Obesity_Type_III,0.6888059701492538
Female,0.14893617021276595,0.49056603773584895,0.6895522388059703,0.843915343915344,yes,yes,3.0,3.0,Sometimes,no,1.728139,no,1.676269,0.906247,Sometimes,Public_Transportation,Obesity_Type_III,0.6895522388059702
Female,0.17021276595744683,0.5660377358490565,0.7067164179104477,0.8121693121693123,yes,yes,3.0,3.0,Sometimes,no,2.00513,no,1.34139,0.59927,Sometimes,Public_Transportation,Obesity_Type_III,0.7067164179104477
Female,0.19148936170212766,0.5660377358490565,0.7067164179104477,0.806878306878307,yes,yes,3.0,3.0,Sometimes,no,2.054193,no,1.414209,0.646288,Sometimes,Public_Transportation,Obesity_Type_III,0.7067164179104477
Female,0.21276595744680848,0.5471698113207548,0.7037313432835821,0.8227513227513228,yes,yes,3.0,3.0,Sometimes,no,2.852339,no,1.139107,0.586035,Sometimes,Public_Transportation,Obesity_Type_III,0.7037313432835822
Female,0.21276595744680848,0.5471698113207548,0.7052238805970148,0.8227513227513228,yes,yes,3.0,3.0,Sometimes,no,2.863513,no,1.026452,0.714137,Sometimes,Public_Transportation,Obesity_Type_III,0.7052238805970149
